EMAIL,TEL,CONAME,BIZADD,HREF,DATE_SCRAPED,FAILMSG
nhtan@southernlatex.com,04 - 5828181,SOUTHERN LATEX PRODUCTS SDN BHD,"LOT 362, MK 12, VALDOR SG BAKAP SEBERANG PRAI SELATAN 14200 PULAU PINANG",http://edirectory.matrade.gov.my/application/edirectory.nsf/profile?OpenForm&id=6741&sid=A7B027C1D7DA55A1F898CB4BB0AE996A,'2017-08-04,
hrd@wonwaymfg.com,03 - 32918888,WONWAY MANUFACTURING SDN BHD,"40, JALAN PENGASAH 2 OFF JALAN KAPAR 3 3/4 MILE, KLANG 42100 SELANGOR",http://edirectory.matrade.gov.my/application/edirectory.nsf/profile?OpenForm&id=6342&sid=5CEF75B778433380BB7D6E13D1DBB886,'2017-08-04,
subramd53@gmail.com,04 - 4224010,GALETAX CORPORATION SDN BHD,"57, JALAN SG TUKANG 2/1 KAW PERUSAHAAN SG TUKANG SG PETANI 08000 KEDAH",http://edirectory.matrade.gov.my/application/edirectory.nsf/profile?OpenForm&id=10881&sid=9CD502818191A1805C53C02D931FE441,'2017-08-04,
tlthum@cranberry.com.my,05 - 4348269,MULTISAFE SDN BHD,"LOT 764, BIDOR INDUSTRIAL ESTATE   35500 PERAK",http://edirectory.matrade.gov.my/application/edirectory.nsf/profile?OpenForm&id=50737&sid=5294AEC735FD6E85FF2BBD0633D96EBE,'2017-08-04,
hlang@2rabond.com,04 - 4852355,HANDGARDE SDN BHD,"LOT 2B, KULIM INDUSTRIAL ESTATE KULIM  09000 KEDAH",http://edirectory.matrade.gov.my/application/edirectory.nsf/profile?OpenForm&id=51584&sid=AF914131A9F4577E7393CA056E9475FD,'2017-08-04,
info@hartalega-kl.com.my,03 - 62771733,HARTALEGA SDN BHD,C-G-9 JALAN DATARAN SD1 DATARAN SD PJU 9 52200 KUALA LUMPUR,http://edirectory.matrade.gov.my/application/edirectory.nsf/profile?OpenForm&id=13432&sid=30DFB46BD54FDC49D2F8907A008226B3,'2017-08-04,
dgr.kathy@yahoo.com,03 - 32640125,DOMINOR GLOBAL RESOURCES SDN BHD,"LOT PT 4112, JALAN KERETAPI KAMPUNG API-API KUALA SELANGOR 45000 SELANGOR",http://edirectory.matrade.gov.my/application/edirectory.nsf/profile?OpenForm&id=52266&sid=048533307E52F4C16AB7E598E66767FA,'2017-08-04,
expertslb@yahoo.com,012 - 2727155,EXPERTS' INTER TRADE (M) SDN BHD,LOT 03-32 KOMPLEKS PKNS  40000 SELANGOR,http://edirectory.matrade.gov.my/application/edirectory.nsf/profile?OpenForm&id=12820&sid=D7BABD88C9D15A40CDFF7C505546F066,'2017-08-04,
sales@safeline-asia.com,04 - 4848288,SAFELINE ASIA SDN BHD,NO 262 LORONG DESA MAKMUR 7/2 TAMAN DESA MAKMUR LUNAS 09600 KEDAH,http://edirectory.matrade.gov.my/application/edirectory.nsf/profile?OpenForm&id=104803&sid=A65F5E7E4423374E9DF7245FE95F8616,'2017-08-04,
sales@adventa-health.com,03 - 77729321,ADVENTA HEALTH SDN BHD,"NO 21, JALAN TANDANG 51/205A, SEKSYEN 51 PETALING JAYA 46050 SELANGOR",http://edirectory.matrade.gov.my/application/edirectory.nsf/profile?OpenForm&id=13287&sid=999FDF61D9A79B0B3E6379D77A97950D,'2017-08-04,
profiteng7@gmail.com,03 - 60931121,PPE MANUFACTURING SDN BHD,NO 35 JALAN 1/3 RAWANG INTEGRATED INDUSTRIAL PARK 48000 SELANGOR,http://edirectory.matrade.gov.my/application/edirectory.nsf/profile?OpenForm&id=93777&sid=000B261B4B5A944363B237FBFD0CA653,'2017-08-04,
info@safetyware.net,04 - 5023882,SAFETYWARE SDN BHD,"PLOT 237, LENGKOK PERINDUSTRIAN BUKIT MINYAK 3, BUKIT MINYAK INDUSTRIAL ESTATE, SIMPANG AMPAT 14100 PULAU PINANG",http://edirectory.matrade.gov.my/application/edirectory.nsf/profile?OpenForm&id=11522&sid=71E8921DFE6CB3A14F50295D4F414FEA,'2017-08-04,
chemicalininfo@gmail.com,05 - 2919657,CHEMICALIN ENTERPRISE,"36, GROUND FLOOR SUSURAN ANJUNG TAWAS ANJUNG TAWAS SINARAN 30010 PERAK",http://edirectory.matrade.gov.my/application/edirectory.nsf/profile?OpenForm&id=78064&sid=8A31950631B0CC490E7C572B6D41AB3E,'2017-08-04,
bmaatrading@gmail.com,012 - 2115148,BMAA TRADING,"84, JALAN PUTRA   50350 KUALA LUMPUR",http://edirectory.matrade.gov.my/application/edirectory.nsf/profile?OpenForm&id=57139&sid=6C8E42D0CE1B2A9B6C2FFEB4D5FADAF9,'2017-08-04,
sales@fwkindustry.com,04 - 4215032,FWK INDUSTRY SDN BHD,"38 & 39, LRG SG TUKANG 1/4 KWS PERUSAHAAN SG TUKANG SG PETANI 08000 KEDAH",http://edirectory.matrade.gov.my/application/edirectory.nsf/profile?OpenForm&id=41640&sid=D8416A826A46EE1CD67145A19704091D,'2017-08-04,
michael.ng@klkrp.com.my,05 - 3121888,MASIF LATEX PRODUCTS SDN BHD,"LADANG PINJI, BAHAGIAN SENGAT KG KEPAYANG IPOH 31300 PERAK",http://edirectory.matrade.gov.my/application/edirectory.nsf/profile?OpenForm&id=33244&sid=4F7BF70AD8AE81A4F2F8551D76BBFFBB,'2017-08-04,
thineshtraders@gmail.com,014 - 3313509,THINESH TRADERS,"36, S 14/4 SUBANG JAYA  47500 SELANGOR",http://edirectory.matrade.gov.my/application/edirectory.nsf/profile?OpenForm&id=59974&sid=E9AA5DB7066669302A24C20E4A3A5F35,'2017-08-04,
anusha_m_au@yahoo.com.au,03 - 78469008,WORLDWIDE CONSULTANCY SERVICES,"43, JALAN KUBAH U8/62 BUKIT JELUTONG  40150 SELANGOR",http://edirectory.matrade.gov.my/application/edirectory.nsf/profile?OpenForm&id=60425&sid=F18A018E0040BB8FF0331DF9331349D5,'2017-08-04,
sales@hks-systems.com,012 - 4751070,HKS SYSTEMS,"1, LRG 7 CHOR SIN KHENG RD AIR ITAM 11500 PULAU PINANG",http://edirectory.matrade.gov.my/application/edirectory.nsf/profile?OpenForm&id=60796&sid=5AFEE335A314D4CE6B7EE00BA733F93E,'2017-08-04,
info@maxsilin.com,03 - 33440011,MAXSILIN PRODUCTS SDN BHD,"4-2-1, JALAN SETIA PRIMA (L) U13/L SETIA ALAM SECTION U13 SHAH ALAM 40170 SELANGOR",http://edirectory.matrade.gov.my/application/edirectory.nsf/profile?OpenForm&id=63938&sid=C171A33208CA1801FA4B65213C6D6D8D,'2017-08-04,
sales@nuponcorp.com,04 - 6452833,NUPON TECHNOLOGY SDN BHD,"56, GROUND & 1ST FLOOR LEBUH BKT KECIL SATU TAMAN SRI NIBONG, BAYAN LEPAS 11900 PULAU PINANG",http://edirectory.matrade.gov.my/application/edirectory.nsf/profile?OpenForm&id=5112&sid=57C9C2496D25CAD12AE9C2419C8E65E1,'2017-08-04,
sasworld2010@gmail.com,016 - 2285361,SAS WORLDWIDE SDN BHD,"10, JALAN TABOH 33/22 SEKSYEN 33 SHAH ALAM 40400 SELANGOR",http://edirectory.matrade.gov.my/application/edirectory.nsf/profile?OpenForm&id=65066&sid=7F81C253B952FFFB2A9406FCAECC8064,'2017-08-04,
techventureresources@gmail.com,03 - 78742043,TECH VENTURE RESOURCES,"LOT 213, BLOCK A3 LEISURE COMMERCE SQUARE 9, JALAN PJS 8/9, PETALING JAYA 46150 SELANGOR",http://edirectory.matrade.gov.my/application/edirectory.nsf/profile?OpenForm&id=5743&sid=D58060F97328F9803582D44926A7F17A,'2017-08-04,
lsiongh@yahoo.com,06 - 3364962,SUPERCARE TECNOLOGIES,"74,  JALAN CU 5 TAMAN CHENG UTAMA CHENG 75250 MELAKA",http://edirectory.matrade.gov.my/application/edirectory.nsf/profile?OpenForm&id=4910&sid=3B2C8C342702CB4F4DA5DCB6D4364646,'2017-08-04,
garyting5@gmail.com,03 - 32901866,GOTAJ CERAMICS SDN BHD,"5, JALAN 5, KLANG CENTRAL INDUSTRIAL PAR 5 1/2 MILES, OFF JALAN KAPAR KLANG 41400 SELANGOR",http://edirectory.matrade.gov.my/application/edirectory.nsf/profile?OpenForm&id=5832&sid=D74CAC4431E702C3DFA00AD8B7BECACF,'2017-08-04,
sales@puritex.com.my,603 - 5885 0162,PURITEX MANUFACTURER (M) SDN BHD,"NO 54 JALAN PBP 3, TAMAN PERIDUSTRIAN PUSAT BANDAR PUCHONG, SELANGOR  47100 SELANGOR",http://edirectory.matrade.gov.my/application/edirectory.nsf/profile?OpenForm&id=60845&sid=EC253F958902EEC51CE16E3F17E06DF3,'2017-08-04,
enquiry@royal-iris.com,03 - 41431151,IRIS NETWORK & RESOURCES,"20, LORONG WANGSA SIAGA 2 WANGSA MELAWATI KUALA LUMPUR 53300 KUALA LUMPUR",http://edirectory.matrade.gov.my/application/edirectory.nsf/profile?OpenForm&id=67425&sid=1BC88507A4EE2B093293B80ECE09A9E7,'2017-08-04,
yien@smartglove.com.my,03 - 32916100,SMART GLOVE CORPORATION SDN BHD,"LOT 6487, 5 3/4 MILE SEMENTA, JALAN KAPAR KLANG 42100 SELANGOR",http://edirectory.matrade.gov.my/application/edirectory.nsf/profile?OpenForm&id=11315&sid=AE8406C4AD06C210D0890027D0BED082,'2017-08-04,
gpakkias@tm.net.my,603 - 79874011,PREMIER OUTLOOK SDN BHD,"15-2, JALAN 1/114 KUCHAI BUSINESS CENTRE JALAN KUCHAI LAMA 58200 KUALA LUMPUR",http://edirectory.matrade.gov.my/application/edirectory.nsf/profile?OpenForm&id=12478&sid=8A2229C4D777CAA16D370612A2E30BF4,'2017-08-04,
cheehooi.isaac@gmail.com,016 - 3112195,OCH RESOURCES,"26, JALAN DAMAI MURNI 9 ALAM DAMAI CHERAS 56000 KUALA LUMPUR",http://edirectory.matrade.gov.my/application/edirectory.nsf/profile?OpenForm&id=80362&sid=5754D72DBDBA63872E0DAF0C24527880,'2017-08-04,
nurul@gloveresources.com,03 - 89428007,GLOVE RESOURCES SDN BHD,"29 & 31, JALAN INDAH 2/16 TAMAN UNIVERSITI INDAH SERI KEMBANGAN 43300 SELANGOR",http://edirectory.matrade.gov.my/application/edirectory.nsf/profile?OpenForm&id=78524&sid=E9B3D40A0D7D098B175F13F0D77B9332,'2017-08-04,
sasa@careintlfreight.com,03 - 33262142,CARE INTERNATIONAL FREIGHT (M) SDN BHD,"5-1, LORONG BATU NILAM 21B BANDAR BUKIT TINGGI 2 KLANG 41200 SELANGOR",http://edirectory.matrade.gov.my/application/edirectory.nsf/profile?OpenForm&id=79723&sid=71E89E30BC29DE6694383AF84792C4BB,'2017-08-04,
tingwei.tan@mrmark.com,03 - 51227757,MR MARK TOOLS (M) SDN BHD,"4, JALAN ANGGERIK MOKARA 31/48 KOTA KEMUNING, SEC 31 SHAH ALAM 40460 SELANGOR",http://edirectory.matrade.gov.my/application/edirectory.nsf/profile?OpenForm&id=38881&sid=C15D6096EF7CB194970D34D37C7A2ABB,'2017-08-04,
info@successapproachone.com,04 - 9174850,SUCCESS APPROACH SDN BHD,"LOT 477, PAYA PAHLAWAN MUKIM BINJAL JITRA 06007 KEDAH",http://edirectory.matrade.gov.my/application/edirectory.nsf/profile?OpenForm&id=15898&sid=922E52E4243DCD95F6B8298F18A1FBA5,'2017-08-04,
kk_lai@influxsynergy.com.my,03 - 91302181,INFLUX SYNERGY SDN BHD,"22-4-1, JALAN 2/101C CHERAS BUSINESS CENTRE KM8, JALAN CHERAS 56100 KUALA LUMPUR",http://edirectory.matrade.gov.my/application/edirectory.nsf/profile?OpenForm&id=7140&sid=23640C434AAE4A2B4FE44CD25818A0F4,'2017-08-04,
marketing@a1glove.com,06 - 6012468,A1 GLOVE MANUFACTURING SDN BHD,"5-G, JALAN S2B1 LAKE VIEW SQUARE, SEREMBAN 2 SEREMBAN 70300 NEGERI SEMBILAN",http://edirectory.matrade.gov.my/application/edirectory.nsf/profile?OpenForm&id=9070&sid=D5EFB2838B350FF6DBF8B285F35EAB4E,'2017-08-04,
imran@shorubber.com.my,04 - 9769948,SHORUBBER (MALAYSIA) SDN BHD,"2,  JALAN INDUSTRI RINGAN 6 JEJAWI INDUSTRIAL ESTATE ARAU 02600 PERLIS",http://edirectory.matrade.gov.my/application/edirectory.nsf/profile?OpenForm&id=4097&sid=F5BBDC586EB73825E6B7C813661E7705,'2017-08-04,
duramitt@duramitt.com,04 - 2277372,MAXI SUPPORT SDN BHD,"190-192, PERSIARAN GURNEY GEORGETOWN  10250 PULAU PINANG",http://edirectory.matrade.gov.my/application/edirectory.nsf/profile?OpenForm&id=32328&sid=9D40CC3ACAB00B5132A728D9216667A9,'2017-08-04,
sales@suzukilatex.com.my,03 - 51911540,SUZUKI LATEX INDUSTRY MALAYSIA SDN BHD,"LOT 14, JALAN 26/1, SECTION 26 KAW PERINDUSTRIAN HICOM SHAH ALAM 40000 SELANGOR",http://edirectory.matrade.gov.my/application/edirectory.nsf/profile?OpenForm&id=8427&sid=A010E2033F0F39796BCDB8B8EDE43937,'2017-08-04,
vcsbkl@yahoo.com,03 - 42531250,VICTOR CORPORATION SDN BHD,"67-B, LEVEL 2, JALAN MAMANDA 1 TAMAN DATO AHMAD RAZALI AMPANG 68000 SELANGOR",http://edirectory.matrade.gov.my/application/edirectory.nsf/profile?OpenForm&id=35545&sid=8FF461F4C98D7F55B160A758C10643D5,'2017-08-04,
info@polyscientific.com.my,06 - 3350690,POLYSCIENTIFIC ENTERPRISE SDN BHD,"272, TAMAN ASEAN JALAN MALIM  75250 MELAKA",http://edirectory.matrade.gov.my/application/edirectory.nsf/profile?OpenForm&id=6878&sid=B8548A02FCA029EBC62D0BDB64902014,'2017-08-04,
detsb2003@gmail.com,03 - 61406226,DYNAMIC-ERA TRADING SDN BHD,"30-3, JALAN PJU 5/11 DATARAN SUNWAY KOTA DAMANSARA 47810 SELANGOR",http://edirectory.matrade.gov.my/application/edirectory.nsf/profile?OpenForm&id=8092&sid=E813DEE4547C30A235233727BA7A1633,'2017-08-04,
ku@gloveresources.com,012 - 3310213,GLOVE RESOURCES,"AG 14, JALAN PP 26 TAMAN PINGGIRAN PUTRA SERI KEMBANGAN 43300 SELANGOR",http://edirectory.matrade.gov.my/application/edirectory.nsf/profile?OpenForm&id=6142&sid=390CC7A341FD7B9F9E7B015F4A046E85,'2017-08-04,
greatglv@tm.net.my,03 - 33928588,GREAT GLOVE SDN BHD,"LOT 5987, JALAN TERATAI 5TH MILE, OFF JALAN MERU KLANG 41050 SELANGOR",http://edirectory.matrade.gov.my/application/edirectory.nsf/profile?OpenForm&id=12564&sid=0C6F9F40B31F3A8B8BE66E1D89B44E4A,'2017-08-04,
glover@pc.jaring.my,03 - 56343562,GLOVERIN,32 JALAN PJS 11/3 BANDAR SUNWAY PETALING JAYA 46150 SELANGOR,http://edirectory.matrade.gov.my/application/edirectory.nsf/profile?OpenForm&id=13944&sid=E6907963692B7DEA7AF694BFBD2B178E,'2017-08-04,
enquiry@chctrade.com,03 - 90577269,CHC TRADE NETWORK,"6-2-10, VANTAGE POINT JALAN 4/125 DESA PETALING 57100 KUALA LUMPUR",http://edirectory.matrade.gov.my/application/edirectory.nsf/profile?OpenForm&id=30571&sid=63AFBC6AB39BD7A12B4A75D278D6C9FE,'2017-08-04,
chye@rubberex.com.my,05 - 5482723,RUBBEREX CORPORATION MALAYSIA BERHAD,"LOT 138201, OFF 3/4 MILE JALAN BERCHAM KAW PERINDUSTRIAN BERCHAM, IPOH 31400 PERAK",http://edirectory.matrade.gov.my/application/edirectory.nsf/profile?OpenForm&id=13192&sid=AB5FC219324DEB9DDA82E8642B4E5771,'2017-08-04,
musa@oftchem.com,03 - 51248118,OFT CHEMICAL SDN BHD,"2, JALAN TAMBUR 33/19 SHAH ALAM TECHNOLOGY PARK, SECTION 33 SHAH ALAM 40400 SELANGOR",http://edirectory.matrade.gov.my/application/edirectory.nsf/profile?OpenForm&id=6393&sid=A9BDB9779E7B449CF12115BC2EE62B7D,'2017-08-04,
hadiomrane@yahoo.com,03 - 40234702,OMECO BIODIAGNOSTIC RESEARCH & DEVELOPMENT SDN BHD,"1-3-8, BLOCK C, JALAN 1/50 DIAMOND SQUARE COMMERCIAL CENTRE OFF JALAN GOMBAK 53000 KUALA LUMPUR",http://edirectory.matrade.gov.my/application/edirectory.nsf/profile?OpenForm&id=7485&sid=C4177EF08E9196E61BAD3DDDDA1579DD,'2017-08-04,
tan@use2u.com,03 - 58829381,USE ELECTRONICS (M) SDN BHD,"54, JALAN INDUSTRIES PBP 3 TAMAN PERINDUSTRIAN PUSAT BANDAR PUCHONG PUCHONG 47100 SELANGOR",http://edirectory.matrade.gov.my/application/edirectory.nsf/profile?OpenForm&id=10807&sid=619B5CE9FF912973BB07246F1E1FC5F9,'2017-08-04,
casey.khor@sinetimed.com,05 - 8912777,SINETIMED CONSUMABLES SDN BHD,"118, JALAN LOGAM 7 KAMUNTING RAYA INDUSTRIAL ESTATE KAMUNTING, TAIPING 34600 PERAK",http://edirectory.matrade.gov.my/application/edirectory.nsf/profile?OpenForm&id=35458&sid=DAEDD355DEF649E96AC4D3A484E439FF,'2017-08-04,
winnie@sanchem.com.my,04 - 3998310,SANCHEM CORPORATION SDN BHD,"2469, SOLOK PERUSAHAAN 1 PRAI INDUSTRIAL COMPLEX LOCKED BAG 205, PRAI 13609 PULAU PINANG",http://edirectory.matrade.gov.my/application/edirectory.nsf/profile?OpenForm&id=13903&sid=8A7C31399777708EB4097DE169A93D3F,'2017-08-04,
chongwengmin@yahoo.com,05 - 5277228,QUALITY LATEX PRODUCTS MALAYSIA SDN BHD,"18 & 20, JALAN KILANG 2 KAW PERKILANGAN JELAPANG IPOH 30020 PERAK",http://edirectory.matrade.gov.my/application/edirectory.nsf/profile?OpenForm&id=2443&sid=D8616DB8AE1BDC601C2B4D76C1DAC9C5,'2017-08-04,
tejini.corporate@gmail.com,03 - 80110772,TEJINI CORPORATION SDN BHD,NO.11A JALAN USJ 11/1J UEP SUBANG JAYA SUBANG JAYA 47620 SELANGOR,http://edirectory.matrade.gov.my/application/edirectory.nsf/profile?OpenForm&id=12069&sid=83B6CAC33838F36813E2CE029B2CC14F,'2017-08-04,
digi24@live.com.my,03 - 33221419,AQUARIUS GLOBAL RESOURCES SDN BHD,21 JALAN DELIMA 13/KS6 BANDAR PARKLANDS PANDAMAR 41200 SELANGOR,http://edirectory.matrade.gov.my/application/edirectory.nsf/profile?OpenForm&id=81823&sid=9A403C95409F35BA69C7030685E3FFB4,'2017-08-04,
supremeapproach@yahoo.com,03 - 60926460,SUPREME APPROACH SDN BHD,8-1 JALAN DESA 9/5 BANDAR COUNTRY HOMES RAWANG 48000 SELANGOR,http://edirectory.matrade.gov.my/application/edirectory.nsf/profile?OpenForm&id=82777&sid=77443771CE9936BDA41BE5BE51306055,'2017-08-04,
info@hermesrubber.com,04 - 2262715,HERMES NATURAL RUBBER SDN BHD,SUITE 18-18-C GURNEY TOWER PERSIARAN GURNEY 10250 PULAU PINANG,http://edirectory.matrade.gov.my/application/edirectory.nsf/profile?OpenForm&id=82429&sid=D996FB27BD5712BB672CE00F5F05A69E,'2017-08-04,
info@abworld.com.my,03 - 56363829,AB WORLDWIDE SDN BHD,"169A, JALAN SS 19/6 SUBANG JAYA PETALING JAYA 47500 SELANGOR",http://edirectory.matrade.gov.my/application/edirectory.nsf/profile?OpenForm&id=9895&sid=7F5D73ABDF3BAA8B460685A121550743,'2017-08-04,
ganesramacahndran@gmail.com,012 - 6816090,AGRO NEW TEC,"245,LORONG GUNUNG ANGSI 6/3 TAMAN KELAB TUANKU, MAMBAU SEREMBAN 70300 NEGERI SEMBILAN",http://edirectory.matrade.gov.my/application/edirectory.nsf/profile?OpenForm&id=50688&sid=F14DFFA859E69F05C134A35C9923353E,'2017-08-04,
bsbhq@bonric.com.my,03 - 60573400,BONRIC SDN BHD,LOT 25 & 26A KAW PERINDUSTRIAN MIEL BATANG KALI 44300 SELANGOR,http://edirectory.matrade.gov.my/application/edirectory.nsf/profile?OpenForm&id=3916&sid=584E105B3FF69AD10BA4BB2323BA9597,'2017-08-04,
cpcho@majorharvest.com.my,07 - 3553872,MAJOR HARVEST SDN BHD,"10 &12, JALAN SEROJA 44 TAMAN JOHOR JAYA  81100 JOHOR",http://edirectory.matrade.gov.my/application/edirectory.nsf/profile?OpenForm&id=6319&sid=0FC3854EAAE243C4572A3CADF8EF2712,'2017-08-04,
mitu2272002@yahoo.co.jp,088 - 238119,GGM ENTERPRISE (SABAH) SDN BHD,"LOT 101 LEVEL 1, WISMA SESB JLN TUNKU ABDUL RAHMAN P.O. BOX 11476, KOTA KINABALU 88816 SABAH",http://edirectory.matrade.gov.my/application/edirectory.nsf/profile?OpenForm&id=8541&sid=D34E682B99EF7A8D74244B73CEB1C560,'2017-08-04,
info@gene-xpress.com.my,012 - 4666885,GENE XPRESS PLT,"3, JLN. SG. KLANG 32/18 BERJAYA PARK, SECTION 32 SHAH ALAM 40460 SELANGOR",http://edirectory.matrade.gov.my/application/edirectory.nsf/profile?OpenForm&id=76576&sid=762A48048361233CF6ABE15E743D90F9,'2017-08-04,
mazlina@idot.tv,03 - 78802001,CLICKS NETWORK SDN BHD,"LEVEL 10, KELANA PARKVIEW TOWER JALAN SS6/2 PETALING JAYA 47301 SELANGOR",http://edirectory.matrade.gov.my/application/edirectory.nsf/profile?OpenForm&id=41476&sid=9AFB328CD6D9DEDFC0BA63633D6C21DF,'2017-08-04,
cem_mkt1@cleanera.com.my,03 - 33410360,CLEANERA (MALAYSIA) SDN BHD,"56-4, SETIA AVENUE, JALAN SETIA PRIMA S U13/S SETIA ALAM SECTION U13 SHAH ALAM 40170 SELANGOR",http://edirectory.matrade.gov.my/application/edirectory.nsf/profile?OpenForm&id=77515&sid=B8E0F6263430F471CA45EDD32DCA4253,'2017-08-04,
rubberex@rubberex.com.my,05 - 5482809,RUBBEREX (M) SDN BHD,"LOT 138201, OFF 3/4 MILE JALAN BERCHAM, KAW PERINDUSTRIAN BERCHAM IPOH 31400 PERAK",http://edirectory.matrade.gov.my/application/edirectory.nsf/profile?OpenForm&id=2338&sid=2E3B3E5F30C249F39394DEF8CC4D0029,'2017-08-04,
info@axg.com.my,03 - 31790022,ACTIVE XGEN TRADING,"NO. 17, LORONG SULTAN MOHAMED 25D/KU18, TAMAN PERINDUSTRIAN BANDAR SULTAN SULEIMAN, PELABUHAN KLANG 42000 SELANGOR",http://edirectory.matrade.gov.my/application/edirectory.nsf/profile?OpenForm&id=37350&sid=564C8464A18F86663966EC7547D61382,'2017-08-04,
beestan@shieldtex.com.my,03 - 55101228,SHIELDTEX SDN BHD,"LOT 7, JALAN LADA SULAH 16/11 SHAH ALAM  40000 SELANGOR",http://edirectory.matrade.gov.my/application/edirectory.nsf/profile?OpenForm&id=35646&sid=BB3225696E5BC7296466A795A91A54BC,'2017-08-04,
gayathrishi@hotmail.com,012 - 3350925,GRDD TRADING,"5, JALAN BUKIT SURIA 2/3A TAMAN BUKIT SURIA 2 OFF BANDAR SG.LONG, CHERAS, KAJANG 43000 SELANGOR",http://edirectory.matrade.gov.my/application/edirectory.nsf/profile?OpenForm&id=89588&sid=2663158338615F1ED586284B64412B0C,'2017-08-04,
mslim@titiglove.com,06 - 9860099,TITI GLOVE SDN. BHD.,"LOT 6021 KAWASAN PERINDUSTRIAN BUKIT BAKRI, MUAR  84200 JOHOR",http://edirectory.matrade.gov.my/application/edirectory.nsf/profile?OpenForm&id=15537&sid=A2BA483AA21F05E76B008C660CF4653B,'2017-08-04,
marketing@a1glove.com,06 - 6012468,A1 GLOVE SDN BHD,"LOT 3981, OAKLAND INDUSTRIAL PARK JALAN HARUAN 1 SEREMBAN 70300 NEGERI SEMBILAN",http://edirectory.matrade.gov.my/application/edirectory.nsf/profile?OpenForm&id=53654&sid=3875089F65F80EE5E4E455EA02FFF1A9,'2017-08-04,
info@pamuri.com,03 - 77283384,PAMURI TOKUTOKUYA SDN BHD,"UNIT G-02, GROUND FLOOR BLOCK C JALAN SS 20/27, DAMANSARA UTAMA PETALING JAYA 47400 SELANGOR",http://edirectory.matrade.gov.my/application/edirectory.nsf/profile?OpenForm&id=89932&sid=E338BF52D2EF583910D6BECB9773A29C,'2017-08-04,
secure.group@hotmail.com,04 - 4848532,SECURE SCIENTIFIC SDN BHD,"LOT 120 & 122, PLOT 1 KAW INDUSTRI TAMAN SERI MESRA LUNAS 09600 KEDAH",http://edirectory.matrade.gov.my/application/edirectory.nsf/profile?OpenForm&id=12207&sid=592DA0CB33BDEF1E4210E086250820F3,'2017-08-04,
nagaglobaltrade@yahoo.com.my,03 - 61873857,NAGA GLOBAL TRADE (M) SDN BHD,13A WISMA KERINGAT 2 LORONG BATU CAVES 2 BATU CAVES 68100 SELANGOR,http://edirectory.matrade.gov.my/application/edirectory.nsf/profile?OpenForm&id=6832&sid=956C02B2B5F0075F24F76AAEA8BAFC33,'2017-08-04,
kai@bergamot.com.my,03 - 89644186,BERGAMOT SDN. BHD.,31 JALAN BALAKONG JAYA 4 TAMAN INDUSTRI BALAKONG JAYA  43300 SELANGOR,http://edirectory.matrade.gov.my/application/edirectory.nsf/profile?OpenForm&id=95504&sid=5A2A0867FABB3D3511980C8C78135321,'2017-08-04,
medicaks1@gmail.com,5 - 5261684,MEDIC AKS,28A LORONG TAMAN SEPULUH TAMAN PERTAMA IPOH 30100 PERAK,http://edirectory.matrade.gov.my/application/edirectory.nsf/profile?OpenForm&id=93992&sid=9F495458535980FB04E8F2CF47A40521,'2017-08-04,
info@zaafiglobal.com,03 - 50331810,ZAAFI GLOBAL VENTURE SDN BHD,"A-5-10 , EMPIRE TOWER JALAN SS 16/1 SUBANG JAYA 47500 SELANGOR",http://edirectory.matrade.gov.my/application/edirectory.nsf/profile?OpenForm&id=65061&sid=15724753DB447CEF8866915FC8F47C9C,'2017-08-04,
ballan@arthri.com.my,03 - 80715275,ARTHRI (M) SDN BHD,NO 12 JALAN BK5/14B BANDAR KINRARA PUCHONG PUCHONG 47100 SELANGOR,http://edirectory.matrade.gov.my/application/edirectory.nsf/profile?OpenForm&id=99935&sid=A36FFAF1E4F331B6501849EA7B748838,'2017-08-04,
koonseng@koonseng.com,06 - 9868446,KOON SENG SDN BHD,"PTD 3274, 4 1/2 MILE JALAN BAKRI MUAR 84000 JOHOR",http://edirectory.matrade.gov.my/application/edirectory.nsf/profile?OpenForm&id=12995&sid=6F61121996DC70C1059FAFFC31475F34,'2017-08-04,
mpd@mrepc.com,03 - 27805888,MALAYSIAN RUBBER EXPORT PROMOTION COUNCIL (MREPC),"UNIT NO 36-02, LEVEL 36, Q SENTRAL 2A JALAN STESEN SENTRAL 2, KL SENTRAL 50470 KUALA LUMPUR",http://edirectory.matrade.gov.my/application/edirectory.nsf/profile?OpenForm&id=5454&sid=39CE7A6D507DDBAB1D8B05106C03CB57,'2017-08-04,
laura.chong@ytygroup.com.my,03 - 21770000,YTY INDUSTRY SDN BHD,"INTEGRA TOWER, #19-01, INTERMARK 348 JALAN TUN RAZAK KUALA LUMPUR 50400 KUALA LUMPUR",http://edirectory.matrade.gov.my/application/edirectory.nsf/profile?OpenForm&id=10471&sid=529389A1273E15711015A48FEA737460,'2017-08-04,
maxfreightlogistics@yahoo.com,010 - 2698893,MAX FREIGHT LOGISTICS,"108 JALAN TAMARIND,SOUTHERN PARK KLANG 41200 SELANGOR",http://edirectory.matrade.gov.my/application/edirectory.nsf/profile?OpenForm&id=90440&sid=8D1985921EB362336015B41D7DEF8CEC,'2017-08-04,
gan@vectoratlantic.com,06 - 7998386,VECTOR ATLANTIC SDN BHD,LOT 10700 JALAN PERMATA 1 ARAB MALAYSIAN INDUSTRIAL PARK 71800 NEGERI SEMBILAN,http://edirectory.matrade.gov.my/application/edirectory.nsf/profile?OpenForm&id=89880&sid=770B7288A7E0DA70D2E7C97A7F4F30D5,'2017-08-04,
admin@tcsqp.com.my,03 - 87271877,TCS QUALITY & PRODUCTIVITY SDN BHD,"NO. 4, JALAN SRI HANECO 1 / 10,KAWASAN PERINDUSTRIAN SRI HANECO, SEMENYIH  43500 SELANGOR",http://edirectory.matrade.gov.my/application/edirectory.nsf/profile?OpenForm&id=41434&sid=699560EAF415D274CC94B0C6E5E706B0,'2017-08-04,
puglove1@gmail.com,06 - 5568100,P.U. GLOVE (M) SDN BHD,"LOT 111, JALAN INDUSTRI 11, FASA 3 KAW PERINDUSTRIAN KELEMAK ALOR GAJAH 78000 MELAKA",http://edirectory.matrade.gov.my/application/edirectory.nsf/profile?OpenForm&id=6107&sid=EAB8CD2F898E2BAC7073FCB5D34313A5,'2017-08-04,
salesjfbt@gmail.com,07 - 3621630,JF BUILDING TECH SDN BHD,NO 8 JALAN BAKAWALI 36 TAMAN JOHOR JAYA  81100 JOHOR,http://edirectory.matrade.gov.my/application/edirectory.nsf/profile?OpenForm&id=99432&sid=CA1E4960CE4632C140563F93510AE6A7,'2017-08-04,
sales@tanchinenterprise.com,012 - 5667667,TAN CHIN ENTERPRISE,508 JALAN SUNGAI DAUN SEBERANG PERAI SELATAN 14300 PULAU PINANG,http://edirectory.matrade.gov.my/application/edirectory.nsf/profile?OpenForm&id=85641&sid=BC8E5454E54625B5D9E1666887046C5A,'2017-08-04,
abc@unigloves.com.my,06 - 6772751,N.S. UNI-GLOVES SDN BHD,"LOT 3 & 4 / 4510, LORONG SENAWANG 4/1 SENAWANG INDUSTRIAL ESTATE SEREMBAN 70450 NEGERI SEMBILAN",http://edirectory.matrade.gov.my/application/edirectory.nsf/profile?OpenForm&id=13371&sid=4746287ED198C022AD0A509E7C66E9C8,'2017-08-04,
export34@pomtraders.com,06 - 2817101,POM TRADERS SDN BHD,"34A, JLN MELAKA RAYA 13 PRIME SQUARE TAMAN MELAKA RAYA 75000 MELAKA",http://edirectory.matrade.gov.my/application/edirectory.nsf/profile?OpenForm&id=11285&sid=A7B6D8E2CE1D26AD1B5043502770E841,'2017-08-04,
info@axg.com.my,03 - 23805168,AXG INDUSTRIES SDN BHD,"NO. 47, JALAN SETIA IMPIAN U13/5G SEKSYEN U13 SETIA ALAM SHAH ALAM 40170 SELANGOR",http://edirectory.matrade.gov.my/application/edirectory.nsf/profile?OpenForm&id=61621&sid=65E72F8C603DAC3FD9A078D9DC12A0AE,'2017-08-04,
sales@flexiss.com,03 - 31491998,FLEXITECH SDN BHD,"LOT 124 & 126, JALAN 8 KOMPLEKS OLAK LEMPIT BANTING 42700 SELANGOR",http://edirectory.matrade.gov.my/application/edirectory.nsf/profile?OpenForm&id=15740&sid=493D677940B636FFEA2A15675E90C678,'2017-08-04,
angieang@kossan.com.my,03 - 32912657,KOSSAN INTERNATIONAL SDN BHD,"WISMA KOSSAN, LOT 782 JALAN SUNGAI PUTUS, OFF BATU 3 3/4 JALAN KAPAR 41000 SELANGOR",http://edirectory.matrade.gov.my/application/edirectory.nsf/profile?OpenForm&id=83965&sid=BEEDD7C36E9632A4EE0ACAB415AD1EB5,'2017-08-04,
sales@gb-intl.com,03 - 80238899,G.B. INDUSTRIES SDN BHD,75-2 JALAN USJ 21/11 SUBANG JAYA 47630 SELANGOR,http://edirectory.matrade.gov.my/application/edirectory.nsf/profile?OpenForm&id=10072&sid=44C7B3797E82B97282226433B8B66F88,'2017-08-04,
hr@comfort-rubber.com.my,05 - 8472777,COMFORT RUBBER GLOVES INDUSTRIES SDN BHD,"LOT 821, JALAN MATANG MATANG, TAIPING  34750 PERAK",http://edirectory.matrade.gov.my/application/edirectory.nsf/profile?OpenForm&id=2753&sid=D7AAEB6E130A1479DCFAB62323F1BA7B,'2017-08-04,
ymcsupply@gmail.com,012 - 6273496,YMC INDUSTRIAL SUPPLY SDN BHD,NO 8 GRD FLOOR LORONG TM 1/1 TAMAN MERPATI  70450 NEGERI SEMBILAN,http://edirectory.matrade.gov.my/application/edirectory.nsf/profile?OpenForm&id=95251&sid=5E60AC9C303016E97077225CEC76B4CD,'2017-08-04,
sales@nastah.com.my,04 - 3995303,NASTAH INDUSTRIES SDN BHD,"PLOT 393, LORONG PERUSAHAAN 8 PRAI INDUSTRIAL ESTATE PRAI 13600 PULAU PINANG",http://edirectory.matrade.gov.my/application/edirectory.nsf/profile?OpenForm&id=11528&sid=17D614C82EED0B4CEE04EFAD8546702C,'2017-08-04,
customer@welcare-imex.com.my,05 - 3131475,WELCARE SALES AND MARKETING,"2, LALUAN ROKAM 8 PEKAN RAZAKI IPOH 31350 PERAK",http://edirectory.matrade.gov.my/application/edirectory.nsf/profile?OpenForm&id=61317&sid=863BA0E637050DB98845F3157E64E0C8,'2017-08-04,
angieang@kossan.com.my,03 - 32912657,IDEAL QUALITY SDN BHD,"WISMA KOSSAN, LOT 782 JALAN SUNGAI PUTUS, OFF BATU 3 3/4 JALAN KAPAR 42100 SELANGOR",http://edirectory.matrade.gov.my/application/edirectory.nsf/profile?OpenForm&id=85751&sid=1101E2BD95FFDD5723B7BA1C6D85339E,'2017-08-04,
nur_syafiqah@luxchem.com.my,03 - 77282155,LUXCHEM TRADING SDN BHD,"6, JALAN SS 21/58 DAMANSARA UTAMA PETALING JAYA 47400 SELANGOR",http://edirectory.matrade.gov.my/application/edirectory.nsf/profile?OpenForm&id=85551&sid=23F5DC2E89FB8CA2888EE277D4151ECF,'2017-08-04,
nasedevimex@gmail.com,016 - 2197222,NASADEV ENTEREPRISE,"118, GROUND FLOOR JALAN TUN SAMBANTHAN BRICKFIELDS 50470 KUALA LUMPUR",http://edirectory.matrade.gov.my/application/edirectory.nsf/profile?OpenForm&id=95483&sid=784AF1F5579433DC6B268CF13EDE87FB,'2017-08-04,
KRISHAPRO@GMAIL.COM,03 - 41628493,KRISHA PRODUCTIONS SDN BHD,3-23A JALAN DESA 2/2 DESA AMAN PURI KEPONG 52100 KUALA LUMPUR,http://edirectory.matrade.gov.my/application/edirectory.nsf/profile?OpenForm&id=97878&sid=77DCE009947CB393A5CEC52690E95C78,'2017-08-04,
Info@whyasap.com,03 - 51924802,ASAP INTERNATIONAL SDN BHD,NO 1 JALAN SITAR 33/6 SEKSYEN 33 SHAH ALAM 40400 SELANGOR,http://edirectory.matrade.gov.my/application/edirectory.nsf/profile?OpenForm&id=98402&sid=0EE14F439BE3ACF4D97F16EEB18BF586,'2017-08-04,
wellmex@po.jaring.my,03 - 60753632,WELLMEX SDN BHD,"PT11043,JALAN TENGAS 1A TAMAN PERINDUSTRIAN TENGAS HULU YAM BHARU 44300 SELANGOR",http://edirectory.matrade.gov.my/application/edirectory.nsf/profile?OpenForm&id=70770&sid=EA21C92FE6CE2964D7A39F19B77CD6E8,'2017-08-04,
Sbudiman_nasa@yahoo.com,05 - 6213589,SULUH BUDIMAN,NO 89G JALAN DENAI INTAN 5 BANDAR BARU TELUK INTAN 36000 PERAK,http://edirectory.matrade.gov.my/application/edirectory.nsf/profile?OpenForm&id=98467&sid=3C841B50E1CCA0421AB5CB576FC0621E,'2017-08-04,
marketing@ssnmedical.com,03 - 89616869,SSN MEDICAL PRODUCTS SDN BHD,"LOT 31793 (FORMERLY LOT PT 7177), JALAN KPB12, KAMPUNG BARU BALAKONG, SERI KEMBANGAN, 43300 SELANGOR",http://edirectory.matrade.gov.my/application/edirectory.nsf/profile?OpenForm&id=11853&sid=A2567DB2346F79F7CF8A98ADCFCBE8D0,'2017-08-04,
info@kipcare.my,03 - 60917681,KIP CARE SDN BHD,"D7 & D8, JALAN RAWANG MUTIARA 2 RAWANG MUTIARA BUSINESS CENTRE RAWANG 4800 SELANGOR",http://edirectory.matrade.gov.my/application/edirectory.nsf/profile?OpenForm&id=68777&sid=3CED1CB1D50D16EFD1ED3F2FDCB17F22,'2017-08-04,
erictan@perfectusinternational.com,012 - 2833284,PERFECTUS INTERNATIONAL SDN BHD,63 JALAN SETIA INDAH U13/9V SETIA ALAM SHAH ALAM 40170 SELANGOR,http://edirectory.matrade.gov.my/application/edirectory.nsf/profile?OpenForm&id=99228&sid=0D5BC12338394B43BE6395ECC0CDF737,'2017-08-04,
howard@srim.com.my,04 - 4213121,SUMIRUBBER MALAYSIA SDN BHD,"LOT 44,45 & 86 BAKAR ARANG INDUSTRIAL ESTATE SUNGAI PETANI 08000 KEDAH",http://edirectory.matrade.gov.my/application/edirectory.nsf/profile?OpenForm&id=11428&sid=A96BEDADEA2A678A8CFE14F64F8E297D,'2017-08-04,
nirmal@satnamcorp.com,03 - 62577020,SATNAM SDN BHD,"07-07 MENARA TKSS 206, JALAN SEGAMBUT 51200 KUALA LUMPUR",http://edirectory.matrade.gov.my/application/edirectory.nsf/profile?OpenForm&id=71463&sid=B2D49A75D38F69254C4878351B5EA851,'2017-08-04,
bizsupport@riverstone.com.my,03 - 60283033,RIVERSTONE RESOURCES SDN BHD,"LOT 56, NO. 15, JALAN JASMINE 2 KAW PERINDUSTRIAN BKT BERUNTUNG BKT BERUNTUNG 48300 SELANGOR",http://edirectory.matrade.gov.my/application/edirectory.nsf/profile?OpenForm&id=4908&sid=5CF2B2A1192266FE18F3B15E1CBC95A9,'2017-08-04,
ricky@matchemsolutions.com,03 - 61446099,MATCHEM SOLUTIONS,D-19-01 SUNWAY NEXIS NO1 JALAN PJU5/1 KOTA DAMANSARA 47810 SELANGOR,http://edirectory.matrade.gov.my/application/edirectory.nsf/profile?OpenForm&id=96947&sid=B8D4462E6ED684546BA07520A3F2612E,'2017-08-04,
mail@innotronics.com.my,04 - 3909400,INNOTRONICS SDN BHD,"4, LORONG TALANG 8 TAMAN EMAS PRAI, BUTTERWORTH 13600 PULAU PINANG",http://edirectory.matrade.gov.my/application/edirectory.nsf/profile?OpenForm&id=4671&sid=C919E460DAACA7F33787728EA72A60D5,'2017-08-04,
bpmsb@bperdana.com,03 - 41056986,BINGKISAN PERDANA (M) SDN BHD,"17 & 18, 1ST FLOOR JALAN E1 TAMAN MELAWATI 53100 KUALA LUMPUR",http://edirectory.matrade.gov.my/application/edirectory.nsf/profile?OpenForm&id=5129&sid=2C9781CEFB916468721C9CA1A931589A,'2017-08-04,
angieang@kossan.com.my,03 - 32912657,WEAR SAFE (M) SDN BHD,"WISMA KOSSAN, LOT 782 JALAN SUNGAI PUTUS, OFF BATU 3 3/4 JALAN KAPAR 41200 SELANGOR",http://edirectory.matrade.gov.my/application/edirectory.nsf/profile?OpenForm&id=61272&sid=912A33D22CFEF643F2BEB13CF2F5E9F7,'2017-08-04,
tgmed@po.jaring.my,03 - 33927880,TG MEDICAL SDN BHD,"LOT 5091, JALAN TERATAI, 5TH MILE OFF JALAN MERU KLANG 41050 SELANGOR",http://edirectory.matrade.gov.my/application/edirectory.nsf/profile?OpenForm&id=10275&sid=BA24009DACEF077475D285CA8375840F,'2017-08-04,
zzr_02@hotmail.com,09 - 7750969,ZARIR & ZAIDA RESOURCES (M) SDN BHD,"LOT G2, PT 1137 TAMAN BENDAHARA JALAN PENGKALAN CHEPA KOTA BHARU 15400 KELANTAN",http://edirectory.matrade.gov.my/application/edirectory.nsf/profile?OpenForm&id=74881&sid=F7D53C8EC4974F3B3B2AC65F972CE9D9,'2017-08-04,
inquiry@showabestasia.com,03 - 56319045,SHOWA BEST GLOVE SDN BHD,"A-03-06, LEVEL 3, EMPIRE TOWER 1 EMPIRE SUBANG, JALAN SS16/1 SUBANG JAYA 47500 SELANGOR",http://edirectory.matrade.gov.my/application/edirectory.nsf/profile?OpenForm&id=57164&sid=FA95D98EF13F812F19C35D07CEFA6D08,'2017-08-04,
cellotron@gmail.com,03 - 80233899,CELLOTRON CORPORATION (M) SDN BHD,"LOT 876 B & C, JALAN SUBANG 9 TAMAN PERINDUSTRIAN SUBANG SUBANG JAYA 47610 SELANGOR",http://edirectory.matrade.gov.my/application/edirectory.nsf/profile?OpenForm&id=2504&sid=F43D17B22DA3E496AABD520C2745DFEF,'2017-08-04,
apollo88@streamyx.com,03 - 31221101,APOLLO RUBBER SDN BHD,"LOT PT 609, LORONG PERAK 3 TELOK PANGLIMA INDUSTRIAL ESTATE TELOK PANGLIMA GARANG 45200 SELANGOR",http://edirectory.matrade.gov.my/application/edirectory.nsf/profile?OpenForm&id=5035&sid=A93E8AB335FEFEB617402F57950AD7EE,'2017-08-04,
estelle@g-sage.com,012 - 2182001,GLOBAL SAGE SDN BHD,90-3A JALAN PJU 1/3B  47301 SELANGOR,http://edirectory.matrade.gov.my/application/edirectory.nsf/profile?OpenForm&id=77781&sid=ABD1891BBB51E68729E044996BCD5CCB,'2017-08-04,
presstro@tm.net.my,03 - 79602408,PRESSTRO SYSTEMS & SOLUTIONS,"34, JALAN TASIK PRIMA 3/3 TAMAN TASIK PRIMA PUCHONG 47100 SELANGOR",http://edirectory.matrade.gov.my/application/edirectory.nsf/profile?OpenForm&id=8394&sid=52240167143BC8034B4948D629302771,'2017-08-04,
marketing@sasgloves.com,03 - 60813626,SAS INDUSTRIES SDN BHD,"LOT 74C, BATU 26 JALAN KL - IPOH SERENDAH 48200 SELANGOR",http://edirectory.matrade.gov.my/application/edirectory.nsf/profile?OpenForm&id=3552&sid=D03D8DC14054FF3B992AC5E56E289187,'2017-08-04,
info@ananosphere.com,011 - 15510868,ANANO SPHERE SDN BHD,"D36-06, BLOCK D, PJ8 SERVICE SUITES NO.23 JALAN BARAT, SEC 8 PETALING JAYA 46050 SELANGOR",http://edirectory.matrade.gov.my/application/edirectory.nsf/profile?OpenForm&id=79229&sid=FD4A80B780276AF80F2CF8095C09AF1F,'2017-08-04,
brightway@brightway919.com,03 - 33431007,BRIGHTWAY HOLDINGS SDN BHD,"LOT 1559, JALAN ISTIMEWA BATU BELAH KLANG 42100 SELANGOR",http://edirectory.matrade.gov.my/application/edirectory.nsf/profile?OpenForm&id=12099&sid=EF0B930794FCEDE89509A273D6519990,'2017-08-04,
lumensgloves@gmail.com,03 - 90753540,LUMENS TECHNOLOGY,"1-4-316, D'PUNCAK SUASANA JALAN SUASANA 3/4, BANDAR TUN HUSSEIN ONN CHERAS 43200 SELANGOR",http://edirectory.matrade.gov.my/application/edirectory.nsf/profile?OpenForm&id=6876&sid=C75723F47013F9ACC9256C5A2BA9432B,'2017-08-04,
kaisiktowa@towaco.com.my,04 - 3905761,KAI SIK TOWA RUBBER PRODUCTS SDN BHD,"2459,  LORONG PERUSAHAAN 10A PRAI INDUSTRI ESTATE, PHASE II PRAI 13600 PULAU PINANG",http://edirectory.matrade.gov.my/application/edirectory.nsf/profile?OpenForm&id=10214&sid=62F18C7AEB8D5CB7F06234245D258F90,'2017-08-04,
alliancerubber@alliancerubber.com,04 - 5932235,ALLIANCE RUBBER PRODUCTS SDN BHD,"LOT 2716 & 2720, MK 7 KAW PERINDUSTRIAN BKT PANCHOR NIBONG TEBAL 14300 PULAU PINANG",http://edirectory.matrade.gov.my/application/edirectory.nsf/profile?OpenForm&id=2108&sid=7523943DF9331B2F66462FA6AE197C55,'2017-08-04,
info@en-medipart.com.my,03 - 33487600,EN MEDIPART (ASIA PACIFIC) SDN BHD,"BLOCK 8-D , EMPIRE GALERIE JALAN EMPAYAR OFF PERSIARAN SULTAN IBRAHIM/KU1 KLANG 41150 SELANGOR",http://edirectory.matrade.gov.my/application/edirectory.nsf/profile?OpenForm&id=49487&sid=22ED9D8E7E80E930CEF7BF481AE75CDC,'2017-08-04,
stadthouse@gmail.com,03 - 89250564,STADTHOUSE ENTERPRISE SDN BHD,NO 30-2-1 JALAN MEDAN PUSAT BANDAR 4 BANDAR BARU BANGI 43650 SELANGOR,http://edirectory.matrade.gov.my/application/edirectory.nsf/profile?OpenForm&id=96450&sid=F23245AD9A59ECCDA9569BB8C7DC7DB6,'2017-08-04,
enquiry@sterimed.com.my,03 - 91301468,STERIMED SDN BHD,24 JALAN MUTIARA 1 TAMAN MUTIARA 50600 KUALA LUMPUR,http://edirectory.matrade.gov.my/application/edirectory.nsf/profile?OpenForm&id=5489&sid=731F43FF25F221A68A7F41C249B695F0,'2017-08-04,
fernkoayph@gmail.com,03 - 78655536,HANDSKAR (M) SDN BHD,"11A, JALAN SS3/56, UNIVERSITY GARDEN, PETALING JAYA, 47300 SELANGOR",http://edirectory.matrade.gov.my/application/edirectory.nsf/profile?OpenForm&id=43718&sid=F11F0EBAA48E7401F48911B42301014B,'2017-08-04,
tayhr@tayrubber.com.my,04 - 4573616,TEH AH YAU RUBBER FACTORY SDN BHD,TOPAH BARU ESTATE SEMELING BEDONG 08100 KEDAH,http://edirectory.matrade.gov.my/application/edirectory.nsf/profile?OpenForm&id=106984&sid=C6FDF4E6D244B4B23A7D713238A71BA1,'2017-08-04,
info@2rabond.com,04 - 4855388,DURAMITT SDN BHD,"NO. 3, JALAN BALING, PADANG MEHA INDUSTRIAL ESTATE, PADANG SERAI 09400 KEDAH",http://edirectory.matrade.gov.my/application/edirectory.nsf/profile?OpenForm&id=4094&sid=23076F6D9551E07D5419D9C1139C07C5,'2017-08-04,
francis@innovativeshieldsb.com,03 - 58806890,INNOVATIVE SHIELD SDN BHD,"42 JALAN BETERI 34/5, SECTION 34 BKT KEMUNING PARK SHAH ALAM SELANGOR 40000 SELANGOR",http://edirectory.matrade.gov.my/application/edirectory.nsf/profile?OpenForm&id=13632&sid=59F136DBB8084432DC61547AA768F0B6,'2017-08-04,
eric@apexglove.com,03 - 80239392,APEX GLOVE SDN BHD,"24A, JALAN TIARA 2, TIARA SQUARE TAMAN PERINDUSTRIAN UEP SUBANG JAYA 47600 SELANGOR",http://edirectory.matrade.gov.my/application/edirectory.nsf/profile?OpenForm&id=55383&sid=9B27BE8C4CC862A36D49ECAE76BDE2B4,'2017-08-04,
office@latexx.com.my,05 - 8295555,LATEXX MANUFACTURING SDN BHD,"LOT 18374, JALAN PERUSAHAAN TIGA KAMUNTING INDUSTRIAL ESTATE KAMUNTING, TAIPING 34600 PERAK",http://edirectory.matrade.gov.my/application/edirectory.nsf/profile?OpenForm&id=11018&sid=C69015433DC5EC0274773C1C80128EA6,'2017-08-04,
suarnabakti2012@yahoo.com,03 - 55100793,SUARNA BAKTI SDN BHD,"53B,2ND FLOOR, BLOCK 4 WORLDWIDE BUSINESS CENTRE, SECTION 13/47 SHAH ALAM 40000 SELANGOR",http://edirectory.matrade.gov.my/application/edirectory.nsf/profile?OpenForm&id=7226&sid=3B2869366D90BB511F69F57E39A5E029,'2017-08-04,
customer@longcane.net,604 - 5521188,LONGCANE INDUSTRIES SDN BHD,"LOT 5783, MUKIM 15 JALAN SELADANG ALMA BKT MERTAJAM 14000 PULAU PINANG",http://edirectory.matrade.gov.my/application/edirectory.nsf/profile?OpenForm&id=11525&sid=DDEB8CDA7AECEA4F4163FD5229FA1023,'2017-08-04,
info@supermax.com.my,03 - 61452328,SUPERMAX GLOVE MANUFACTURING SDN BHD,"LOT 38, PUTRA INDUSTRIAL PARK BKT RAHMAN PUTRA SG BULOH 47000 SELANGOR",http://edirectory.matrade.gov.my/application/edirectory.nsf/profile?OpenForm&id=8200&sid=574E2C738860CA26931B559FF101CE43,'2017-08-04,
fidelio@fideliointernational.com,03 - 26970172,FIDELIO INTERNATIONAL SDN BHD,"6TH FLOOR, WISMA HARWANT 106, JALAN TUANKU ABDUL RAHMAN  50100 KUALA LUMPUR",http://edirectory.matrade.gov.my/application/edirectory.nsf/profile?OpenForm&id=12522&sid=E43ADBDD1A3556560BA1EF022F794225,'2017-08-04,
