FAILMSG,DATE_SCRAPED,TEL,CONAME,BIZADD,HREF,EMAIL
,'2017-08-02,088 - 704597,SALEH TRUCK & TRAILER MANUFACTURER SDN BHD,"LOT 3A, INDUSTRIAL ZONE 8A, LORONG KKIP TIMUR 2A KOTA KINABALU INDUSTRIAL PARK KOTA KINABALU 88460 SABAH",http://edirectory.matrade.gov.my/application/edirectory.nsf/profile?OpenForm&id=71460&sid=0578830629787D92DC7EE76F5870334B,salehtrk02@yahoo.com
,'2017-08-02,03 - 41628488,IFCON TECHNOLOGY SDN BHD,9-2B UKAY BOULEVARD JALAN LINGKARAN TENGAH 2 HULU KELANG 68000 SELANGOR,http://edirectory.matrade.gov.my/application/edirectory.nsf/profile?OpenForm&id=96825&sid=FF9C45EC5AE06482E9145827725A906E,nikizwan@ifcontech.com
,'2017-08-02,09 - 5661980,ELS ENGINEERING SDN BHD,"7, JALAN INDUSTRI SEMAMBU 2 KAW PERINDUSTRIAN SEMAMBU KUANTAN 25350 PAHANG",http://edirectory.matrade.gov.my/application/edirectory.nsf/profile?OpenForm&id=3074&sid=D3990C4A6DA1553876EDB185A8249C48,elsengsb@gmail.com
,'2017-08-02,01 - 02352020,ECO SURFACE DRIVES,SUITE A-B TINGKAT 1 NO 196 JALAN 8/3 SECTION 8 BANDAR BARU BANGI 43650 SELANGOR,http://edirectory.matrade.gov.my/application/edirectory.nsf/profile?OpenForm&id=100909&sid=BBBE89A298E8709F0B763ECFACA2B370,yk.kristina@gmail.com
,'2017-08-02,05 - 5262236,SIN HOCK LEONG COACH WORKS SDN BHD,"4, JALAN KILANG 3 JELAPANG INDUSTRIAL ESTATE IPOH 30100 PERAK",http://edirectory.matrade.gov.my/application/edirectory.nsf/profile?OpenForm&id=9055&sid=4BAA81D11272972023BD128AEB05F1A3,shlcoach@gmail.com
,'2017-08-02,089 - 616263,BONAFILE SHIPBUILDERS & REPAIRS SDN BHD,"BLOCK G, LOT 3B BANDAR LEILA W.D.T. 259 SANDAKAN 90009 SABAH",http://edirectory.matrade.gov.my/application/edirectory.nsf/profile?OpenForm&id=5235&sid=ADE73932B08A0187E55EBC98AF419E6F,ncheng@coastalecontracts.com
,'2017-08-02,012 - 4665789,WHIZ TRADING & SERVICES SDN BHD,4771 TINGKAT 1 JALAN BAGAN LUAR BUTTERWORTH 12000 PULAU PINANG,http://edirectory.matrade.gov.my/application/edirectory.nsf/profile?OpenForm&id=98479&sid=AF874D6ADA5954CF29DDB5155675A46C,whiztrading@yahoo.co.uk
,'2017-08-02,012 - 5278283,UNIVERSAL GLORY SPECIAL PRODUCTS SDN BHD,"NO. 4 PERSIARAN BANDAR BARU TAMBUN 1 BANDAR BARU TAMBUN, IPOH 31400 PERAK",http://edirectory.matrade.gov.my/application/edirectory.nsf/profile?OpenForm&id=88141&sid=67D622B3EEA9A549B956C32670CFC492,esoon2008@gmail.com
,'2017-08-02,03 - 88935819,EXP SOLUTIONS AND SERVICES SDN BHD,"C1-1-1 AYER@8, JALAN P8G PRESINT 8 62250 PUTRAJAYA",http://edirectory.matrade.gov.my/application/edirectory.nsf/profile?OpenForm&id=88017&sid=F3932E00E76C97B6ABA8F9F9B59DC285,info@exp-solutions.net
,'2017-08-02,03 - 51211633,GLORY WATER MANAGEMENT SDN. BHD.,"8, JALAN ANGGERIK MOKARA 31/63 KOTA KEMUNING, SECTION 31 SHAH ALAM 40460 SELANGOR",http://edirectory.matrade.gov.my/application/edirectory.nsf/profile?OpenForm&id=87966&sid=980CDBD07B65E78489B20AB7A1FF5052,kschin@glorywater.com
,'2017-08-02,084 - 313281,DRAGON STAR SHIPPING SDN BHD,"38, GROUND FLOOR, LANE 2 LING KAI CHENG ROAD SIBU 96000 SARAWAK",http://edirectory.matrade.gov.my/application/edirectory.nsf/profile?OpenForm&id=88441&sid=95019B2443152ADF3AD156DF7C99E362,faizal.starcrafts@gmail.com
,'2017-08-02,07 - 7733466,XIN XIN TRAVEL SDN BHD,NO 4-GB BLOK H JALAN LAMBAK JOHBASE CITY SQUARE 86000 JOHOR,http://edirectory.matrade.gov.my/application/edirectory.nsf/profile?OpenForm&id=92528&sid=25F7F7F8F307BA097C7F8B22429B162A,xinxintravelsb@hotmail.com
,'2017-08-02,03 - 32912689,TOP-MECH PROVINCIAL SDN BHD,"13, JALAN WAWASAN 3/KU7 SG KAPAR INDAH KLANG 42209 SELANGOR",http://edirectory.matrade.gov.my/application/edirectory.nsf/profile?OpenForm&id=3190&sid=068B24A1FF188EE41101C32939F8A389,topmech@topmech.com.my
,'2017-08-02,03 - 41424922,KAY MARINE SDN BHD,"88/1, JALAN WANGSA DELIMA 6 (KLSC) SECTION 5 WANGSA MAJU 54200 KUALA LUMPUR",http://edirectory.matrade.gov.my/application/edirectory.nsf/profile?OpenForm&id=10998&sid=3448E6F9DEE2FA371253739F6DC9D3B8,ben@kaymarine.my
,'2017-08-02,03 - 80757363,UPECA ENGINEERING SDN BHD,"3 & 5, JALAN TPK 2/3 TMN PERINDUSTRIAN KINRARA PUCHONG 47100 SELANGOR",http://edirectory.matrade.gov.my/application/edirectory.nsf/profile?OpenForm&id=9589&sid=9F9A693C4B3DBC6023E310C5399BC085,enquiry@upeca.com
,'2017-08-02,04 - 5874828,QUALITY CASTORS & WHEELS (M) SDN BHD,"5, 7, 9, & 11 LORONG BINAJAYA 4 BGM INDUSTRIAL PARK PERMATANG TINGGI, BKT MERTAJAM 14000 PULAU PINANG",http://edirectory.matrade.gov.my/application/edirectory.nsf/profile?OpenForm&id=12950&sid=CA06263A070009E163E7D2773064ACE3,sales@starrollen.com
,'2017-08-02,03 - 61450889,ACE TRADING,11 JLN SP 10 TMN SRI PUTRA SUNGAI BULOH 47000 SELANGOR,http://edirectory.matrade.gov.my/application/edirectory.nsf/profile?OpenForm&id=60481&sid=C943E5BCD2D6A613D8BD00B828D6E131,originalautopart@gmail.com
,'2017-08-02,03 - 56123450,TERENCE CORP SDN BHD,"B-3A-27, EMPIRE SUBANG JALAN SS16/1  47500 SELANGOR",http://edirectory.matrade.gov.my/application/edirectory.nsf/profile?OpenForm&id=41611&sid=E2AF6A5E7878600A10350CDE54C8EBB9,admin@terencecorp.com
,'2017-08-02,03 - 80608737,KEJURUTERAAN GO-TECHNOLOGY SDN BHD,"PUSAT PERDAGANGAN PUCHONG PRIMA A-03-03, BLOCK A, JALAN PRIMA 5/5 PERSIARAN PRIMA UTAMA, TAMAN PUCHONG PRIMA, PUCHONG 47150 SELANGOR",http://edirectory.matrade.gov.my/application/edirectory.nsf/profile?OpenForm&id=58368&sid=8478F2ACFB9E7FEFA48C669077EE6C70,gotechnology@gmail.com
,'2017-08-02,03 - 61485104,CRANFIELD AERO SERVICES & SAFETY EQUIPMENTS SDN BHD,"15-3,2ND FLOOR, JALAN 5/3, PJU5 DATARAN SUNWAY KOTA DAMANSARA 47810 SELANGOR",http://edirectory.matrade.gov.my/application/edirectory.nsf/profile?OpenForm&id=60797&sid=602B1FC490E5EC2F9CD6AAD88CD13293,support@cranaero.com
,'2017-08-02,03 - 40507775,COMDELTA TECHNOLOGIES SDN BHD,"SUITE 1A, LEVEL 6, MENARA DATO' ONN PUTRA WORLD TRADE CENTRE, JALAN SULTAN ISMAIL KUALA LUMPUR 50480 KUALA LUMPUR",http://edirectory.matrade.gov.my/application/edirectory.nsf/profile?OpenForm&id=60774&sid=A770EBD44A6E6020D4DC349FA09D2486,info@comdelta.com.my
,'2017-08-02,04 - 5859999,YS SUCCESS INDUSTRIES SDN BHD,"1571, JALAN SERUNAI, KAW PERINDUSTRIAN VALDOR MUKIM 12, 14200 SUNGAI BAKAP SEBERANG PRAI SELATAN 14200 PULAU PINANG",http://edirectory.matrade.gov.my/application/edirectory.nsf/profile?OpenForm&id=60775&sid=AFB3F728CC16A8F9DCE12D53E36739D3,ginoooi@bwysgroup.com
,'2017-08-02,03 - 33448000,POWERMATICS HYDRAULICS & ENGINEERING (M) SDN BHD,"7, LENGKUK KELULI 2 KAW PERINDUSTRIAN BKT RAJA KLANG 41050 SELANGOR",http://edirectory.matrade.gov.my/application/edirectory.nsf/profile?OpenForm&id=14975&sid=66F10502215707D0DCA0C93BC4D5F677,export@powermatics.com
,'2017-08-02,085 - 660077,SEALINK SHIPYARD SDN BHD,"LOT 1339, JALAN CATTLEYA 1 MCLD KROKOP ROAD CDT 139, MIRI 98000 SARAWAK",http://edirectory.matrade.gov.my/application/edirectory.nsf/profile?OpenForm&id=52349&sid=A4861536E3391F9A8DD588F65BCB642D,lntiong@asiasealink.com
,'2017-08-02,03 - 42926898,MD TRUCK EQUIPMENT,"10, JALAN BUNGA CEMPAKA 19 TAMAN MUDA CHERAS 56100 KUALA LUMPUR",http://edirectory.matrade.gov.my/application/edirectory.nsf/profile?OpenForm&id=62093&sid=DAF37D3776C74542D35B72C5C42B395E,mdtruck8229@gmail.com
,'2017-08-02,03 - 60282888,QS SYSTEMS SDN BHD,"3, JALAN JASMINE 5 SECTION BB 10 BANDAR BKT BERUNTUNG, RAWANG 48300 SELANGOR",http://edirectory.matrade.gov.my/application/edirectory.nsf/profile?OpenForm&id=8848&sid=1C88E08B9042E9B2BD00494A61196F9E,spencernyf@qssb.com
,'2017-08-02,03 - 80605162,SETSU PRECISION TECHNOLOGY (M) SDN BHD,"1, JALAN PUTERI 5/18 BANDAR PUTERI PUCHONG PUCHONG 47100 SELANGOR",http://edirectory.matrade.gov.my/application/edirectory.nsf/profile?OpenForm&id=15655&sid=D9B208AEFE2044292B0247BFFC00C69C,suresh@setsuprecision.com
,'2017-08-02,06 - 6780054,OPK INTER-CORPORATION SDN BHD,"LOT 21A, JALAN BUNGA TANJUNG 2 SENAWANG INDUSTRIAL PARK SEREMBAN 70400 NEGERI SEMBILAN",http://edirectory.matrade.gov.my/application/edirectory.nsf/profile?OpenForm&id=6837&sid=6CD05447CB6DAF94B4B90233D4E2CDDE,infoopk@gmail.com
,'2017-08-02,04 - 9855361,PERLIS MARINE ENGINEERING SDN BHD,LOT 1401 KAMPUNG TENGAH KUALA PERLIS 02000 PERLIS,http://edirectory.matrade.gov.my/application/edirectory.nsf/profile?OpenForm&id=51361&sid=33E50F89A91EBEE2EAF859C478DE09B0,info@perlis-marine.com.my
,'2017-08-02,03 - 89463000,KNM INTERNATIONAL SDN BHD,"15, JALAN DAGANG SB 4/1 TAMAN SG BESI INDAH SERI KEMBANGAN 43300 SELANGOR",http://edirectory.matrade.gov.my/application/edirectory.nsf/profile?OpenForm&id=13504&sid=98C329552101FBA1783F12A72311A9BD,sales@knm-group.com
,'2017-08-02,03 - 33183133,JUN IDEA SDN BHD,"12, JALAN MAHOGANI 1 BANDAR BOTANIC KLANG 41200 SELANGOR",http://edirectory.matrade.gov.my/application/edirectory.nsf/profile?OpenForm&id=57079&sid=9E3350786E2122CC183A9E6D2078495C,biz@junidea.com
,'2017-08-02,04 - 5820667,SIRIUS TECHNOLOGY SDN BHD,"LOT 4241-A, MUKIM 15 LORONG IKS SIMPANG AMPAT K TAMAN IKS SIMPANG AMPAT, SIMPANG AMPAT 14100 PULAU PINANG",http://edirectory.matrade.gov.my/application/edirectory.nsf/profile?OpenForm&id=70095&sid=C16DDB566C723F00048FAF0A4CCF911D,mag.teoh@siriustechnology.com.my
,'2017-08-02,03 - 51033201,TOTAL FORKLIFT PARTS & ACCESSORIES,"NO.20,JALAN SUNGAI JUDAH 28/13 TAMAN ALAM MEGAH SHAH ALAM 40400 SELANGOR",http://edirectory.matrade.gov.my/application/edirectory.nsf/profile?OpenForm&id=60025&sid=B8776F8E19634489C1AFAEA4B556E2E6,vincentfoo59@yahoo.com
,'2017-08-02,07 - 7762260,MOVERTECH SDN BHD,29-33 JALAN HANG TUAH 4 TAMAN MUHIBBAH KLUANG 86000 JOHOR,http://edirectory.matrade.gov.my/application/edirectory.nsf/profile?OpenForm&id=70817&sid=66D6CB6DDD52D9D0C165981638A1604E,info@gprotechnologies.com
,'2017-08-02,06 - 3363518,TS AUTOMATION SDN BHD,PT 1626 KAW  PERINDUSTRIAN KRUBONG MUKIM KRUBONG 75250 MELAKA,http://edirectory.matrade.gov.my/application/edirectory.nsf/profile?OpenForm&id=2363&sid=1C788C2066026F266DC887EA81674029,phyllis@tsautomation.com
,'2017-08-02,03 - 77107100,OPULENS SA SDN BHD,56-2 JALAN PJU 7/16 MUTIARA DAMANSARA PETALING JAYA 47800 SELANGOR,http://edirectory.matrade.gov.my/application/edirectory.nsf/profile?OpenForm&id=39788&sid=52D6B617F054A7F6911AD884D4213EB2,admin@opulens-sa.com
,'2017-08-02,07 - 3515979,SINGAPORE MACHINERY CO SDN BHD,18 JALAN SEROJA 42 TAMAN JOHOR JAYA 81100 JOHOR,http://edirectory.matrade.gov.my/application/edirectory.nsf/profile?OpenForm&id=71612&sid=3C79F460DA9E3CDABFF2016474BE5115,smcjb@smartmrt.com
,'2017-08-02,084 - 319922,YONG CHOO KUI SHIPYARD SDN BHD,"13, CHENGAL ROAD SIBU  96000 SARAWAK",http://edirectory.matrade.gov.my/application/edirectory.nsf/profile?OpenForm&id=7369&sid=E10E1730AADFDD26B2A1B83D79570D09,chookui@yahoo.com
,'2017-08-02,03 - 51635000,UMW HOLDINGS BERHAD,"10, JALAN UTAS 15/7 P.O. BOX 7052 SHAH ALAM 40915 SELANGOR",http://edirectory.matrade.gov.my/application/edirectory.nsf/profile?OpenForm&id=13648&sid=76767C9A1ACE9293DB0FDB093CDE6ADB,shameem.farouk@umw.com.my
,'2017-08-02,03 - 60918800,TTF MARKETING HOLDINGS SDN BHD,"LOT 6, JALAN PERUSAHAAN 1, KAWASAN PERUSAHAAN PKNS, BATU 17, RAWANG 48000 SELANGOR",http://edirectory.matrade.gov.my/application/edirectory.nsf/profile?OpenForm&id=12926&sid=018B8602D8DE32B43934127F00B311B0,ttf@ttfgroup.com
,'2017-08-02,06 - 5563792,SECURE LOAD SYSTEMS (M) SDN BHD,LOT 79 & 80 KAW  PERINDUSTRIAN ALOR GAJAH  78000 MELAKA,http://edirectory.matrade.gov.my/application/edirectory.nsf/profile?OpenForm&id=2800&sid=C58C6CE11DFADC92365CBB4BAB81B64C,sls4safe@gmail.com
,'2017-08-02,03 - 51621018,VME MATERIAL HANDLING SDN BHD,LOT 6022 JALAN BUKIT KEMUNING  SHAH ALAM 40460 SELANGOR,http://edirectory.matrade.gov.my/application/edirectory.nsf/profile?OpenForm&id=14147&sid=173F7398E0781759EDF762C321FB4050,winnie.ooi@vme.com.my
,'2017-08-02,084 - 310211,TUONG AIK (SARAWAK) SDN BHD,"LOT 199, JLN SG MAAW SG BIDUT P.O.BOX 920, SIBU 96008 SARAWAK",http://edirectory.matrade.gov.my/application/edirectory.nsf/profile?OpenForm&id=5467&sid=F8B8F10B3A15BFCD6E8BB4C5DD168E35,general@tuongaik.com.my
,'2017-08-02,03 - 41432971,SAFELINK SDN BHD,"45-1A JALAN 2A/27A SECTION 1, WANGSA MAJU WILAYAH PERSEKUTUAN 53300 KUALA LUMPUR",http://edirectory.matrade.gov.my/application/edirectory.nsf/profile?OpenForm&id=43636&sid=A66FF54FD69DCE170AC9AD2668F5965F,enquiries@safelink.com.my
,'2017-08-02,03 - 33424323,MUHIBBAH AIRLINE SUPPORT INDUSTRIES SDN BHD,"LOT 586, 2ND MILE JALAN BATU TIGA LAMA KLANG 41300 SELANGOR",http://edirectory.matrade.gov.my/application/edirectory.nsf/profile?OpenForm&id=4643&sid=2FE8EC2A8E4944BADC10D6DE2C88590C,admin@masi.com.my
,'2017-08-02,03 - 78051111,SCOTT & ENGLISH (MALAYSIA) SDN BHD,"12, JALAN PEMAJU U1/15 HICOM GLENMARIE INDUSTRIAL PARK SHAH ALAM 40150 SELANGOR",http://edirectory.matrade.gov.my/application/edirectory.nsf/profile?OpenForm&id=4303&sid=02EF03694C4778B5C8A27119F4C0186F,farida_ahmad@sne.com.my
,'2017-08-02,03 - 40411753,WONG BROTHERS ELECTRICAL & REFRIGERATION SDN BHD,"429, 2 3/4 MILE JALAN IPOH  51200 KUALA LUMPUR",http://edirectory.matrade.gov.my/application/edirectory.nsf/profile?OpenForm&id=9141&sid=08CEBE3DC46A374FE4947B21A369B0A1,ceo@wongbros.com
,'2017-08-02,03 - 51220188,POWER FLUIDTRONICS & INDUSTRIES SDN BHD,"LOT 12, JALAN 31/47 SECTION 31, KOTA KEMUNING SHAH ALAM 40460 SELANGOR",http://edirectory.matrade.gov.my/application/edirectory.nsf/profile?OpenForm&id=31261&sid=8FE00385B9CB7557FC8B8AD7AC763C7F,powerfluidtronics@yahoo.com
,'2017-08-02,05 - 5423041,SRT BUILDING SYSTEMS SDN BHD,"35 & 35A, LINTASAN PERAJURIT 17 TAMAN PERDAGANGAN & PERINDUSTRIAN IPOH IPOH 31400 PERAK",http://edirectory.matrade.gov.my/application/edirectory.nsf/profile?OpenForm&id=37296&sid=0F8E94612977A3302FD7B9F56A9A4A78,srttruss@gmail.com
,'2017-08-02,05 - 5332385,VESTECH ENGINEERING SDN. BHD,"LOT 65546, 8 MILE JALAN TAMBUN ULU KINTA 31150 PERAK",http://edirectory.matrade.gov.my/application/edirectory.nsf/profile?OpenForm&id=3371&sid=7BE83432D3E6E3EEC367C4215A73E2E8,vestech@streamyx.com
,'2017-08-02,03 - 26912484,UNIQUE GLOBE (M) SDN BHD,"3RD FLOOR, WISMA RSB 134, JALAN RAJA ABDULLAH  50300 KUALA LUMPUR",http://edirectory.matrade.gov.my/application/edirectory.nsf/profile?OpenForm&id=15069&sid=FC2733C306C3BF7D29A6238C6294FB4F,sheila@lima2007.com
,'2017-08-02,03 - 89457128,AUTO-LINK HOLDINGS SDN BHD,LOT 26368 JALAN DESA SERDANG 5 SERDANG LAMA 43300 SELANGOR,http://edirectory.matrade.gov.my/application/edirectory.nsf/profile?OpenForm&id=15031&sid=F22B43C03722F43E702083D10A72A701,enquiry@autolink.com.my
,'2017-08-02,03 - 78471889,FAST POWER EQUIPMENT SDN BHD,"62, JALAN APOLLO U5/187 BANDAR PINGGIRAN SUBANG SECTION 1, SHAH ALAM 40150 SELANGOR",http://edirectory.matrade.gov.my/application/edirectory.nsf/profile?OpenForm&id=6846&sid=EF45F4E66EB0B5569B6031B50D5317A7,fp_power@tm.net.my
,'2017-08-02,03 - 42707181,CAKARA MARITIME SDN BHD,"11-2, BLOCK B, DATARAN PALMA JALAN SELAMAN 1 AMPANG 68000 SELANGOR",http://edirectory.matrade.gov.my/application/edirectory.nsf/profile?OpenForm&id=15601&sid=B31BD37A904AB31B926933F54BA89604,cakara@tm.net.my
,'2017-08-02,03 - 89463000,KNM PROCESS SYSTEMS SDN BHD,"15, JALAN DAGANG SB 4/1 TAMAN SUNGAI BESI INDAH SERI KEMBANGAN 43300 SELANGOR",http://edirectory.matrade.gov.my/application/edirectory.nsf/profile?OpenForm&id=13798&sid=2576DA05C73FAF2AE0B54B03B58E3211,knm@knm-group.com
,'2017-08-02,03 - 56318770,WANTER TRADING SDN BHD,"LOT 7 & 9, JALAN PJS 11/22 SUNWAY TECHNOLOGY PARK PETALING JAYA 46150 SELANGOR",http://edirectory.matrade.gov.my/application/edirectory.nsf/profile?OpenForm&id=15697&sid=E2EFCDB3085410AF94FA586CB04CF754,kim@eadmin.com.my
,'2017-08-02,03 - 42707181,CAKARA TRADING SDN BHD,"11-2, BLOCK B, DATARAN PALMA JALAN SELAMAN 1 AMPANG 68000 SELANGOR",http://edirectory.matrade.gov.my/application/edirectory.nsf/profile?OpenForm&id=15560&sid=4F19F16698687CC88801F9DC5C55EE70,cakara@tm.net.my
,'2017-08-02,03 - 51922522,QUALITY BUS & COACH (M) SDN BHD,"72, PERSIARAN JUBLI PERAK SECTION 22 SHAH ALAM 40000 SELANGOR",http://edirectory.matrade.gov.my/application/edirectory.nsf/profile?OpenForm&id=6458&sid=CED5FAC489A85DC812DDCBAC0CC2B777,deanne@qualitybus.com.my
,'2017-08-02,03 - 51912208,REACH TECHNOLOGIES SDN BHD,"6, JALAN BAGAN NIRA 26/8, SECTION 26 HICOM INDUSTRIAL ESTATE SHAH ALAM 40400 SELANGOR",http://edirectory.matrade.gov.my/application/edirectory.nsf/profile?OpenForm&id=10323&sid=DC66A0BF4AD0D9EA3A960EEFDEA859BA,mail@reachtech.com.my
,'2017-08-02,03 - 89611100,KENDEK PRODUCTS SDN BHD,"LOT 1032, JALAN KB 2/15 BALAKONG SERI KEMBANGAN 43300 SELANGOR",http://edirectory.matrade.gov.my/application/edirectory.nsf/profile?OpenForm&id=11002&sid=443AD5AECDE0228C30E08A87A8078E5F,kendek@kendek.com
,'2017-08-02,05 - 3211698,P & H PRECISION INDUSTRIES SDN BHD,"LOT 51076, JALAN PENGKALAN OFF JALAN LAHAT LAHAT 31500 PERAK",http://edirectory.matrade.gov.my/application/edirectory.nsf/profile?OpenForm&id=13652&sid=D055CEC0E87CD80D274B418D9B32D61A,phpisbm2007@yahoo.com
,'2017-08-02,07 - 3875669,BINSOON ENTERPRISE SDN BHD,"67 & 67A, JALAN SENA 1 TAMAN RINTING MASAI 81750 JOHOR",http://edirectory.matrade.gov.my/application/edirectory.nsf/profile?OpenForm&id=14186&sid=5483D0CEAD008A66ED26BF8088DA2147,binsoon@katangroup.com.my
,'2017-08-02,03 - 79585979,PINTASAN TRAVEL & TOURS SDN BHD,"3A, JALAN 17/45 PETALING JAYA  46400 SELANGOR",http://edirectory.matrade.gov.my/application/edirectory.nsf/profile?OpenForm&id=38793&sid=C843928459D2F8EB9CB3B591DF776280,info@pintasan.com.my
,'2017-08-02,03 - 56211899,SCHNEIDER CONTROL & DRIVE SYSTEMS (M) SDN BHD,"LOT 4, BLOCK A, JALAN SS 13/7 SUBANG JAYA INDUSTRIAL ESTATE SUBANG JAYA 47500 SELANGOR",http://edirectory.matrade.gov.my/application/edirectory.nsf/profile?OpenForm&id=9028&sid=C39824FE08C65B32A9D298C077DFB3B6,chailing@eita.com.my
,'2017-08-02,03 - 42966400,AY NIAGA SDN BHD,"59 B, JALAN KENCANA 15 TAMAN KENCANA  56100 KUALA LUMPUR",http://edirectory.matrade.gov.my/application/edirectory.nsf/profile?OpenForm&id=10135&sid=AAAB4786007294730AE71180DCCEA711,yusfiamin@ayniaga.com.my
,'2017-08-02,03 - 90756101,SOLID PARTNERS SDN BHD,"31-2, JALAN KASTURI 3 PLAZA KASTURI, OFF JALAN BALAKONG CHERAS 43200 SELANGOR",http://edirectory.matrade.gov.my/application/edirectory.nsf/profile?OpenForm&id=48766&sid=550F9DCF8F72569643BD8BF862501C91,jason@solidpartners.com.my
,'2017-08-02,088 - 793668,H.B SUPER INDUSTRIES SDN BHD,"KM 30, JALAN KOMPLEKS JKR, OFF JALAN TUARAN P.O.BOX 878 TUARAN 89208 SABAH",http://edirectory.matrade.gov.my/application/edirectory.nsf/profile?OpenForm&id=9268&sid=744EAE0CDA76BA3E606600E4DE22EF28,hbsuper@hotmail.com
,'2017-08-02,07 - 2517488,GRAND BANKS YACHTS SDN BHD,"PLO 488, JALAN SUASA KAW PERINDUSTRIAN  PASIR GUDANG P.O. BOX 148, PASIR GUDANG 81707 JOHOR",http://edirectory.matrade.gov.my/application/edirectory.nsf/profile?OpenForm&id=10810&sid=85E00E7452BDA5BA82C88201BBD3A5C0,gbmy@grandbanks.com
,'2017-08-02,07 - 4556333,AE AUTOMOTION (M) SDN BHD,"10 & 12, JALAN MAS 6 TAMAN CHERAS MAS, 8TH MILE CHERAS 43200 SELANGOR",http://edirectory.matrade.gov.my/application/edirectory.nsf/profile?OpenForm&id=31772&sid=DA5628C9F5CA4E790D2F894EE95D3B4C,marketing@ae.com.my
,'2017-08-02,03 - 31341466,LEISURECAT MALAYSIA SDN BHD,"41, LORONG JALA 14/KS10 TELOK GONG, PELABUHAN KELANG  42000 SELANGOR",http://edirectory.matrade.gov.my/application/edirectory.nsf/profile?OpenForm&id=52225&sid=3ADF7FB6D4B388EB892B9855B9154486,abdul@leisurecat.com.my
,'2017-08-02,03 - 21688500,PETRORETAIL SDN BHD,"SUITE 16-01, 16TH FLOOR MENARA TAN & TAN 207, JALAN TUN RAZAK 50400 KUALA LUMPUR",http://edirectory.matrade.gov.my/application/edirectory.nsf/profile?OpenForm&id=12895&sid=2E4F8F942F744B614A93B2E4C3E60025,kamarul@petro-retail.com
,'2017-08-02,09 - 8593676,GELIGA SLIPWAY SDN BHD,"LOT 1046, JALAN TAMAN DESA AWANA BUKIT KUANG KEMAMAN 24000 TERENGGANU",http://edirectory.matrade.gov.my/application/edirectory.nsf/profile?OpenForm&id=51588&sid=511C786C9884606F16DC0BE14D838C06,geligaslipway@sumaigroup.com
,'2017-08-02,03 - 55143000,CHENG HUA ENGINEERING WORKS SDN BHD,"LOT 10383/10384,  JALAN LAKSAMANA 20 OFF JALAN SG JATI KLANG 41200 SELANGOR",http://edirectory.matrade.gov.my/application/edirectory.nsf/profile?OpenForm&id=12757&sid=0D908DCAD2A4424882B88C84544F800F,info@chenghua-m.com
,'2017-08-02,03 - 26973900,SPBA ENGINEERING SDN BHD,RUMAH ROHAS 61 JALAN RAJA ABDULLAH KAMPONG BARU  50300 KUALA LUMPUR,http://edirectory.matrade.gov.my/application/edirectory.nsf/profile?OpenForm&id=52544&sid=6F6EFDF3DE47C92500E4822D762EC4D3,rei@rohaseuco.com
,'2017-08-02,01 - 22180752,INFINITE POWER SDN BHD,"UNIT 1212, BLOCK A4 LEISURE COMMERCE SQUARE 9 JALAN PJS 8/9 46150 SELANGOR",http://edirectory.matrade.gov.my/application/edirectory.nsf/profile?OpenForm&id=80770&sid=1FF90DFA016DA6500C58D0BBB4207617,infinitepowersb@gmail.com
,'2017-08-02,03 - 551399,TPG OIL AND GAS SDN BHD,"UNIT 1C, 3C & 5C, 3RD FLOOR, BLOCK 2 JALAN TINJU13/50 SECTION 13, SHAH ALAM 40675 SELANGOR",http://edirectory.matrade.gov.my/application/edirectory.nsf/profile?OpenForm&id=81522&sid=CAC95D5DE5A280EF9C674F6C54F5072A,rms@tpgoilandgas.my
,'2017-08-02,03 - 61380033,PRESTAR MARKETING SDN BHD,"LOT 17494, 8 1/2 MILES JALAN IPOH, SELAYANG INDUSTRIAL ESTATE BATU CAVES 68100 SELANGOR",http://edirectory.matrade.gov.my/application/edirectory.nsf/profile?OpenForm&id=6408&sid=78B1451BCCFA8EDA7381B312630F855E,info@prestar.com.my
,'2017-08-02,085 - 660008,NORTH JAVA SEA GROUP (MALAYSIA) SDN BHD,"LOT 6358, KBLD BLOCK 10 DESA LUTONG INDUSTRIAL ESTATE LUTONG BARU 98008 SARAWAK",http://edirectory.matrade.gov.my/application/edirectory.nsf/profile?OpenForm&id=84581&sid=43E97ADA32BFAC3BF1579EF6B6C8D3D4,njs-matrade@northjavasea.com
,'2017-08-02,03 - 78053190,PROTANK MISSION SYSTEMS SDN BHD,"30, JALAN SS 25/23 TAMAN MAYANG PETALING JAYA 47301 SELANGOR",http://edirectory.matrade.gov.my/application/edirectory.nsf/profile?OpenForm&id=50354&sid=F0281D2CEB278FD47CB7849D14EEFC5F,enquiry@protank.com.my
,'2017-08-02,03 - 61515727,ARON RINANI SDN BHD,H-3A-1 BLOK HPUSAT PERDAGANGAN KOTA DAMANSARA JALAN PJU 5/1 KOTA DAMANSARA PETALING JAYA 47810 SELANGOR,http://edirectory.matrade.gov.my/application/edirectory.nsf/profile?OpenForm&id=82474&sid=42D5AAAA5D562AF9DDD13FC21DE9BED1,ibrahim@aronrinani.com.my
,'2017-08-02,04 - 2107210,ATARA GLOBAL SDN BHD,10 LINTANG DELIMA 10 GELUGOR 11700 PULAU PINANG,http://edirectory.matrade.gov.my/application/edirectory.nsf/profile?OpenForm&id=83491&sid=51EDE3AAE3D7D5C4A13D3B5A0EB973DA,lsyassociates@gmail.com
,'2017-08-02,03 - 78800256,COMPOSITES TECHNOLOGY RESEARCH MALAYSIA SDN BHD,LEVEL 2 EON OFFICE COMPLEX NO 2 PERSIARAN KERJAYA SECTION U1 SHAH ALAM 40150 SELANGOR,http://edirectory.matrade.gov.my/application/edirectory.nsf/profile?OpenForm&id=9590&sid=751409E704E04E0E9DF93D8421734653,azham.baharin@ctrmact.com
,'2017-08-02,03 - 42874395,MARITIME TECHNOADVANCE & SERVICES SDN BHD,9-1 JALAN EXCELLA 2 TAMAN AMPANH HILIR KUALA LUMPUR 55100 KUALA LUMPUR,http://edirectory.matrade.gov.my/application/edirectory.nsf/profile?OpenForm&id=87487&sid=ABD21562184035DAFF647818807EA422,info@alcompmitas.com
,'2017-08-02,09 - 6223762,E.W. HARDWARE TRADING SDN BHD,36-U JALAN BUKIT KECIL KUALA TERENGGANU 21100 TERENGGANU,http://edirectory.matrade.gov.my/application/edirectory.nsf/profile?OpenForm&id=85673&sid=3D26C7D748735971CEB4BD78015BBCD9,ewhtsb@gmail.com
,'2017-08-02,084 - 316737,EAST OCEANIC SHIPYARD SDN BHD,9B HOSE LANE SIBU 96000 SARAWAK,http://edirectory.matrade.gov.my/application/edirectory.nsf/profile?OpenForm&id=79242&sid=6084A71EFDDA51B2119828BE9575D4A5,eastoceanicshipy@gmail.com
,'2017-08-02,03 - 55427333,MODU SYSTEM (M) SDN BHD,"7, JALAN SAHAM 23/3 SECTION 23 SHAH ALAM 40000 SELANGOR",http://edirectory.matrade.gov.my/application/edirectory.nsf/profile?OpenForm&id=15044&sid=1658065144A132DCAE9CDCB48360964A,info@modu-system.com
,'2017-08-02,03 - 41491841,GLOBAL SAR RESOURCES SDN BHD,"21-2,2ND FLOOR, BLOCK 1B JALAN WANGSA DELIMA 13 WANGSA LINK, WANGSA MAJU 53300 KUALA LUMPUR",http://edirectory.matrade.gov.my/application/edirectory.nsf/profile?OpenForm&id=43078&sid=5118E49002B12F28A79C927FCC9F85D0,globalsar@gmail.com
,'2017-08-02,03 - 89626530,GLORYMAS (M) SDN BHD,"11A, JALAN 6/2A TAMAN SELESA JAYA BALAKONG 43300 SELANGOR",http://edirectory.matrade.gov.my/application/edirectory.nsf/profile?OpenForm&id=2193&sid=A0F622E97735DC8CB6F8DC9CA31DF9EB,christiecg@hotmail.com
,'2017-08-02,06 - 9531197,LAIHENG ENGINEERING SDN BHD,"109-7, BATU SATU JALAN BAKRI MUAR 84000 KEDAH",http://edirectory.matrade.gov.my/application/edirectory.nsf/profile?OpenForm&id=74894&sid=26A5ADC61A697C4947831137EE3CA4ED,laihenglaiheng@yahoo.com
,'2017-08-02,03 - 62728292,ARINEX SDN BHD,274 JALAN KIP 3 KEPONG INDUSTRIAL PARK SRI DAMANSARA 52200 KUALA LUMPUR,http://edirectory.matrade.gov.my/application/edirectory.nsf/profile?OpenForm&id=36512&sid=CDFDA017C60841090EAF5EE4ADB6BF8D,mail@arinex.com
,'2017-08-02,03 - 61899832,TAN CHONG INDUSTRIAL EQUIPMENT SDN BHD,"LOT 3, JALAN PERUSAHAAN SATU BATU CAVES  68100 SELANGOR",http://edirectory.matrade.gov.my/application/edirectory.nsf/profile?OpenForm&id=77028&sid=BF90691C5D19318C0363AC96772A33A7,enquiry@tcie.com.my
,'2017-08-02,09 - 5383531,AEROSPACE TECHNOLOGY SYSTEMS CORP. SDN BHD,"KM 16,  JALAN GAMBANG P.O. BOX 28 JAYA GADING,  KUANTAN 26070 PAHANG",http://edirectory.matrade.gov.my/application/edirectory.nsf/profile?OpenForm&id=11215&sid=5E4EB12EBC335724C879DBD8004B320C,contact@atsc.com.my
,'2017-08-02,03 - 77223842,DINASTIA JATI SDN BHD,"3A-6A, JALAN PJU 8/3A PERDANA BUSINESS CENTRE DAMANSARA PERDANA 47820 SELANGOR",http://edirectory.matrade.gov.my/application/edirectory.nsf/profile?OpenForm&id=77256&sid=607DCA445F1EDBDCE5C0DDF84399495F,info@dinastiajati.com
,'2017-08-02,03 - 57408888,TRANS ELITE GROUP SDN BHD,"5,JALAN SUNGAI KAYU ARA 32/37 TAMAN PERINDUSTRIAN BERJAYA SEKSYEN 32 40460 SELANGOR",http://edirectory.matrade.gov.my/application/edirectory.nsf/profile?OpenForm&id=77473&sid=6C5610EF9DF4BFEA0B86835F3C943F58,teadmin@transelite.com
,'2017-08-02,084 - 310668,SAPOR SHIPBUILDING INDUSTRIES SDN BHD,"19 & 21, 1ST FLOOR JLN CHENGAL SIBU 96000 TERENGGANU",http://edirectory.matrade.gov.my/application/edirectory.nsf/profile?OpenForm&id=79405&sid=7E59F9D14349E339DBB8A226341643D9,info@sapor.com.my
,'2017-08-02,084 - 217117,RAJANG MAJU SHIPBUILDING SDN BHD,"LOT 13-14 LORONG TG. KIBONG 4 RANTAU PANJANG, SIBU 96000 SARAWAK",http://edirectory.matrade.gov.my/application/edirectory.nsf/profile?OpenForm&id=79654&sid=BCA24E115F12667666DD0355C5C8E406,rajangmaju@hotmail.com
,'2017-08-02,084 - 217629,HUNG SENG SHIPBUILDING (M) SDN BHD,LOT 527 BLOCK 1 SEDUAN LAND DISTRICT RANTAU PANJANG 96000 SARAWAK,http://edirectory.matrade.gov.my/application/edirectory.nsf/profile?OpenForm&id=62245&sid=D872D05D4011AC532D4E31056A09EA3D,ferdinand.w@hungsengshipyard.com.my
,'2017-08-02,06 - 3361977,IMPRESSIVE EDGE SDN BHD,12A JALAN TTC 29 TAMAN TEKNOLOGI CHENG 75250 MELAKA,http://edirectory.matrade.gov.my/application/edirectory.nsf/profile?OpenForm&id=78037&sid=DFDB7A03C47E8FC7EADCE7242B1E555F,yeocp@impressive-edge.com
,'2017-08-02,09 - 6223700,MSET SHIPBUILDING CORPORATION SDN BHD,19 JALAN HILIRAN PULAU KAMBING KUALA TERENGGANU 20300 TERENGGANU,http://edirectory.matrade.gov.my/application/edirectory.nsf/profile?OpenForm&id=79732&sid=DE088CD4437C224DFE37D69D8FCF78CC,msetsc@mset.com.my
,'2017-08-02,07 - 5627737,GOGREEN WORLDWIDE ENERGY SDN BHD,17 & 19 JALAN INANG 1 SKUDAI 81300 JOHOR,http://edirectory.matrade.gov.my/application/edirectory.nsf/profile?OpenForm&id=87471&sid=945DAD99812A883F7C8EB12C29ADAE9A,cidiwaha@gogreenworldwideenergy.com
,'2017-08-02,06 - 2532196,ADMANCO SDN BHD,"LOT 15A, JALAN LINGKUNGAN USAHA KAW PERINDUSTRIAN AYER KEROH 75450, MELAKA 75450 MELAKA",http://edirectory.matrade.gov.my/application/edirectory.nsf/profile?OpenForm&id=80358&sid=85E6460D9F9E525BBBB1F4BCA54A3ADD,admin@admanco.com.my
,'2017-08-02,084 - 211212,EASTERN MARINE SHIPBUILDING SDN BHD,20 GROUND FLOOR LORONG WONG TING HOCK 1 96000 SARAWAK,http://edirectory.matrade.gov.my/application/edirectory.nsf/profile?OpenForm&id=79238&sid=8E3F609EE4E848B7B677D3A1400B367B,account@easternmarine.com.my
,'2017-08-02,016 - 2067501,DOSH RAIN CONSULT INTERNATIONAL SDN BHD,SUITE 2.11 UNIKEB BUILDING NATIONAL UNIVERSITY OF MALAYSIA BANGI 43650 SELANGOR,http://edirectory.matrade.gov.my/application/edirectory.nsf/profile?OpenForm&id=79380&sid=ECCE1EC7E66854D6F28E856EC1269D26,doshrainxo@doshrain.com
,'2017-08-02,084 - 229308,KEMUDI SANTUN SDN BHD,LOT 205 & 303 SG. MAAW ROAD SG. BIDUT 96000 SARAWAK,http://edirectory.matrade.gov.my/application/edirectory.nsf/profile?OpenForm&id=80450&sid=71E01F8CE95327B9D51C7E811B5DB0DD,gimhwak@ymail.com
,'2017-08-02,084 - 229318,GIMHWAK SHIPYARD SDN BHD,LOT 205 303 SG MAAW ROAD SG BIDUT 96000 SARAWAK,http://edirectory.matrade.gov.my/application/edirectory.nsf/profile?OpenForm&id=65429&sid=2363F0E0C19CADB2B9497E89ECFCBF81,hrdepartmentghg@gmail.com
,'2017-08-02,084 - 217117,RAJANG MAJU MARINE INDUSTRIES SDN BHD,"LOT 13-14 LORONG TG. KIBONG 4 RANTAU PANJANG, SIBU 96000 SARAWAK",http://edirectory.matrade.gov.my/application/edirectory.nsf/profile?OpenForm&id=80363&sid=B9850081BBC15F2791EF865B9D4FD5B5,rajangmaju@hotmail.com
,'2017-08-02,03 - 58826060,CREDEN MECHATRONIC SDN BHD,"9, JALAN JURUUKUR U1/19 HICOM GLENMARIE INDUSTRIAL PARK SHAH ALAM 40150 SELANGOR",http://edirectory.matrade.gov.my/application/edirectory.nsf/profile?OpenForm&id=11956&sid=0AB0ECFBEDB814C0B50E6E612635D370,hra_crm@creden.com
,'2017-08-02,084 - 310211,TUONG AIK SHIPYARD SDN BHD,"LOT 22 & 112 JALAN SG. MA'AW SUNGAI BIDUT, SIBU 96000 SARAWAK",http://edirectory.matrade.gov.my/application/edirectory.nsf/profile?OpenForm&id=8025&sid=A51DA234EEE4A58C0AD7873C3A36923C,general@tuongaikshipyard.com.my
,'2017-08-02,03 - 77323208,ESIONAL LUBRICANTS MANUFACTURING SDN BHD,"W-3A-06 & W-3A-07, LEVEL 3A, WEST WING METROPOLITAN SQUARE, JALAN PJU 8/1 BANDAR DAMANSARA PERDANA, PETALING JAYA 47820 SELANGOR",http://edirectory.matrade.gov.my/application/edirectory.nsf/profile?OpenForm&id=45617&sid=D0148C769023A945DBD162FA8BBA55B9,ericshyap@yahoo.com
,'2017-08-02,03 - 78323222,ROLLING STOCK CONSULTANTS SDN.BHD,LOT 7815 JALAN BUKIT CHERAKAH MONTEREZ U9 SHAH ALAM 40150 SELANGOR,http://edirectory.matrade.gov.my/application/edirectory.nsf/profile?OpenForm&id=94468&sid=4EA7D50F344EA92CE1207935FB272AB1,info@rollingstock.com.my
,'2017-08-02,03 - 78321063,SPRO OIL & GAS SDN BHD,UNIT E-6-08 OASIS SQUARE JALAN PJU 1 A/7A ARA DAMANSARA PETALING JAYA 47301 SELANGOR,http://edirectory.matrade.gov.my/application/edirectory.nsf/profile?OpenForm&id=93990&sid=1BF775C9E9E8695FE309606021C1B495,cs01@spro-solutions.com
,'2017-08-02,03 - 77253828,NATURAL PATH SDN BHD,"10 BOULVEVARD, BLOCK ALLAMANDA, A-1-13, PJU6A,  PETALING JAYA 47400 SELANGOR",http://edirectory.matrade.gov.my/application/edirectory.nsf/profile?OpenForm&id=52346&sid=7A8DEB9587128B7EE197ED7611CE2805,daniel@natural-path.com.my
,'2017-08-02,084 - 219833,CAPRICORN CENTRAL SHIPBUILDING SDN BHD,"1ST FLOOR, 3 LORONG PAHLAWAN 7A2 JALAN PAHLAWAN SIBU 96000 SARAWAK",http://edirectory.matrade.gov.my/application/edirectory.nsf/profile?OpenForm&id=95558&sid=EDADCE4EA3D12DBE508CB92AF2B4F0A5,joy@starindocapricorn.com
,'2017-08-02,084 - 218510,VITAWANI SHIPBUILDING SDN BHD,"LOT 525 & 526 BLOCK 1 SEDUAN LAND DISTRICT, RANTAU PANJANG 96000 SARAWAK",http://edirectory.matrade.gov.my/application/edirectory.nsf/profile?OpenForm&id=86994&sid=01566098D1A9A8463F24CB9F0698121E,enquiries@vitawani.com
,'2017-08-02,03 - 80527299,PALM ECO PALLET SDN BHD,10 JALAN PUTERI 5/5 BANDAR PUTERI  47100 SELANGOR,http://edirectory.matrade.gov.my/application/edirectory.nsf/profile?OpenForm&id=96932&sid=D88CAF3FF314D59F3F859697FAA3888D,palmecopallet@gmail.com
,'2017-08-02,04 - 5884779,CTRIC KLIFT (M) SDN BHD,NO 1988 1989 JALAN BUKIT MINYAK KAWASAN PERINDUSTRIAN RINGAN ASAS JAYA 14000 PULAU PINANG,http://edirectory.matrade.gov.my/application/edirectory.nsf/profile?OpenForm&id=98409&sid=84C4ECEC07509F1257F5686A1115B199,ctric_klift@yahoo.com
,'2017-08-02,07 - 3512020,TOYO SHO INDUSTRIAL PRODUCTS SDN BHD,PLO 226 JALAN KENCANA MAS KAWASAN PERINDUSTRIAN TEBRAU III 81100 JOHOR,http://edirectory.matrade.gov.my/application/edirectory.nsf/profile?OpenForm&id=94254&sid=F49F397A692A129F6236C9BF7E3AA6C1,goh@toyosho.com
,'2017-08-02,04 - 5011525,EC STEEL (M) SDN BHD,"PLOT 210A, JALAN PERINDUSTRIAN BUKIT MINYAK 6 KAW PERINDUSTRIAN BUKIT MINYAK SEBERANG PERAI TENGAH 14000 PULAU PINANG",http://edirectory.matrade.gov.my/application/edirectory.nsf/profile?OpenForm&id=90455&sid=81E632C50F6B3615D02FA03AED955C24,yttham@ecsteel.com.my
,'2017-08-02,084 - 324516,NGIE LEE DOCKYARD SDN BHD,5 TINGKAT 2 LORONG 11 JALAN KAMPUNG DATU P.O. BOX 1738 SIBU SARAWAK 96000 SARAWAK,http://edirectory.matrade.gov.my/application/edirectory.nsf/profile?OpenForm&id=98432&sid=9D71E5FE75FD0B1487C66F19EA8F1CCB,ngieleedockyard@hotmail.com
,'2017-08-02,03 - 80686028,ITRIMECH TECHNOLOGY (M) SDN BHD,"NO 10, JALAN TPP 1/10, TAMAN INDUSTRI PUCHONG BATU 12, JALAN PUCHONG PUCHONG 47100 SELANGOR",http://edirectory.matrade.gov.my/application/edirectory.nsf/profile?OpenForm&id=67129&sid=3C9E5DA99398029D772BFA5011752065,michaeltan@itrimech.com.my
,'2017-08-02,03 - 31627838,DC TRUCK TOOLS SDN BHD,LOT 126 TINGKAT BAWAH SOLOK PENDAMAR INDAH 1 TAMAN PENDAMAR INDAH KLANG 42000 SELANGOR,http://edirectory.matrade.gov.my/application/edirectory.nsf/profile?OpenForm&id=98681&sid=69D59DDB8BAA587A7DC333F67D6952E2,dctrucktools@gmail.com
,'2017-08-02,06 - 7941245,NCMC MANUFACTURING SDN BHD,"LOT 1477, NILAI INDUSTRIAL ESTATE PHASE II NILAI 71800 NEGERI SEMBILAN",http://edirectory.matrade.gov.my/application/edirectory.nsf/profile?OpenForm&id=81443&sid=0B37B1424401B2078319CA3D3FCFBDF6,sales@ncmc-manufacturing.com
,'2017-08-02,03 - 62065556,ERODROMO CMA SDN BHD,C3-6-3 SOLARIS DUTAMAS NO 1 JALAN DUTAMAS 1  50480 KUALA LUMPUR,http://edirectory.matrade.gov.my/application/edirectory.nsf/profile?OpenForm&id=99673&sid=0AE728491AE4D2A688E4D223944782DF,farida.ariffin@erodromo.com
,'2017-08-02,03 - 41498453,JAYONIK MSC SDN BHD,NO 7-1 JALAN WANGSA DELIMA 5 PUSAT BANDAR BARU WANGSA MAJU  53300 KUALA LUMPUR,http://edirectory.matrade.gov.my/application/edirectory.nsf/profile?OpenForm&id=90303&sid=4BC9F1C71C016CD2E425653AE89987B5,ainulazlan@jayonik.com.my
,'2017-08-02,09 - 6668748,MSET INFLATABLE COMPOSIT CORPORATION SDN BHD,LOT 7976K INDUSTRIAL ZONE GONG BADAK KUALA TERENGGANU 21300 TERENGGANU,http://edirectory.matrade.gov.my/application/edirectory.nsf/profile?OpenForm&id=52502&sid=62E76A27A1972A21FCC965C1C0EF0571,msetic@mset.com.my
,'2017-08-02,09 - 6174499,SUMAI ENGINEERING SDN BHD,LOT 903-K KAW PERINDUSTRIAN CHENDERING KUALA TERENGGANU 21080 TERENGGANU,http://edirectory.matrade.gov.my/application/edirectory.nsf/profile?OpenForm&id=7055&sid=A0067FC27B1E105CCFF9922B2A0ED394,wyuddin@sumaigroup.com
,'2017-08-02,03 - 78462249,MPSI STEEL INDUSTRIES SDN BHD,"7, JALAN TUDM KAMPUNG BARU SUBANG SHAH ALAM 40150 SELANGOR",http://edirectory.matrade.gov.my/application/edirectory.nsf/profile?OpenForm&id=82045&sid=BF78B23C58826F10017CCB51D9EE0A54,"sean.chan@mpsi.com.my , leeliyew@yahoo.com.my"
,'2017-08-02,086 - 331011,BORNEO SHIPPING & TIMBER AGENCIES SDN BHD,LOT 3055 JALAN SUNGAI NYIGU P.O.BOX 2358 BINTULU 97011 SARAWAK,http://edirectory.matrade.gov.my/application/edirectory.nsf/profile?OpenForm&id=87306&sid=1FDBECD9B1120AA5589061DEDE3A4F67,bsta.bintulu@gmail.com
,'2017-08-02,314 - 91869,HUBNER MALAYSIA SDN. BHD.,"NO.9 JALAN 1/1, KAWASAN PERUSAHAAN OLAK LEMPIT BANTING, SELANGOR 42700 SELANGOR",http://edirectory.matrade.gov.my/application/edirectory.nsf/profile?OpenForm&id=90651&sid=164D99AFD60A2BB1B758D8095344FFA0,akmimaslina.karim@hubner-malaysia.com
,'2017-08-02,03 - 80238262,BARRAT INTEGRA SDN BHD,43 JALAN USJ 21/11 UEP SUBANG JAYA 47630 SELANGOR,http://edirectory.matrade.gov.my/application/edirectory.nsf/profile?OpenForm&id=61931&sid=5DEDA7FA875945DE4F6E4287A672A349,gklee@barrat.com.my
,'2017-08-02,07 - 8832070,YEN HONG MARINE SDN BHD,"7, JALAN MAWAI 1 TAMAN MAWAI JAYA KOTA TINGGI 81900 JOHOR",http://edirectory.matrade.gov.my/application/edirectory.nsf/profile?OpenForm&id=86972&sid=0645BB465F03539A5BE411FCEFCE1BFE,fong@yenhong.com
,'2017-08-02,07 - 5623547,DF AUTOMATION & ROBOTICS SDN BHD,37 JALAN IMPIAN EMAS 5/5 TAMAN IMPIAN EMAS SKUDAI 81300 JOHOR,http://edirectory.matrade.gov.my/application/edirectory.nsf/profile?OpenForm&id=82392&sid=173A753B278C99D82A1BBDD8E0E7A1C6,cfyeong@dfautomation.com
,'2017-08-02,07 - 2518828,GAYLIN MALAYSIA SDN BHD,PLO 475 C JALAN IPIL PO BOX 91 KAWASAN PERINDUSTRIAN TANJUNG LANGSAT PASIR GUDANG 81707 JOHOR,http://edirectory.matrade.gov.my/application/edirectory.nsf/profile?OpenForm&id=100501&sid=1008575E6BEF74043F9F0FED7CC031A3,offshore-malaysia@gaylin.com
,'2017-08-02,05 - 3572739,DS RUBBER PRODUCTS SDN BHD,42 JALAN INDUSTRI 4/2 GOPENG INDUSTRIAL PARK GOPENG 31600 PERAK,http://edirectory.matrade.gov.my/application/edirectory.nsf/profile?OpenForm&id=60880&sid=B9506ADB85DF6B9D36707245D337E2D3,dsrubberoh@yahoo.com.sg
,'2017-08-02,03 - 61417930,INNOPEAK (M) SDN BHD,"LOT 20, JALAN TEKNOLOGI 3/5 SELANGOR SCIENCE PARK 1, KOTA DAMANSARA PETALING JAYA 47810 SELANGOR",http://edirectory.matrade.gov.my/application/edirectory.nsf/profile?OpenForm&id=9144&sid=5C204F12F4E848D6DBA2A95B6CAC053D,suzanna@innopeak.com
,'2017-08-02,07 - 8636315,MONZONE MANUFACTURING SDN BHD,NO 7 JALAN INDAH GEMILANG 1 TAMAN PERINDUSTRIAN GEMILANG ULU TIRAM 81800 JOHOR,http://edirectory.matrade.gov.my/application/edirectory.nsf/profile?OpenForm&id=102778&sid=3333FFEDAD06F8AC233D5F752BFC1902,monzone@singnet.com.sg
,'2017-08-02,07 - 3577900,JOO LEONG AUTO PARTS SDN BHD,"38,JALAN MUTIARA EMAS 5/14 TAMAN MOUNT AUSTIN JOHOR BAHRU 81100 JOHOR",http://edirectory.matrade.gov.my/application/edirectory.nsf/profile?OpenForm&id=78007&sid=5BE1C54A4EC28FFA5182A8EEDBBC55E7,jooleong.account@hotmail.com
,'2017-08-02,03 - 78455224,AUTOKEEN SDN BHD,"LOT PT 31563 (2790) PERSIARAN ELEKTRON SECTION U16, KG MELAYU SUBANG SHAH ALAM 40160 SELANGOR",http://edirectory.matrade.gov.my/application/edirectory.nsf/profile?OpenForm&id=12437&sid=D60868BE64599E848CB865AA207F03CA,meemaa@autokeen.com.my
,'2017-08-02,03 - 76100100,SERI AERO JAYA SDN BHD,D-10-3A MENARA MITRALAND 13A JALAN PJU 5/1 KOTA DAMANSARA 47810 SELANGOR,http://edirectory.matrade.gov.my/application/edirectory.nsf/profile?OpenForm&id=91737&sid=3B1D6C30B47B0CAE4D5D3A9C84667D9A,info@seriaero.com
,'2017-08-02,03 - 61876933,PAM GLOBAL SDN. BHD.,LOT 506 JALAN NILAI 7/10 KAWASAN PERINDUSTRIAN NILAI 7 NILAI 71800 NEGERI SEMBILAN,http://edirectory.matrade.gov.my/application/edirectory.nsf/profile?OpenForm&id=104162&sid=781227ECAA0B5E15FEAA4A2970525CC3,pamglobal13@gmail.com
,'2017-08-02,03 - 62860777,SME AEROSPACE SDN BHD,LOT 14643 LOCKED BAG NO. 222 SUNGAI BULOH 47000 SELANGOR,http://edirectory.matrade.gov.my/application/edirectory.nsf/profile?OpenForm&id=3072&sid=30E4FEFC0446DC3D441FA705A06F2077,paceo@smea.com.my
,'2017-08-02,03 - 21817825,INTER PERFECTION LOGISTICS SDN BHD,11-06 PLAZA 138 JALAN AMPANG  50450 KUALA LUMPUR,http://edirectory.matrade.gov.my/application/edirectory.nsf/profile?OpenForm&id=101534&sid=95C9D37B2256B609382E3CBB69F0832E,iplogsb@gmail.com
,'2017-08-02,03 - 21806300,ICON OFFSHORE BERHAD,"LEVEL 12A EAST WING, THE ICON NO. 1, JALAN 1/68F JALAN TUN RAZAK 55000 KUALA LUMPUR",http://edirectory.matrade.gov.my/application/edirectory.nsf/profile?OpenForm&id=15782&sid=7AB38378CD5CE79842066053175FA790,chartering@iconoffshore.com.my
,'2017-08-02,084 - 322123,FAR EAST SHIPYARD COMPANY SENDIRIAN BERHAD,"2 (2ND FLOOR), LORONG 11 JALAN KG DATU, P.O.BOX 354 SIBU 96007 SARAWAK",http://edirectory.matrade.gov.my/application/edirectory.nsf/profile?OpenForm&id=4573&sid=055DDD0AF14F669D232521B0663C0E7B,fareastshipyardsibu@yahoo.com
,'2017-08-02,03 - 51623096,TOP SLINGS TRADING SDN BHD,LOT 11071 & 11072 BATU 3 1/2 JALAN KAMPUNG JAWA KLANG 41000 SELANGOR,http://edirectory.matrade.gov.my/application/edirectory.nsf/profile?OpenForm&id=107250&sid=D999FBCEC91FE8D8D7EAA2A6C1347420,chaw@topslings.com.my
,'2017-08-02,03 - 60928888,KELAB VENDOR PERODUA MALAYSIA,"C/O PROCUREMENT & VENDOR  DEVELOPMENT DEPARTMENT PERODUA AUTOMOTIVE CENTRE LOCKED BAG 226, SG CHOH, RAWANG 48009 SELANGOR",http://edirectory.matrade.gov.my/application/edirectory.nsf/profile?OpenForm&id=11516&sid=378AAAE00F1E9E9F7E7DBAB883424B5A,kvp@perodua.com.my
,'2017-08-02,012 - 4207510,CENTURY RELIGIOUS SUPPLY,83 RESERVOIR CRESCENT  11500 PULAU PINANG,http://edirectory.matrade.gov.my/application/edirectory.nsf/profile?OpenForm&id=85643&sid=5AFC837E520E3A171207FCDF08D4568B,linkuen41@gmail.com
,'2017-08-02,03 - 80768718,CTRUK BOATS SDN BHD,SUITE 15 6TH FLOOR IOI BUSINESS PARK BANDAR PUCHONG JAYA PUCHONG 47170 SELANGOR,http://edirectory.matrade.gov.my/application/edirectory.nsf/profile?OpenForm&id=103940&sid=D7B8721318BD69F761EEC19945781D51,azmanisa@ctruk.com.my
,'2017-08-02,084 - 218481,GOLDEN ALLRICH SDN BHD,10A LORONG 2 JALAN THEN KUNG SUK 96000 SARAWAK,http://edirectory.matrade.gov.my/application/edirectory.nsf/profile?OpenForm&id=79470&sid=F316619D676C1AB6ECA17CECCD13058F,goldenallrich@gmail.com
,'2017-08-02,03 - 40400280,AH HONG MOTOR SDN BHD,NO 621 JALAN SENTUL  51000 KUALA LUMPUR,http://edirectory.matrade.gov.my/application/edirectory.nsf/profile?OpenForm&id=104802&sid=4097F849AE252000CDAC72F3436A1DA8,account@ahhongmotor.com.my
