FAILMSG,BIZADD,DATE_SCRAPED,TEL,HREF,EMAIL,CONAME
,"29, JALAN MUTIARA EMAS 4/19 MOUNT AUSTIN INDUSTRIAL PARK JOHOR BAHRU 81100 JOHOR",'2017-08-02,07 - 3536155,http://edirectory.matrade.gov.my/application/edirectory.nsf/profile?OpenForm&id=12660&sid=DAEA7070B08CC283E444A1EBE5E2E6E1,as001@ablespeed.com,ABLE-SPEED SDN BHD
,ALLOYMTD GROUP 1 JLN BATU CAVES BATU CAVES 68100 SELANGOR,'2017-08-02,03 - 61951348,http://edirectory.matrade.gov.my/application/edirectory.nsf/profile?OpenForm&id=81672&sid=CEA1A49006DFA7BB131F4FD5617FC95F,sales.acpdmt@alloymtd.com,ACP-DMT SDN BHD
,"A694, JALAN KIANSOM KAMPUNG KIAMBALANG  88450 SABAH",'2017-08-02,014 - 6992247,http://edirectory.matrade.gov.my/application/edirectory.nsf/profile?OpenForm&id=94493&sid=D65426E85465ABEB881E78A37574068C,codi.hoyu@gmail.com,HOYU TAYAR SDN BHD
,NO 6 JALAN TPP 1/17 TAMAN INDUSTRI PUCHONG 47100 SELANGOR,'2017-08-02,012 - 3778128,http://edirectory.matrade.gov.my/application/edirectory.nsf/profile?OpenForm&id=95207&sid=B9DF52B3657B999C76CF05E03F10B835,sales@hawesco.com.my,HAWESCO INDUSTRIES
,SUITE 20B LEVEL 20 SUNWAY TOWER 86 JALAN AMPANG 50450 KUALA LUMPUR,'2017-08-02,03 - 28581368,http://edirectory.matrade.gov.my/application/edirectory.nsf/profile?OpenForm&id=91671&sid=4025A1AE2B1602A003785753DDE17FC7,enquiries@r1international.com,R1 INTERNATIONAL MALAYSIA SDN. BHD.
,"LOT 7109, BATU 5 1/4 JALAN KAPAR KLANG 42100 SELANGOR",'2017-08-02,03 - 32917000,http://edirectory.matrade.gov.my/application/edirectory.nsf/profile?OpenForm&id=65988&sid=07EEA6808EB6F0809258D2AE7CC0E878,maxrub@streamyx.com,MAXRUBBER INDUSTRIES SDN BHD
,"15A, BANGUNAN SULTAN JALAN BANGSAR  59200 KUALA LUMPUR",'2017-08-02,03 - 22822402,http://edirectory.matrade.gov.my/application/edirectory.nsf/profile?OpenForm&id=33362&sid=40BF2F3B9C20C93B592D9083BB7CE7E9,hardeenjc1@yahoo.com,JC SYNERGY TRADING
,"8 PERSIARAN PERINDUSTRIAN PENGKALAN 3 IPOH,LAHAT, LAHAT, PERAK 31500 PERAK",'2017-08-02,012 - 5297707,http://edirectory.matrade.gov.my/application/edirectory.nsf/profile?OpenForm&id=86084&sid=3A132FE3B3BEBA20C9AA91733357E890,stargroup1954@hotmail.com,SOUTH STAR ENTERPRISE
,"36, JLN P10/21, SECTION 10 TMN INDUSTRI SELAMAN BANDAR BARU BANGI 43650 SELANGOR",'2017-08-02,03 - 89222988,http://edirectory.matrade.gov.my/application/edirectory.nsf/profile?OpenForm&id=2447&sid=322A143241D545C55175F50499753117,klss@khailien.com.my,KHAI LIEN SILK SCREEN SUPPLIERS (M) SDN BHD
,46-48 LORONG SENAWANG 2/2 KAW PERUSAHAAN SENAWANG 70450 NEGERI SEMBILAN,'2017-08-02,06 - 6792828,http://edirectory.matrade.gov.my/application/edirectory.nsf/profile?OpenForm&id=84153&sid=EA8F4E755076264324D7AE69C8B4DC85,acten@actengroup.com.my,ACTEN TIRE TECHNOLOGY SDN BHD
,LOT 1562 BERJUNTAI BISTARI BATANG BERJUNTAI 45600 SELANGOR,'2017-08-02,03 - 32710200,http://edirectory.matrade.gov.my/application/edirectory.nsf/profile?OpenForm&id=9088&sid=6149EB50BB467E6B0D01547AA2434474,asri@seginiaga.com.my,SEGINIAGA RUBBER INDUSTRIES SDN BHD
,"90, JALAN KEDAH   10050 PULAU PINANG",'2017-08-02,04 - 2298737,http://edirectory.matrade.gov.my/application/edirectory.nsf/profile?OpenForm&id=9799&sid=8A92A8A0A360407F3176B41CC8B8E66D,crystalangel@live.com.my,DELUXE PRODUCTS TRADING
,"LOT 5 JALAN DELIMA 1/1, SUBANG HI-TECH INDUTRIAL PARK SHAH ALAM 40000 SELANGOR",'2017-08-02,03 - 56215298,http://edirectory.matrade.gov.my/application/edirectory.nsf/profile?OpenForm&id=40732&sid=22C2A72FE123CC186911BFE92452C310,asia@resqtec.com,RESQTEC ZUMRO ASIA SDN BHD
,"17 & 18, 1ST FLOOR JALAN E1 TAMAN MELAWATI 53100 KUALA LUMPUR",'2017-08-02,03 - 41056986,http://edirectory.matrade.gov.my/application/edirectory.nsf/profile?OpenForm&id=5129&sid=2C9781CEFB916468721C9CA1A931589A,bpmsb@bperdana.com,BINGKISAN PERDANA (M) SDN BHD
,"48,  JALAN MEGA B3 MEGA INDUSTRIAL PARK KAJANG 43500 SELANGOR",'2017-08-02,03 - 87244093,http://edirectory.matrade.gov.my/application/edirectory.nsf/profile?OpenForm&id=10246&sid=0B2719966E2867E7F4F2E1F120F4FA0C,polymac.industries@gmail.com,POLYMAC INTERNATIONAL TRADING
,"PLOT 73,  MUKIM II BUKIT TENGAH INDUSTRIAL PARK BKT. TENGAH,  BKT.MERTAJAM 14000 PULAU PINANG",'2017-08-02,04 - 5075004,http://edirectory.matrade.gov.my/application/edirectory.nsf/profile?OpenForm&id=3932&sid=08A1C0A62CF66F7FB9102AC7B62A5E7B,lyana@nansin.com,NSG (M) SDN BHD
,"6522, JALAN AYAM DIDIK 2/1 KAW PERUSAHAAN RINGAN TAMAN RIA JAYA SG PETANI 08000 KEDAH",'2017-08-02,04 - 4414528,http://edirectory.matrade.gov.my/application/edirectory.nsf/profile?OpenForm&id=6645&sid=892EC2D5B5E9A7A2BC2D1CE3367D60FF,gm@nsr-rubber.com,NSR RUBBER PROTECTIVE SDN BHD
,"7, JALAN KILANG DATO ONN INDUSTRIAL ESTATE JOHOR BHARU 80350 JOHOR",'2017-08-02,07 - 2363808,http://edirectory.matrade.gov.my/application/edirectory.nsf/profile?OpenForm&id=9118&sid=0FFB20C610DEE8D7CDA28E27D0388FFD,slchia@maya.com.my,MAYA PLASTIC SENDIRIAN BERHAD
,"15C, JALAN DEDAP TMN MELODIES JOHOR BAHRU 80250 JOHOR",'2017-08-02,07 - 3322777,http://edirectory.matrade.gov.my/application/edirectory.nsf/profile?OpenForm&id=9540&sid=D69C6756694AEEBA5EE0546B88282FB9,samsoneygroup@hotmail.com,KIAN LEE S.M.R. FACTORY SENDIRIAN BERHAD
,"PLOT 4, TAMAN PERINDUSTRIAN PERABOT JALAN PUSING LAHAT 31550 PERAK",'2017-08-02,05 - 3231997,http://edirectory.matrade.gov.my/application/edirectory.nsf/profile?OpenForm&id=83331&sid=A69E6E981DA66E5BEE4089B344224F73,jessie@greenhillind.com,GREENHILL INDUSTRIES SDN BHD
,"KAW. PERUSAHAAN TAMAN MERU 3B JLN JELAPANG, JELAPANG IPOH 30020 PERAK",'2017-08-02,05 - 5278868,http://edirectory.matrade.gov.my/application/edirectory.nsf/profile?OpenForm&id=76210&sid=39103FDCDC811887C0720ECD02486BCF,sales@fthose.com.my,FT HOSE & HOSE SDN BHD
,"H111, JALAN PERUSAHAAN 5 KAWASAN PERINDUSTRIAN RINGAN BAKAR ARANG SUNGAI PETANI 08000 KEDAH",'2017-08-02,04 - 4244213,http://edirectory.matrade.gov.my/application/edirectory.nsf/profile?OpenForm&id=89865&sid=F75F1797C4B7120914CAED2A54B8EF11,mabel@dippro.com.my,DIPPRO SDN BHD
,LOT 1569 JLN KUSTA KAWASAN PERINDUSTRIAN KG JAYA SUNGAI BULOH 47000 SELANGOR,'2017-08-02,03 - 61578282,http://edirectory.matrade.gov.my/application/edirectory.nsf/profile?OpenForm&id=2426&sid=C968E2520B0FF000E126A9C8DE412ED1,custservice@jebco.com.my,KUMPULAN JEBCO (M) SDN BHD
,"21ST FLOOR U.B.N. TOWER BOX BOX NO 48,10, JALAN P. RAMLEE 50250 KUALA LUMPUR",'2017-08-02,03 - 20720011,http://edirectory.matrade.gov.my/application/edirectory.nsf/profile?OpenForm&id=2497&sid=3DDB22EEFF819C31CBC5E46FF5DD6098,fadzil@rubberflex.com.my,RUBBERFLEX SDN BHD
,"LOT 4079, JALAN P4/8 BANDAR TEKNOLOGI KAJANG SEMENYIH 43500 SELANGOR",'2017-08-02,03 - 87231212,http://edirectory.matrade.gov.my/application/edirectory.nsf/profile?OpenForm&id=13107&sid=B858D8744E10945789471EF520885389,logistic@trisen.com.my,TRISEN MANUFACTURING SDN BHD
,"PT 71 JALAN HULU TINGGI 26/6 SECTION 26, HICOM INDUSTRIAL ESTATE SHAH ALAM 40000 SELANGOR",'2017-08-02,03 - 51915782,http://edirectory.matrade.gov.my/application/edirectory.nsf/profile?OpenForm&id=7676&sid=975C12B830538921E7EBD95DA91E9E65,angie@tongyong.com.my,TONG YONG RUBBER (M) SDN BHD
,"P.O.BOX A-191, INANAM, KOTA KINABALU, 89357 SABAH",'2017-08-02,088 - 430171,http://edirectory.matrade.gov.my/application/edirectory.nsf/profile?OpenForm&id=2354&sid=1E6EBAEF92B8C24D357B3B4F05C2A9ED,pssoh33@gmail.com,KINABALU RUBBER PRODUCTS SDN BHD
,45 JALAN TIB 1/19 TAMAN INDUSTRIAL BOLTON 68100 SELANGOR,'2017-08-02,03 - 61866680,http://edirectory.matrade.gov.my/application/edirectory.nsf/profile?OpenForm&id=73100&sid=8F49A4CBC7FAE3EA082DC88E85A96413,cly.ds8825@yahoo.com,CLY RUBBER (M) SDN BHD
,"LOT 371, JALAN SUNGAI BUAYA BANTING  42700 SELANGOR",'2017-08-02,03 - 31203833,http://edirectory.matrade.gov.my/application/edirectory.nsf/profile?OpenForm&id=4541&sid=FC3270FBDA8F4CD3278EA7D2403042AD,info@titron.com.my,TITRON RUBBER IND.(M) SDN.BHD.
,"5G & 1, JALAN S2B1, LAKE VIEW SQUARE SEREMBAN 2 SEREMBAN 70300 NEGERI SEMBILAN",'2017-08-02,06 - 6012468,http://edirectory.matrade.gov.my/application/edirectory.nsf/profile?OpenForm&id=6768&sid=3070D04885DF3AC6C5741DF951AAEE1F,marketing@titilatex.com,A1 RUBBER SDN BHD
,1034 JALAN KEBUN BARU KAW INDUSTRI RINGAN JURU SIMPANG AMPAT 14100 PULAU PINANG,'2017-08-02,04 - 5050711,http://edirectory.matrade.gov.my/application/edirectory.nsf/profile?OpenForm&id=89073&sid=1C6E010EDE8768037F40F8C535BF3963,enquiry@oneflexitank.com,ONE FLEXITANK INDUSTRIES SDN BHD
,"NO. 2A, JALAN PK6, TAMAN PERINDUSTRIAN KRUBONG  75300 MELAKA",'2017-08-02,06 - 3351596,http://edirectory.matrade.gov.my/application/edirectory.nsf/profile?OpenForm&id=13144&sid=012377FD9CAA3841C3B126D230BE2998,enquiry@zillionace.com,ZILLION ACE (M) SDN BHD
,"LOT 395, LORONG PERUSAHAAN LAPAN KAW PERUSAHAAN PRAI PRAI 13600 PULAU PINANG",'2017-08-02,04 - 3908753,http://edirectory.matrade.gov.my/application/edirectory.nsf/profile?OpenForm&id=2515&sid=BE5563D2D4384859D985CCB76051BB22,jessie.fong@kayelrubber.com,KAYEL RUBBER PRODUCTS SDN.BHD.
,"LOT 5783,MUKIM 15 JALAN SELADANG ALMA BKT MERTAJAM 14000 PULAU PINANG",'2017-08-02,04 - 5521188,http://edirectory.matrade.gov.my/application/edirectory.nsf/profile?OpenForm&id=43977&sid=450DA09219BB060B0AD1A62EFA955920,sales@greenworld.net.my,GREEN WORLD RECYCLING SDN BHD
,"6-G & 1, JLN S2B1, LAKE VIEW SQUARE SEREMBAN 2 SEREMBAN 70300 NEGERI SEMBILAN",'2017-08-02,06 - 6012468,http://edirectory.matrade.gov.my/application/edirectory.nsf/profile?OpenForm&id=6763&sid=0E17D7ECD7BF4266962637A1437F447B,marketing@titilatex.com,ANJAHAN SDN BHD
,PLOT 11 & 12 NON FREE TRADE ZONE BAYAN LEPAS 11900 PULAU PINANG,'2017-08-02,04 - 6447055,http://edirectory.matrade.gov.my/application/edirectory.nsf/profile?OpenForm&id=11028&sid=D0E333639F8BF9CB446936E19CF127BE,shahrin.said@mpol.com.my,M-POL RUBBER PRODUCTS SDN BHD
,"LOT 60, 11TH MILE JALAN CHERAS KAJANG 43000 SELANGOR",'2017-08-02,03 - 87391990,http://edirectory.matrade.gov.my/application/edirectory.nsf/profile?OpenForm&id=6687&sid=55B70EC27AD50B529D3DC68EC82FB4DB,grace@getha.com.my,WEIFONG INDUSTRIES SDN BHD
,MILES 7.5 TUARAN ROAD P. O. BOX 10680 KOTA KINABALU 88807 SABAH,'2017-08-02,088 - 426000,http://edirectory.matrade.gov.my/application/edirectory.nsf/profile?OpenForm&id=37104&sid=99641E5A98E95E04DBD4DB19A2288C9C,vingky@bigwheelgroup.com,BIG WHEEL GREEN TYRES SDN BHD
,"5, JALAN HELANG BUKIT (JLN. 115), KEPONG BARU IND. ESTATE, KEPONG BARU, 52100 KUALA LUMPUR",'2017-08-02,03 - 62745833,http://edirectory.matrade.gov.my/application/edirectory.nsf/profile?OpenForm&id=8226&sid=0EE3F5459DCF42AFEAFB62E1457C60D1,srfrubber@s-r-f.com,SELANGOR RUBBER FACTORY SDN BHD
,3A JALAN PERMATA BIRU TAMAN CHERAS PERMATA BATU 9 CHERAS 43200 SELANGOR,'2017-08-02,03 - 90766868,http://edirectory.matrade.gov.my/application/edirectory.nsf/profile?OpenForm&id=66118&sid=A22B95BD7A929EA67828D4117886CEF7,cindy@gtoyoglove.com,GTOYO MANUFACTURING SDN BHD
,"B-03-06,JALAN SERDANG PERDANA TAMAN SERDANG PERDANA, PETALING SERI KEMBANGAN 43300 SELANGOR",'2017-08-02,03 - 89433287,http://edirectory.matrade.gov.my/application/edirectory.nsf/profile?OpenForm&id=58488&sid=0712C9E40E3919BADDCBAA0D8BAAABDF,fm_global@ymail.com,FM GLOBAL RESOURCES SDN BHD
,"2 & 4, LORONG PERINDUSTRIAN BKT MINYAK 3 TAMAN PERINDUSTRIAN BKT MINYAK SEBERANG PERAI TENGAH 14100 PULAU PINANG",'2017-08-02,04 - 5080118,http://edirectory.matrade.gov.my/application/edirectory.nsf/profile?OpenForm&id=8285&sid=6678119CC2FAAD71F4AB754D234F9725,admin@sakurarubber.com,SAKURA RUBBER SDN BHD
,"27, JALAN KELICAP KEPONG BARU  52100 KUALA LUMPUR",'2017-08-02,03 - 62743594,http://edirectory.matrade.gov.my/application/edirectory.nsf/profile?OpenForm&id=11318&sid=7338351CB7DFE3E25CF100310FDE9EDF,sg@sgfelken.com,STANLEY GOMEZ SDN BHD
,"3, SOLOK RISHAH 3 KAW PERUSAHAAN SILIBIN IPOH 30100 PERAK",'2017-08-02,05 - 5269778,http://edirectory.matrade.gov.my/application/edirectory.nsf/profile?OpenForm&id=13300&sid=1031A369B11824F9F0E892FF9CFF5F52,swanrub@tm.net.my,SWAN RUBBER PRODUCTS (IPOH) SDN BHD
,"LOT 40, JALAN P10/16 TAMAN INDUSTRI SELAMAN BANDAR BARU BANGI 43650 SELANGOR",'2017-08-02,03 - 89269888,http://edirectory.matrade.gov.my/application/edirectory.nsf/profile?OpenForm&id=14503&sid=759390C9D453223B4FD56E516DAE9E00,info@verstaerkerrolle.com,VERSTAERKER-ROLLE (M) SDN BHD
,"17, JALAN SEGAMBUT PUSAT SEGAMBUT  51200 KUALA LUMPUR",'2017-08-02,03 - 62586995,http://edirectory.matrade.gov.my/application/edirectory.nsf/profile?OpenForm&id=12494&sid=988F966E9917C1BAEC099755B52AE5E7,contact@map-rubber.com,MALAYSIA AUTO PRODUCTS SDN BHD
,"LOT 60-B, 11TH MILE JALAN CHERAS KAJANG 43000 SELANGOR",'2017-08-02,03 - 87341495,http://edirectory.matrade.gov.my/application/edirectory.nsf/profile?OpenForm&id=15703&sid=09826E5E5850DE885A1148298239B582,yongmt@getha.com.my,MAUS INDUSTRIES SDN BHD
,"6-2-10, VANTAGE POINT JALAN 4/125 DESA PETALING 57100 KUALA LUMPUR",'2017-08-02,03 - 90577269,http://edirectory.matrade.gov.my/application/edirectory.nsf/profile?OpenForm&id=30571&sid=63AFBC6AB39BD7A12B4A75D278D6C9FE,enquiry@chctrade.com,CHC TRADE NETWORK
,"32, JALAN JALAK 2 TAMAN SERI BAHTERA CHERAS 56100 KUALA LUMPUR",'2017-08-02,03 - 91324610,http://edirectory.matrade.gov.my/application/edirectory.nsf/profile?OpenForm&id=3394&sid=AF4D6A7366D17CDDD878E51D418D04D6,fosixten@tm.net.my,UNI ASCEND SDN BHD
,"LOT 4-9, BERANANG INDUSTRIAL ESTATE BERANANG  43700 SELANGOR",'2017-08-02,03 - 87667206,http://edirectory.matrade.gov.my/application/edirectory.nsf/profile?OpenForm&id=6897&sid=90C4CA4A7D3A04532A93A1F3346CC0B8,min_ind@streamyx.com,MIN INDUSTRIES SDN BHD
,"LOT 837, BLOCK 7, MUARA TEBAS LAND DISTRICT SEJINGKAT INDUSTRIAL PARK, JALAN BAKO KUCHING 93050 SARAWAK",'2017-08-02,082 - 432119,http://edirectory.matrade.gov.my/application/edirectory.nsf/profile?OpenForm&id=39266&sid=48C2C7509C168513AA94281CB98DA8ED,cyclewheel_sb@yahoo.com,CYCLE WHEEL SDN BHD
,LOT 363 KUALA KANGSAR INDUSTRIAL ESTATE KUALA KANGSAR 33000 PERAK,'2017-08-02,05 - 7761742,http://edirectory.matrade.gov.my/application/edirectory.nsf/profile?OpenForm&id=2225&sid=37CB6818DDF5DE23C65E6EE0F2097B31,info@gmt.com.my,GUMMI METALL TECHNIK (M) SDN.BHD
,"LEVEL 8, PAVILION KL, 168 JALAN BKT BINTANG KUALA LUMPUR 55100 SELANGOR",'2017-08-02,03 - 92057614,http://edirectory.matrade.gov.my/application/edirectory.nsf/profile?OpenForm&id=37459&sid=550E4E4FC2E19F5DDB8A7EC1EB3A1B26,edris@amitis.biz,AMITIS SDN BHD
,"45, JALAN GANGSA SD 5/3H BANDAR SRI DAMANSARA KEPONG 52200 KUALA LUMPUR",'2017-08-02,03 - 62741613,http://edirectory.matrade.gov.my/application/edirectory.nsf/profile?OpenForm&id=30779&sid=49F0A88EEA6AB7B1CC83AC57E9A0F9E7,patricklim@falconrubber-ind.com,FALCON RUBBER INDUSTRIES SDN BHD
,"32A, JALAN TS 6/9 TAMAN INDUSTRI SUBANG SUBANG JAYA 47510 SELANGOR",'2017-08-02,03 - 56221550,http://edirectory.matrade.gov.my/application/edirectory.nsf/profile?OpenForm&id=15032&sid=70F2121BB4BB2C79CA31E35F030BBCA6,jamil@nexrubbertec.com,NEXRUBBERTEC SDN BHD
,26 JALAN 7 TAMAN PUTRA AMPANG 68000 SELANGOR,'2017-08-02,019 - 9251101,http://edirectory.matrade.gov.my/application/edirectory.nsf/profile?OpenForm&id=40401&sid=D235DE281418CB37C40BD43B78A84E8D,irekamary@hotmail.com,FOO MAN TONG TRADING
,LOT 5136-5137 JALAN JENJARUM 28/39 SHAH ALAM 40000 SELANGOR,'2017-08-02,03 - 51014888,http://edirectory.matrade.gov.my/application/edirectory.nsf/profile?OpenForm&id=15834&sid=7F6EF674DAABFBB6D643E1A8EAA2E95F,ngkh@kozato.com.my,KOZATO KIZAI (M) SDN BHD
,"LEVEL 7, UOA BUILDING 7, LORONG MAAROF BANGSAR 59100 KUALA LUMPUR",'2017-08-02,03 - 22848888,http://edirectory.matrade.gov.my/application/edirectory.nsf/profile?OpenForm&id=11448&sid=54D6048E4B79FDAE1F88BA1E5622FC72,jamil@petragroup.net,GREEN RUBBER SDN BHD
,"LEVEL 16, BLOCK B, NORTHPOINT OFFICES MIDVALLEY CITY 1, MEDAN SYED PUTRA UTARA 59200 KUALA LUMPUR",'2017-08-02,03 - 20919589,http://edirectory.matrade.gov.my/application/edirectory.nsf/profile?OpenForm&id=34448&sid=AE9175AC47DC764072EEDB48AC4316DE,enquiry@sportstechpro.com,SPORTS TECH PRO SDN BHD
,"1, JALAN HEVEAFIL BATANG KALI  44300 SELANGOR",'2017-08-02,03 - 60573001,http://edirectory.matrade.gov.my/application/edirectory.nsf/profile?OpenForm&id=7010&sid=9E9A144FF0097EFAF1654C30ECDCAE92,sales@heveafil.com.my,HEVEAFIL SDN BHD
,8TH MILE JALAN BATU CAVES BATU CAVES 68100 SELANGOR,'2017-08-02,03 - 61898066,http://edirectory.matrade.gov.my/application/edirectory.nsf/profile?OpenForm&id=12018&sid=70460DC045B28037A55179DF7E241214,kkyu@aerofoam.com.my,AEROFOAM INDUSTRY (1969) SDN BHD
,"24, JALAN TPP 1/16 TAMAN PERINDUSTRIAN PUCHONG 12TH MILE, PUCHONG 47100 SELANGOR",'2017-08-02,03 - 80602771,http://edirectory.matrade.gov.my/application/edirectory.nsf/profile?OpenForm&id=11303&sid=DBE552EA16B252BD56114099A804EA8D,shinyo33@streamyx.com,SHINYO TECHLINK INTERNATIONAL SDN BHD
,"17-23, PERSIARAN KILANG PENGKALAN 28 KAW PENGKALAN MAJU INDUSTRIAL ESTATE IPOH 31500 PERAK",'2017-08-02,05 - 3226368,http://edirectory.matrade.gov.my/application/edirectory.nsf/profile?OpenForm&id=11453&sid=CA667844CACD95E60257B4C5736BA346,q-flex@q-flex.com.my,Q-FLEX INDUSTRIES (M) SDN BHD
,"4TH FLOOR, REGENT OFFICE BLOCK 160, JALAN BKT BINTANG  55100 KUALA LUMPUR",'2017-08-02,03 - 21497203,http://edirectory.matrade.gov.my/application/edirectory.nsf/profile?OpenForm&id=12504&sid=F9BBCA49E26EF4C04066B872397F6524,t.louisa@mitsui.com,TEJANA TRADING & MANAGEMENT SERVICES SDN BHD
,"11-65, 11TH FLOOR , BLOCK A1 LEISURE COMMERCE SQUARE 9, JLN PJS 8/9, PETALING JAYA 46150 SELANGOR",'2017-08-02,03 - 78739166,http://edirectory.matrade.gov.my/application/edirectory.nsf/profile?OpenForm&id=11957&sid=151FC80E9E4946AB6CA1DA050A80B54A,info@natgreen.com.my,GREEN HPSP (M) SDN BHD
,"62A-GM, JALAN PEDANA 6/8 PANDAN PERDANA CHERAS 55300 KUALA LUMPUR",'2017-08-02,03 - 92855588,http://edirectory.matrade.gov.my/application/edirectory.nsf/profile?OpenForm&id=14827&sid=B85C1436983129259C3BD5D6A7FD74BD,lumhy@hotmail.com,LH TECH TRADING
,"LOT 14, JALAN 26/1, SECTION 26 KAW PERINDUSTRIAN HICOM SHAH ALAM 40000 SELANGOR",'2017-08-02,03 - 51911540,http://edirectory.matrade.gov.my/application/edirectory.nsf/profile?OpenForm&id=8427&sid=A010E2033F0F39796BCDB8B8EDE43937,sales@suzukilatex.com.my,SUZUKI LATEX INDUSTRY MALAYSIA SDN BHD
,"LOT 19702, JALAN KPK 1/3 KAW PERINDUSTRIAN KUNDANG KUNDANG JAYA, RAWANG 48020 SELANGOR",'2017-08-02,03 - 60344710,http://edirectory.matrade.gov.my/application/edirectory.nsf/profile?OpenForm&id=44062&sid=526AE68A69EE568036333F1A29BBD036,cosec@hnp.com.my,QUBE MEDICAL PRODUCTS SDN BHD
,"NO. 30, JALAN SUNAGI BATU 6/KU6 KWS PERINDUSTRIAN KLANG UTAMA KLANG 42100 SELANGOR",'2017-08-02,603 - 32910388,http://edirectory.matrade.gov.my/application/edirectory.nsf/profile?OpenForm&id=12118&sid=760B357E00916189BAA02B2277A0E8D9,limst@rics.com.my,RICS SDN BHD
,"A3, LOT 10480, JALAN KEBUN NENAS MILE 5, OFF JALAN KEBUN, KG JAWA KLANG 42450 SELANGOR",'2017-08-02,03 - 51614211,http://edirectory.matrade.gov.my/application/edirectory.nsf/profile?OpenForm&id=33599&sid=F2BBB533A63AD5EA055FD0961BA8D5E6,planters@tm.net.my,WINSELL (M) SDN BHD
,KAW PERUSAHAAN TMN MERU 3B JALAN JELAPANG IPOH 30020 PERAK,'2017-08-02,05 - 5266226,http://edirectory.matrade.gov.my/application/edirectory.nsf/profile?OpenForm&id=6352&sid=AFB7A335310B1FFA952B6BC716823FFD,fhnh@tm.net.my,FELCRA HOSE & HOSE SDN BHD
,"67-B, LEVEL 2, JALAN MAMANDA 1 TAMAN DATO AHMAD RAZALI AMPANG 68000 SELANGOR",'2017-08-02,03 - 42531250,http://edirectory.matrade.gov.my/application/edirectory.nsf/profile?OpenForm&id=35545&sid=8FF461F4C98D7F55B160A758C10643D5,vcsbkl@yahoo.com,VICTOR CORPORATION SDN BHD
,"5TH FLOOR,  WISMA FELCRA LOT 4780, JALAN REJANG, TAMAN SRI RAMPAI SETAPAK JAYA 50772 KUALA LUMPUR",'2017-08-02,03 - 41433646,http://edirectory.matrade.gov.my/application/edirectory.nsf/profile?OpenForm&id=3690&sid=DD9BD79BCC15F8384C0B8E87BA01429A,siva@felcra.com.my,FELCRA BERHAD
,"20, JALAN BAWAL KIMSAR GARDEN PRAI 13700 PULAU PINANG",'2017-08-02,04 - 3907488,http://edirectory.matrade.gov.my/application/edirectory.nsf/profile?OpenForm&id=11258&sid=C9B51014487C3B2144497BB69F8EC2FB,sales@growerunited.com,GROWER UNITED SDN BHD
,"17-2B, JALAN INDUSTRI PBP 3/1 TAMAN INDUSTRI PUSAT BANDAR PUCHONG PUCHONG 47100 SELANGOR",'2017-08-02,03 - 58827535,http://edirectory.matrade.gov.my/application/edirectory.nsf/profile?OpenForm&id=13434&sid=764F72A496500BA7C70D67BF1E1FF2D0,edutain@rubbermat.com.my,EDUTAIN ENTERPRISE
,LOT 11008 HALA PERUSAHAAN MENGLEMBU 6 IPOH 31450 PERAK,'2017-08-02,05 - 2821127,http://edirectory.matrade.gov.my/application/edirectory.nsf/profile?OpenForm&id=9127&sid=97A49B8B71519A30581C2F95FDB26A1A,tkss@tm.net.my,TAN KOR SENG & SONS RUBBER WORKS SDN BHD
,"LOT 6129, JALAN HAJI ABDUL MANAN 5 1/4 MILE, JALAN MERU KLANG 41050 SELANGOR",'2017-08-02,03 - 32912657,http://edirectory.matrade.gov.my/application/edirectory.nsf/profile?OpenForm&id=2619&sid=3DABFC80C4F9B0ABD607ACB18A8580D0,adeline@kossan.com.my,KOSSAN LATEX INDUSTRIES (M) SDN  BHD
,50 JALAN TEMBAGA SD5/2B BANDAR SRI DAMANSARA  52200 KUALA LUMPUR,'2017-08-02,019 - 2661748,http://edirectory.matrade.gov.my/application/edirectory.nsf/profile?OpenForm&id=14646&sid=9435AB756C3F12D886806D4F9E138B5D,nicefren126@gmail.com,PROSAINS EDUCATIONAL SUPPLIES
,"11TH FLOOR BANGUNAN GETAH ASLI (MENARA) 148, JALAN AMPANG 50450 KUALA LUMPUR",'2017-08-02,03 - 21612366,http://edirectory.matrade.gov.my/application/edirectory.nsf/profile?OpenForm&id=4754&sid=792D8BD4FB64E60BF2208DB18DA9D21D,malcorp@tm.net.my,MALAYSIAN CONSORTIUM OF RUBBER PRODUCTS (MALCORP)
,E-8-6 BLOCK E MEGAN AVENUE 1 189 JALAN TUN RAZAK 50400 KUALA LUMPUR,'2017-08-02,03 - 23338849,http://edirectory.matrade.gov.my/application/edirectory.nsf/profile?OpenForm&id=36966&sid=B85728749599FB336954E3FC07B4F0CE,nejati.masoud@yahoo.com,SUN STAR WORLD WIDE SDN BHD
,"12, JALAN SEPADU 25/D AXIS PRIMIER INDUSTRY PARK SHAH ALAM 40400 SELANGOR",'2017-08-02,03 - 51210932,http://edirectory.matrade.gov.my/application/edirectory.nsf/profile?OpenForm&id=34073&sid=89436220E374E9E147CB3965C3BDFB6C,skyrivermly@hotmail.com,SKY RIVER TRADING (M) SDN BHD
,"49-2, JALAN USJ 10/1G UEP SUBANG JAYA  47620 SELANGOR",'2017-08-02,03 - 56338444,http://edirectory.matrade.gov.my/application/edirectory.nsf/profile?OpenForm&id=14852&sid=C9B7957BA37D6CAFFA15ACD1A7467F05,bfr.zainudin@gmail.com,BRIDGE FIELDS RESOURCES SDN BHD
,TINGKAT 7 BALAI FELDA JALAN GURNEY 1 54000 KUALA LUMPUR,'2017-08-02,03 - 26881000,http://edirectory.matrade.gov.my/application/edirectory.nsf/profile?OpenForm&id=2425&sid=9FB9C47B36995A5368FCF1C95E5C9701,rosli.j@felda.net.my,FELDA RUBBER INDUSTRIES SDN BHD
,K.B. 705 ULU TIRAM ESTATE JOHOR BAHRU 80990 JOHOR,'2017-08-02,07 - 8611808,http://edirectory.matrade.gov.my/application/edirectory.nsf/profile?OpenForm&id=2260&sid=496D793FF1D3516DE373758DE007C44A,sales@skellerup.com.my,SKELLERUP INDUSTRIES (M) SDN BHD
,53  & 54 SENAWANG INDUSTRIAL ESTATE SEREMBAN  70450 NEGERI SEMBILAN,'2017-08-02,06 - 6771711,http://edirectory.matrade.gov.my/application/edirectory.nsf/profile?OpenForm&id=2642&sid=742A361AA01ADA2949A447B0820A0AD7,edlee892@yahoo.com,SUN RUBBER INDUSTRY SDN BHD
,9 JLN TTJ S 3/1 TMN TUANKU JAFFAR SEREMBAN 71450 NEGERI SEMBILAN,'2017-08-02,06 - 6778304,http://edirectory.matrade.gov.my/application/edirectory.nsf/profile?OpenForm&id=54962&sid=544217BD074E257F38BFAD65843FA88E,tradehouse@ratyhcorp.com,RATYH GLOBAL
,"45, JALAN SESAMA TAMAN PERUSAHAAN BATU CAVES 68100 SELANGOR",'2017-08-02,03 - 61863378,http://edirectory.matrade.gov.my/application/edirectory.nsf/profile?OpenForm&id=7006&sid=EDB0A66A823EF622C40D49613264C3F0,kkyeaw@cooltecindustries.com,ASSOCIATED FIRST RUBBER (M) SDN BHD
,"SITE 22, TASEK AVENUE KAW PERINDUSTRIAN TASEK IPOH 31400 PERAK",'2017-08-02,05 - 5476712,http://edirectory.matrade.gov.my/application/edirectory.nsf/profile?OpenForm&id=9115&sid=8C2FE36690C2054E97A4AE1942486E30,lameweyeoh@yahoo.com.sg,KINTA RUBBER WORKS SDN BHD
,3B-29-08 N-PARK JALAN BATU UBAN GELUGOR 11700 PULAU PINANG,'2017-08-02,012 - 4111899,http://edirectory.matrade.gov.my/application/edirectory.nsf/profile?OpenForm&id=9333&sid=977F240FDFF9431C94B000C7D853A261,sharon@flexdeal.net,FLEXDEAL VENTURE SDN BHD
,"BOX 236, SUITE 4.02 - 4.04 WISMA CENTRAL JALAN AMPANG 50450 KUALA LUMPUR",'2017-08-02,03 - 21610412,http://edirectory.matrade.gov.my/application/edirectory.nsf/profile?OpenForm&id=58572&sid=825F0051F6393FA58ABC8FCCF69E7D77,admin@cempakagroup.com,CEMPAKA OILFIELD SDN BHD
,"5,7 & 9 JALAN INTAN 1 PHASE NU 3A1 NILAI UTAMA ENTERPRISE PARK NILAI 71800 SELANGOR",'2017-08-02,03 - 80614276,http://edirectory.matrade.gov.my/application/edirectory.nsf/profile?OpenForm&id=12094&sid=3B2B2FE7F5B3C2EFDB790A66AF0F6801,cvliew@multiplexpackaging.cc,MFR TECHNOLOGLY SDN BHD
,"PLOT 4, TAMAN PERINDUSTRIAN PERABOT JALAN PUSING 31550 PERAK",'2017-08-02,016 - 7008818,http://edirectory.matrade.gov.my/application/edirectory.nsf/profile?OpenForm&id=60257&sid=76706EF2F84DFA61412C21DA535E2A5E,sales@verlastic.com,VERLASTIC SDN BHD
,"30, JALAN BAGAN NIRA 26/8 HICOM INDUSTRIAL PARK SECTION 26, SHAH ALAM 40000 SELANGOR",'2017-08-02,03 - 51922913,http://edirectory.matrade.gov.my/application/edirectory.nsf/profile?OpenForm&id=60267&sid=BE280F65B8F3A5898A1C4B3BBEF106DB,adminsa@kajsb.com.my,KEJURUTERAAN ASAS JAYA SDN BHD
,"43, JALAN KUBAH U8/62 BUKIT JELUTONG  40150 SELANGOR",'2017-08-02,03 - 78469008,http://edirectory.matrade.gov.my/application/edirectory.nsf/profile?OpenForm&id=60425&sid=F18A018E0040BB8FF0331DF9331349D5,anusha_m_au@yahoo.com.au,WORLDWIDE CONSULTANCY SERVICES
,13 JALAN TIB 1/4 TAMAN INDUSTRI BOLTON BATU CAVES 68100 SELANGOR,'2017-08-02,03 - 61884918,http://edirectory.matrade.gov.my/application/edirectory.nsf/profile?OpenForm&id=61323&sid=843D0270BC783DB03B1127FBF01FA2C4,magnetworld.7888@gmail.com,MAGNET WORLD ENTERPRISE SDN BHD
,"3, JALAN JASMINE 5 SECTION BB 10 BANDAR BKT BERUNTUNG, RAWANG 48300 SELANGOR",'2017-08-02,03 - 60282888,http://edirectory.matrade.gov.my/application/edirectory.nsf/profile?OpenForm&id=8848&sid=1C88E08B9042E9B2BD00494A61196F9E,spencernyf@qssb.com,QS SYSTEMS SDN BHD
,"18, JALAN UTAS 15/7 SECTION 15 SHAH ALAM 40200 SELANGOR",'2017-08-02,03 - 55108810,http://edirectory.matrade.gov.my/application/edirectory.nsf/profile?OpenForm&id=31286&sid=7EF50141A87A5887D6D2F1E355D0EC56,sh.ong@estop-group.com,ESTOP SDN BHD
,5 JALAN TP2 TAMAN PERINDUSTRIAN SIME UEP 47600 SELANGOR,'2017-08-02,03 - 80263481,http://edirectory.matrade.gov.my/application/edirectory.nsf/profile?OpenForm&id=69810&sid=81CC0B8BC484BE8EF4FD3AC5252AF7AC,dr.jens@performance-additives.com,PERFORMANCE ADDITIVES SDN BHD
,"16, JALAN GANGSA SD 5/3G BANDAR SRI DAMANSARA  52200 KUALA LUMPUR",'2017-08-02,03 - 62777139,http://edirectory.matrade.gov.my/application/edirectory.nsf/profile?OpenForm&id=10654&sid=2A583E605124353CDD181DA2AAA991E7,sfrubber@gmail.com,SEASONS FAST RUBBER INDUSTRIES SDN BHD
,"4, JALAN TSB 11 TAMAN INDUSTRI SG BULOH SG BULOH 47000 SELANGOR",'2017-08-02,03 - 61562020,http://edirectory.matrade.gov.my/application/edirectory.nsf/profile?OpenForm&id=53298&sid=5F754F4D082EEA30D318D3FC7CDBEBAF,enquiry@armstrong.net.my,FOAMLINE INDUSTRIES SDN BHD
,"A-06-03, LEVEL 6, EMPIRE TOWER 1, EMPIRE SUBANG JALAN SS 16/1, SS16 SUBANG JAYA 47500 SELANGOR",'2017-08-02,03 - 56329981,http://edirectory.matrade.gov.my/application/edirectory.nsf/profile?OpenForm&id=4928&sid=29A97CB386E748C94BA71282728723B1,marketing@giibworld.com,GOODWAY RUBBER INDUSTRIES SDN BHD
,"LOT 1666, JALAN KUBONG, SEDC INDUSTRIAL, LIMBANG 98700 SARAWAK",'2017-08-02,085 - 212770,http://edirectory.matrade.gov.my/application/edirectory.nsf/profile?OpenForm&id=44721&sid=99F6C8F8D231FDE07B348306ED065EFD,pinggir.sumberjaya@yahoo.com,PINGGIR SUMBERJAYA SDN BHD
,"PLOT 56-61, SOLOK PERUSAHAAN 1 PRAI INDUSTRIAL COMPLEX P.O.BOX WD 204, PRAI 13609 PULAU PINANG",'2017-08-02,04 - 3906212,http://edirectory.matrade.gov.my/application/edirectory.nsf/profile?OpenForm&id=2444&sid=24174EE92FE12DD9839A051645EA49DD,chanbc@cec.com.my,CENTRAL ELASTIC CORPORATION SDN BHD
,16 JALAN BP 5/3 PERINDUSTRIAN BANDAR BUKIT PUCHONG SELANGOR DARUL EHSAN 47100 SELANGOR,'2017-08-02,03 - 80624398,http://edirectory.matrade.gov.my/application/edirectory.nsf/profile?OpenForm&id=71738&sid=72E7398D390713F42981A7A03F029619,mmmach8@gmail.com,M.M.MACHINERY AND AUTO-PART SDN BHD
,"20, JALAN APOLLO U5/191 BANDAR PINGGIRAN SUBANG SECTION U5, SHAH ALAM 40150 SELANGOR",'2017-08-02,03 - 78458799,http://edirectory.matrade.gov.my/application/edirectory.nsf/profile?OpenForm&id=71594&sid=E190A0E576ECF088DE4805F740072363,sales@newedgecorp.com,NEW EDGE CORPORATION SDN BHD
,11. JALAN JASMINE 11 BANDAR BUKIT BERUNTUNG SECTION BB 10 RAWANG 40830 SELANGOR,'2017-08-02,03 - 60282110,http://edirectory.matrade.gov.my/application/edirectory.nsf/profile?OpenForm&id=71524&sid=887D52B9607CC8E6AAEDCAF0CE9CFA42,jamil@tracrubber.com,RUBBER DOMINANT SDN BHD
,"7118, KAW PERINDUSTRIAN MAK MANDIN MAK MANDIN BUTTERWORTH 13400 PULAU PINANG",'2017-08-02,04 - 3322335,http://edirectory.matrade.gov.my/application/edirectory.nsf/profile?OpenForm&id=13074&sid=DDD465852502E0D6FC7CF5246F4872A3,gpchng@professional-tools.com,PROFESSIONAL TOOLS & DIES SDN BHD
,"WISMA HOCK PENG, GROUND FLOOR, TO 2ND FLOOR 123, GREEN HEIGHTS JALAN LAPANGAN TERBANG, KUCHING 93250 SARAWAK",'2017-08-02,082 - 435435,http://edirectory.matrade.gov.my/application/edirectory.nsf/profile?OpenForm&id=61622&sid=4B3ECAA43F1F96BD7BEBBBF35E7E9963,inquiry@ecorrex.com,WEIDA ECO RUBBER SDN BHD
,"LOT 2-3A, LEVEL 2, CHERAS PLAZA 11, JALAN MANIS 1 TAMAN SEGAR. CHERAS 56100 KUALA LUMPUR",'2017-08-02,03 - 91301037,http://edirectory.matrade.gov.my/application/edirectory.nsf/profile?OpenForm&id=73252&sid=6AA5348DFBA8D318A9E93F444B4CDBDA,laijl@insulflex.com.my,INSULFLEX CORPORATION SDN BHD
,"19A, JALAN 29, SELAYANG BARU BATU CAVES 68100 SELANGOR",'2017-08-02,03 - 61381011,http://edirectory.matrade.gov.my/application/edirectory.nsf/profile?OpenForm&id=89612&sid=FF957E64B12FAAA242CD40F48B10C4AB,kenneth@schmaco.com.my,SCHMACO MARKETING (M) SDN BHD
,"LOT 6224, 17 1/2 MILE JALAN AIR HITAM SENAI 81400 JOHOR",'2017-08-02,07 - 5990699,http://edirectory.matrade.gov.my/application/edirectory.nsf/profile?OpenForm&id=12028&sid=08DB5E96AE834213D6AEBD9148803312,raymond@miroadrubber.com,MIROAD RUBBER INDUSTRIES SDN BHD
,"LOT 3981, OAKLAND INDUSTRIAL PARK JALAN HARUAN 1 SEREMBAN 70300 NEGERI SEMBILAN",'2017-08-02,06 - 6012468,http://edirectory.matrade.gov.my/application/edirectory.nsf/profile?OpenForm&id=9279&sid=3F606971408D4001525AA09AAE08425D,andylim@titilatex.com,TITI LATEX SDN BHD
,LOT PT 34252 JALAN SEKOLAH RANTAU PANJANG KLANG 42100 SELANGOR,'2017-08-02,03 - 32905619,http://edirectory.matrade.gov.my/application/edirectory.nsf/profile?OpenForm&id=92229&sid=FEA79D90F4C8B8E3A2CA16681738FC89,doshin@rubberdamping.com,DOSHIN RUBBER PRODUCTS (M) SDN BHD
,LOT PT 34252 JALAN SEKOLAH RANTAU PANJANG KLANG 42100 SELANGOR,'2017-08-02,03 - 32905619,http://edirectory.matrade.gov.my/application/edirectory.nsf/profile?OpenForm&id=92230&sid=CE5A764231896428A6833FCA79DC2214,doshin@rubberdamping.com,QUALITY PROFILE SDN BHD
,"LOT 7, JLN PBI 2 PERINDUSTRIAN BUKIT INDAH SUNGAI BULOH 47000 SELANGOR",'2017-08-02,03 - 61519005,http://edirectory.matrade.gov.my/application/edirectory.nsf/profile?OpenForm&id=82960&sid=0ECCC71A43BA51B812C778E8CFAF77D9,info@srielastomers.com,SRI ELASTOMERS SDN BHD
,NO A-1-7 KOMPLEKS INDUSTRI PUCHONG NO1 JALAN TPP 1/6 TAMAN PERINDUSTRIAN PUCHONG SEKSYEN 1 47100 SELANGOR,'2017-08-02,03 - 80683100,http://edirectory.matrade.gov.my/application/edirectory.nsf/profile?OpenForm&id=92710&sid=5D5888A4210061685798B8DCF6294CB6,admin@b2bgreenrubber.com,B2B RUBBER INDUSTRIES SDN. BHD
,NO 45 JALAN D'ALPINIA 1 TAMAN D'ALPINIA PUCHONG 47120 SELANGOR,'2017-08-02,019 - 7241991,http://edirectory.matrade.gov.my/application/edirectory.nsf/profile?OpenForm&id=93606&sid=CFC778E4E4593E33B3338452516EB2E8,anisaexim@outlook.com,ANISA EXIM TRADING
,"NO.22, JALAN TPP 6/3, TAMAN PERINDUSTRIAN PUCHONG, 47100 SELANGOR",'2017-08-02,03 - 80605229,http://edirectory.matrade.gov.my/application/edirectory.nsf/profile?OpenForm&id=74399&sid=85D4E152FFCED5B4E4F80393C7DE67B2,info@parkscapeconcept.com,PARKSCAPE CONCEPT SDN. BHD.
,NO 6B (2ND FLOOR) PERSIARAN GREENTOWN 4 GREENTOWN AVENUE IPOH 30250 PERAK,'2017-08-02,05 - 2553939,http://edirectory.matrade.gov.my/application/edirectory.nsf/profile?OpenForm&id=93911&sid=0C6C29D310F0F36BBFB91CAFDA6B0DF1,michelleleong@sanctuaryhealth.com.my,SANCT HEALTH MARKETING SDN BHD
,"8, JALAN APOLLO U5/196 BANDAR PINGGIRAN SUBANG, SECTION U5 SHAH ALAM 40150 SELANGOR",'2017-08-02,03 - 78458995,http://edirectory.matrade.gov.my/application/edirectory.nsf/profile?OpenForm&id=13567&sid=AB30443711585E51E17617941F9672F0,marketing@protec-corp.com,PRO-TEC INDUSTRIES SDN BHD
,13-1 JALAN REMIA 4/KS6 TAMAN AMBANG BOTANIC 41200 SELANGOR,'2017-08-02,03 - 33248125,http://edirectory.matrade.gov.my/application/edirectory.nsf/profile?OpenForm&id=73947&sid=6AA4354B3D251E2CBE40D534BB156505,andyhayzal@gmail.com,ROTOLINK SDN BHD
,"LOT 876 B & C, JALAN SUBANG 9 TAMAN PERINDUSTRIAN SUBANG SUBANG JAYA 47610 SELANGOR",'2017-08-02,03 - 80233899,http://edirectory.matrade.gov.my/application/edirectory.nsf/profile?OpenForm&id=2504&sid=F43D17B22DA3E496AABD520C2745DFEF,cellotron@gmail.com,CELLOTRON CORPORATION (M) SDN BHD
,"LOT 2736, JALAN RAJA NONG KLANG  41200 SELANGOR",'2017-08-02,03 - 51617778,http://edirectory.matrade.gov.my/application/edirectory.nsf/profile?OpenForm&id=14008&sid=E980BF162933D9233DB940F8EDEA71D0,admin@superlon.com.my,SUPERLON WORLDWIDE SDN BHD
,"305,  BLOCK B,  PUSAT DAGANGAN PHILEO DAMANSARA II 15, JALAN 16/11, OFF JALAN DAMANSARA PETALING JAYA 46350 SELANGOR",'2017-08-02,03 - 74910278,http://edirectory.matrade.gov.my/application/edirectory.nsf/profile?OpenForm&id=11095&sid=2F1AADD38C02725C318A1B3535C4EBFC,info@parkgames.com.my,PARK GAMES EQUIPMENT (M) SDN BHD
,48-1 JALAN PJS 1/50 PETALING UTAMA AVENUE 46150 SELANGOR,'2017-08-02,03 - 77833117,http://edirectory.matrade.gov.my/application/edirectory.nsf/profile?OpenForm&id=57434&sid=02EC20B63F3547C7B1BADF05F70D0D19,gmklagroup@gmail.com,KL TOP TRADING SERVICES
,LOT 9 & 10 KAW PERINDUSTRIAN MIEL BATANG KALI  44300 SELANGOR,'2017-08-02,03 - 60572307,http://edirectory.matrade.gov.my/application/edirectory.nsf/profile?OpenForm&id=74803&sid=32FAB2FDF8C4975277907E22CBD84AC7,thilatusker@gmail.com,TUSKER TRANSMISSION (M) SDN BHD
,LOT 4 INDUSTRIAL ESTATE ALOR GAJAH 78000 MELAKA,'2017-08-02,06 - 5591275,http://edirectory.matrade.gov.my/application/edirectory.nsf/profile?OpenForm&id=75251&sid=CB10B73BEC58D01E7B1F60A5B9B5B443,carole.michel@joubert.com.my,JOUBERT S.A. (M) SDN BHD
,"5-G & 1, JALAN S2 B1 LAKE VIEW SQUARE SEREMBAN 2 70300 NEGERI SEMBILAN",'2017-08-02,06 - 6012468,http://edirectory.matrade.gov.my/application/edirectory.nsf/profile?OpenForm&id=34284&sid=0E581F9D227C79C696A4A662120DB7F1,marketing@titilatex.com,TATT WIN RUBBER INDUSTRIES SDN BHD
,"LOT 1405, MUKIM PEDAH 59 MILE, JALAN KUANTAN JERANTUT 27000 PAHANG",'2017-08-02,09 - 2663522,http://edirectory.matrade.gov.my/application/edirectory.nsf/profile?OpenForm&id=2221&sid=8F8E448A069E35A8D1909E2D466CD3C7,sclr2828@yahoo.com,SYARIKAT CHUAN LEE RUBBER SDN BHD
,"P.O.BOX 1155, SANDAKAN,  90712 SABAH",'2017-08-02,089 - 668833,http://edirectory.matrade.gov.my/application/edirectory.nsf/profile?OpenForm&id=4294&sid=2059C722FF8059D89C632EAA88559A93,minghuat.acc@gmail.com,MING HUAT INDUSTRIES SDN BHD
,TOPAH BARU ESTATE SEMELING BEDONG 08100 KEDAH,'2017-08-02,04 - 4573616,http://edirectory.matrade.gov.my/application/edirectory.nsf/profile?OpenForm&id=106984&sid=C6FDF4E6D244B4B23A7D713238A71BA1,tayhr@tayrubber.com.my,TEH AH YAU RUBBER FACTORY SDN BHD
,"54, PERSIARAN RISHAH 2A TAMAN RISHAH IPOH 30100 PERAK",'2017-08-02,016 - 5500209,http://edirectory.matrade.gov.my/application/edirectory.nsf/profile?OpenForm&id=76111&sid=E0FCBFD69AAF8BEE5195D5BE44E41408,samjp70@hotmail.com,INTEC QRC TECHNOLOGIES (MALAYSIA) SDN BHD
,"LOT 9083, JALAN UDANG GALAH TELOK GONG PORT KLANG 42000 SELANGOR",'2017-08-02,03 - 31343902,http://edirectory.matrade.gov.my/application/edirectory.nsf/profile?OpenForm&id=3019&sid=E8C7AE104D4CC30283CD92A100295D65,info@lienrub.com,LIEN HUAT GROUP MALAYSIA
,"LOT 7, KAW PERUSAHAAN RAWANG MUKIM RAWANG, DAERAH GOMBAK RAWANG 48000 SELANGOR",'2017-08-02,603 - 60915248,http://edirectory.matrade.gov.my/application/edirectory.nsf/profile?OpenForm&id=8177&sid=469CE960B501F006725E4F884274C6F7,exporthod@pongcodan.com,PONG CODAN RUBBER (M) SDN BHD
,LT 45 ALOR GAJAH INDUSTRIAL ESTATE  78000 MELAKA,'2017-08-02,06 - 5563688,http://edirectory.matrade.gov.my/application/edirectory.nsf/profile?OpenForm&id=4465&sid=F657F83EEBD5B3B2AE2E5276C689C9C3,admin@srikota.com,SRI KOTA RUBBER MFG SDN BHD
,"52, JALAN SERULING 58 TAI-CHONG INDUSTRIAL PARK TMN KLANG JAYA, KLANG 41200 SELANGOR",'2017-08-02,03 - 33243325,http://edirectory.matrade.gov.my/application/edirectory.nsf/profile?OpenForm&id=11682&sid=E9A3C26598BD561C1D19277262CE9F4C,info@scrubbermembrane.com,SAIL CREST INDUSTRY SDN BHD
,25.03A LEVEL 25 JOHOR BAHRU CITY SQUARE OFFICE TOWER 106-108 JALAN WONG AH FOOK 8000 JOHOR,'2017-08-02,07 - 2087541,http://edirectory.matrade.gov.my/application/edirectory.nsf/profile?OpenForm&id=107209&sid=8FF3CCAB45434E0A6EE7E45C1A3BDD56,candy@myosia.com.my,MYOSIA SDN. BHD.
,NO 13 JALAN RAHMAT 25/75 TAMAN SRI MUDA SHAH ALAM 40400 SELANGOR,'2017-08-02,03 - 51222770,http://edirectory.matrade.gov.my/application/edirectory.nsf/profile?OpenForm&id=95757&sid=156BF58741D0EEE5A525A0E65A94CCD4,shan@jasanga-malaysia.com,JASANGA (M) SDN BHD
,"1, JALAN INDUSTRI DESA AMAN 1/1 SG LALANG BEDONG 08100 KEDAH",'2017-08-02,04 - 4581223,http://edirectory.matrade.gov.my/application/edirectory.nsf/profile?OpenForm&id=11436&sid=6DDADE57D775D9E62D1C38840AE900B7,sales@medical-rubber.com,MEDICAL RUBBER PRODUCTS SDN BHD
,"LOT 10-13, JALAN PKNK 1/2 KAW PERINDUSTRIAN SG PETANI SG PETANI 08000 KEDAH",'2017-08-02,04 - 4414644,http://edirectory.matrade.gov.my/application/edirectory.nsf/profile?OpenForm&id=11757&sid=E0673CEBF50ED93043489602F5AFAF03,khsaw@maidamax.com,MAIDAMAX (M) SDN BHD
,"2496, LORONG PERUSAHAAN BARU 2 PRAI INDUSTRIAL ESTATE PRAI 13600 PULAU PINANG",'2017-08-02,04 - 3998677,http://edirectory.matrade.gov.my/application/edirectory.nsf/profile?OpenForm&id=12168&sid=1DAB7034329DD210330FC161F6CA31DC,incline@inclinedynamics.com,INCLINE DYNAMICS SDN BHD
,"LOT 93,  PORTLAND AVENUE TASEK INDUSTRIAL ESTATE IPOH 31400 PERAK",'2017-08-02,05 - 2910599,http://edirectory.matrade.gov.my/application/edirectory.nsf/profile?OpenForm&id=12816&sid=227EB4F15B172061112DC034CC7AB972,sales@eversafe.com.my,EVERSAFE RUBBER WORKS SDN BHD
,"2A & 6, JALAN KORPORAT 1B/KU9, TAMAN PERINDUSTRIAN MERU, KLANG 42200 SELANGOR",'2017-08-02,008 - 33938900,http://edirectory.matrade.gov.my/application/edirectory.nsf/profile?OpenForm&id=80885&sid=670FE821AACAB344B886DD99C22040D3,cyngo9008@gmail.com,EXCLUSIVE CONTENTS SDN BHD
,"LOT 45 &46 MUKIM BAGAN SENA LABU BESAR, KULIM 09010 KEDAH",'2017-08-02,04 - 4031612,http://edirectory.matrade.gov.my/application/edirectory.nsf/profile?OpenForm&id=5646&sid=BC399EB4541C180F65E801B74ECA770B,nathan@halcyonagri.com,EUROMA RUBBER INDUSTRIES SDN BHD
,"LOT 1908, BATU 7, JALAN BUKIT KEMUNING, SECTION 34, SHAH ALAM 40470 SELANGOR",'2017-08-02,03 - 51212662,http://edirectory.matrade.gov.my/application/edirectory.nsf/profile?OpenForm&id=13087&sid=606B6EAD14AE20038EB7D45CC5BE5B3B,keithng@furniweb.com.my,TEXSTRIP MANUFACTURING SDN BHD
,10 JALAN APOLLO U5/190 BANDAR PINGGIRAN SUBANG SEKSYEN 1 SUBANG 2 SHAH ALAM 40150 SELANGOR,'2017-08-02,03 - 78453733,http://edirectory.matrade.gov.my/application/edirectory.nsf/profile?OpenForm&id=41727&sid=3CB19BD6DDFB4A01303FA4CC03CE6CB4,cyong@goodlife.com.my,GOODLIFE ELASTOMER (M) SDN BHD
,"NO. A153, JALAN 3 KAWASAN PERUSAHAAN MIEL SUNGAI LALANG PHASE V SUNGAI PETANI 08000 KEDAH",'2017-08-02,04 - 4419928,http://edirectory.matrade.gov.my/application/edirectory.nsf/profile?OpenForm&id=61929&sid=A0A26F44FE4FFA5A2E6C1099B2FAFF6C,info@silcotechindustry.com,SILCOTECH INDUSTRY SDN BHD
,PLOT 125 JALAN INDUSTRI 10 KAW PERINDUSTRIAN ALOR GAJAH 78000 MELAKA,'2017-08-02,06 - 5561088,http://edirectory.matrade.gov.my/application/edirectory.nsf/profile?OpenForm&id=13138&sid=98AEE820E9EADE3D8FA2DAA315406A50,JiaShyan.Tsu@Lipta.com.my,LIPTA PLASTIC INDUSTRIES SDN BHD
,"25, JALAN P6/1 SECTION 6, BANDAR TEKNOLOGI KAJANG KAJANG 43500 SELANGOR",'2017-08-02,03 - 87231118,http://edirectory.matrade.gov.my/application/edirectory.nsf/profile?OpenForm&id=12393&sid=AE69BB23E765317A39AF2AE78A58A006,fenny@kmk.com.my,KMK RUBBER MANUFACTURING SDN BHD
,"LOT 6558, BLOCK 8, MATANG LAND DISTRICT, JALAN ALAM INDAH, OFF JALAN BATU KAWA-MATANG, KUCHING 93050 SARAWAK",'2017-08-02,082 - 287599,http://edirectory.matrade.gov.my/application/edirectory.nsf/profile?OpenForm&id=59977&sid=39BED6EF4AD3D1ED72C5B6701C17028C,inquiry@zha.com.my,ZHA ENVIRONMENTAL SDN BHD
,"NO.9 JALAN 1/1, KAWASAN PERUSAHAAN OLAK LEMPIT BANTING, SELANGOR 42700 SELANGOR",'2017-08-02,314 - 91869,http://edirectory.matrade.gov.my/application/edirectory.nsf/profile?OpenForm&id=90651&sid=164D99AFD60A2BB1B758D8095344FFA0,akmimaslina.karim@hubner-malaysia.com,HUBNER MALAYSIA SDN. BHD.
,LOT 47 KULIM INDUSTRIAL ESTATE KULIM 09000 KEDAH,'2017-08-02,04 - 4891043,http://edirectory.matrade.gov.my/application/edirectory.nsf/profile?OpenForm&id=66618&sid=17C41BB65CF8C4EACC99A0B75D5B203D,kokkee.ong@hiapsengtyre.com.my,HIAP SENG TYRE (KULIM) SDN BHD
,"48, JALAN JOHAN 2/5 KAW PERINDUSTRIAN PENGKALAN II FASA II, LAHAT 31500 PERAK",'2017-08-02,605 - 3668805,http://edirectory.matrade.gov.my/application/edirectory.nsf/profile?OpenForm&id=4086&sid=883266315B7EB19A3478A7D5F7A024B6,wellcall@wellcall.com.my,WELLCALL HOSE (M) SDN BHD
,"JA 9158 JASIN INDUSTRIAL PARK JASIN, BEMBAN 77200 MELAKA",'2017-08-02,06 - 5292229,http://edirectory.matrade.gov.my/application/edirectory.nsf/profile?OpenForm&id=10938&sid=0029A6CB8B6375E1B125810600E9FA11,calvin@fudex.com.my,FUDEX RUBBER PRODUCTS (M) SDN BHD
,"5500, JALAN MAK MANDIN MAK MANDIN INDUSTRIAL ESTATE BUTTERWORTH 13400 PULAU PINANG",'2017-08-02,04 - 3321133,http://edirectory.matrade.gov.my/application/edirectory.nsf/profile?OpenForm&id=10842&sid=8FDBF85A3D3DCAD576AF6BD5EAA6AF11,export@yosogo.com,YOSOGO WRITING INSTRUMENT SDN BHD
,"2, JALAN WAWASAN 3/KU7 SUNGAI KAPAR INDAH KLANG 42200 SELANGOR",'2017-08-02,03 - 32919191,http://edirectory.matrade.gov.my/application/edirectory.nsf/profile?OpenForm&id=56361&sid=78C2E081054B7E2C4B374F7F3EB2516C,fisb@fairmontindustries.com,FAIRMONT INDUSTRIES SDN BHD
,NO 14 & 16 JALAN BISTARI 6 TAMAN INDUSTRI JAYA SKUDAI 81300 JOHOR,'2017-08-02,012 - 5001118,http://edirectory.matrade.gov.my/application/edirectory.nsf/profile?OpenForm&id=91556&sid=9E89F4470FB0C17096498F57C6A7C4B4,lcwee@nkrubber.com.my,N.K RUBBER (M) SDN BHD
,NO 62 JALAN BULAN U5/173 BANDAR PINGGIRAN SUBANG SEKSYEN U5 SHAH ALAM 40150 SELANGOR,'2017-08-02,03 - 77341367,http://edirectory.matrade.gov.my/application/edirectory.nsf/profile?OpenForm&id=95284&sid=2B166D9E0EE2479BDD29BFB9128C962C,emsb923@gmail.com,EKSKLUSIF MAKMUR SDN BHD
,"LOT 20, JALAN TEKNOLOGI 3/5 SELANGOR SCIENCE PARK 1, KOTA DAMANSARA PETALING JAYA 47810 SELANGOR",'2017-08-02,03 - 61417930,http://edirectory.matrade.gov.my/application/edirectory.nsf/profile?OpenForm&id=9144&sid=5C204F12F4E848D6DBA2A95B6CAC053D,suzanna@innopeak.com,INNOPEAK (M) SDN BHD
,"NO. 2, 4 & 6. JALAN TU 54, TAMAN TASEK UTAMA AYER KEROH 75450 MELAKA",'2017-08-02,06 - 2347200,http://edirectory.matrade.gov.my/application/edirectory.nsf/profile?OpenForm&id=80254&sid=22CEC83BCE3AB7CBA63D807155C3D56B,abidin@subitec.com.my,SUBITEC SDN BHD
,"52, JALAN SERULING 58 TAMAN KLANG JAYA, TAI CHONG IND. PARK KLANG 41200 SELANGOR",'2017-08-02,03 - 33243325,http://edirectory.matrade.gov.my/application/edirectory.nsf/profile?OpenForm&id=9752&sid=DE412D76DF6528CA028BD29D8F819A9F,sales@scrubbermembrane.com,SAIL CREST RUBBER MEMBRANE SDN BHD
,"3C, JALAN PASAR KULAI  81000 JOHOR",'2017-08-02,012 - 7116955,http://edirectory.matrade.gov.my/application/edirectory.nsf/profile?OpenForm&id=37876&sid=7FCEC965EC6AC0D42DABE4EE3CBB9F0C,banyan88@gmail.com,BANYAN CONSULTING
,"1 & 3, LINTANG BERINGIN 1 DIAMOND VALLEY INDUSTRIAL PARK JALAN PERMATANG DAMAR LAUT, BAYAN LEPAS 11960 PULAU PINANG",'2017-08-02,04 - 6266761,http://edirectory.matrade.gov.my/application/edirectory.nsf/profile?OpenForm&id=15306&sid=D9EB4B0929BC12865B4044C9E248D3CE,info@watas.com.my,WATAS HOLDINGS SDN BHD
,"BLOK A, LOT 8282, JALAN 32, KAW 16 SG RASA LIGHT INDUSTRIAL AREA KLANG 41300 SELANGOR",'2017-08-02,03 - 33414186,http://edirectory.matrade.gov.my/application/edirectory.nsf/profile?OpenForm&id=80858&sid=2E92E74FB7E9F223966BDB4101B46ED9,chia.glrubber@gmail.com,GL RUBBER RESOURCE SDN BHD
,"19, JALAN KENCANA 18 TAMAN KENCANA 56100 KUALA LUMPUR",'2017-08-02,03 - 42945586,http://edirectory.matrade.gov.my/application/edirectory.nsf/profile?OpenForm&id=78679&sid=74E2BCBBE0D9D90E762E6D44DA1B8C20,kurniajuta@gmail.com,KURNIA JUTA SDN BHD
,"21-G, JALAN DU 2/2,TAMAN DAMAI UTAMA BANDAR KINRARA PUCHONG 47180 SELANGOR",'2017-08-02,03 - 58870722,http://edirectory.matrade.gov.my/application/edirectory.nsf/profile?OpenForm&id=80890&sid=EF9D9154F494BF6BAAFE82233F9910E0,enquiry@alphaxcess.com,ALPHA EXCESS
,NO.10 JALAN MJ3 TAMAN MERDEKA JAYA BATU BERENDAM 75350 MELAKA,'2017-08-02,06 - 3172412,http://edirectory.matrade.gov.my/application/edirectory.nsf/profile?OpenForm&id=41824&sid=FCFCC85FE82C1D7CC1D15E46D9C782C3,kenlimkp@gmail.com,MAXDEAL TRADING
,LOT 1800 & 1805  JALAN KPB5 KAW PERINDUSTRIAN BALAKONG SERI KEMBANGAN 43300 SELANGOR,'2017-08-02,03 - 89619888,http://edirectory.matrade.gov.my/application/edirectory.nsf/profile?OpenForm&id=16552&sid=C29B32E1643944028902A3E1651F950B,afisales@alliedgroup.com.my,ALLIED FOAM INSULATION SDN BHD
,"77 & 77A, JALAN RUKUN 4 OFF JALAN KUCHAI LAMA TAMAN GEMBIRA 58200 KUALA LUMPUR",'2017-08-02,03 - 79833877,http://edirectory.matrade.gov.my/application/edirectory.nsf/profile?OpenForm&id=81693&sid=3694E338505EB254BE0067608D828B33,wthose@gmail.com,WT HOSE & COUPLING SDN BHD
,"P.T.1643, BATU 5 1/2 JALAN MERU KLANG 41050 SELANGOR",'2017-08-02,03 - 33921716,http://edirectory.matrade.gov.my/application/edirectory.nsf/profile?OpenForm&id=3466&sid=4AE063BCD44501911E97D7D39FDEE8CF,amy.pyrope@gmail.com,PYROPE INDUSTRIES SDN BHD
,"A-2-5, BLOCK A, CENTREPOINT BUSINESS PARK JALAN 26/35, SECTION 26 SHAH ALAM 40400 SELANGOR",'2017-08-02,03 - 51911192,http://edirectory.matrade.gov.my/application/edirectory.nsf/profile?OpenForm&id=81587&sid=DB632E52662FE73A4528C7ED7CCA6B9C,info@imteqsolution.com,IMTEQ SOLUTION SDN BHD
,"NO 49F, JALAN DC4/1 DESA COALFIELDS, SUNGAI BULOH 47000 SELANGOR",'2017-08-02,03 - 60386328,http://edirectory.matrade.gov.my/application/edirectory.nsf/profile?OpenForm&id=54898&sid=D10E1470FA80E54FC3A4FC82A5F61FA3,serembanselatan@gmail.com,SEREMBAN SELATAN INDUSTRIES SUPPLIES SDN BHD
,#01-25 JALAN AUSTIN PERDANA 2/22 TAMAN AUSTIN PERDANA JOHOR BAHRU 81100 JOHOR,'2017-08-02,07 - 3553709,http://edirectory.matrade.gov.my/application/edirectory.nsf/profile?OpenForm&id=99481&sid=9934D66C85E13E373F36F127A6BA3C3E,sales@ecotex.com.my,ECOTEX ENTERPRISE SDN BHD
,NO.26 JLN SS 22/25 DAMANSARA JAYA PETALING JAYA 47400 SELANGOR,'2017-08-02,03 - 77294600,http://edirectory.matrade.gov.my/application/edirectory.nsf/profile?OpenForm&id=6502&sid=41B4F284330E3A9D01F965A70203A05A,krizng@ngbengtee.com.my,NG BENG TEE SDN BHD
,LOT 1148 MILE 23 JLN SG LALANG SEMENYIH 43500 SELANGOR,'2017-08-02,03 - 87271148,http://edirectory.matrade.gov.my/application/edirectory.nsf/profile?OpenForm&id=31183&sid=220E1615D4D0BB9734EC9A9AA8D75080,ecogreen1148@yahoo.com,ECOGREEN INDUSTRIAL SDN BHD
,"35 JALAN 29 KAWASAN 16, SG RASA INDUSTRIAL ESTATE KLANG 41300 SELANGOR",'2017-08-02,03 - 33427687,http://edirectory.matrade.gov.my/application/edirectory.nsf/profile?OpenForm&id=2834&sid=0246C8F5759B846D31DC037809260FFA,info@polymer-resources.com,POLYMER RESOURCES SDN BHD
,"A7/1 BLOCK A, JALAN SELAMAN 1/1 DATARAN PALMA AMPANG POINT 68000 KUALA LUMPUR",'2017-08-02,03 - 42702070,http://edirectory.matrade.gov.my/application/edirectory.nsf/profile?OpenForm&id=63957&sid=64C2C6391787BFD9D108E699CDFDF4A8,michele.onecastle@gmail.com,ONE CASTLE (MM2H) SDN BHD
,NO. 18 JLN PENDAMAR 27/90 SECTION 27 SHAH ALAM 40000 SELANGOR,'2017-08-02,03 - 51924199,http://edirectory.matrade.gov.my/application/edirectory.nsf/profile?OpenForm&id=4070&sid=92C63B100DDB5C7D8804E531C1AB1B5B,polytank@malaysiaolefins.com,REFINED POLYMERS SDN BHD
,NO.1 1/2 MILE JLN BATU PAHAT KB 508 KLUANG 86009 JOHOR,'2017-08-02,07 - 7731000,http://edirectory.matrade.gov.my/application/edirectory.nsf/profile?OpenForm&id=4722&sid=C177CAA4B59FA3737E57A59FA7DE2EC7,hajeelow@revertex.com.my,REVERTEX (M) SDN BHD
,"913 BLOCK E, PHILEO DAMANSARA 1 9  JLN 16/11, OFF JLN DAMANSARA PETALING JAYA 46350 SELANGOR",'2017-08-02,03 - 51920702,http://edirectory.matrade.gov.my/application/edirectory.nsf/profile?OpenForm&id=12016&sid=9C6B99B23D7DADF90FF1ACCDF3BEFC1C,gilani@irmal.com,IRMAL SDN BHD
,SUITE 18-18-C GURNEY TOWER PERSIARAN GURNEY 10250 PULAU PINANG,'2017-08-02,04 - 2262715,http://edirectory.matrade.gov.my/application/edirectory.nsf/profile?OpenForm&id=82429&sid=D996FB27BD5712BB672CE00F5F05A69E,info@hermesrubber.com,HERMES NATURAL RUBBER SDN BHD
,"NO.16 JLN JALAK 2 TMN SRI BAHTERA, 5TH MILE JLN CHERAS 56100 KUALA LUMPUR",'2017-08-02,03 - 91319055,http://edirectory.matrade.gov.my/application/edirectory.nsf/profile?OpenForm&id=10417&sid=0AA6081B4EA30910745BF9C2283196A8,yureka@streamyx.com,YUREKA SDN BHD
,NO.27 JLN 7/3 TMN INDUSTRI SELESA JAYA BALAKONG 43300 SELANGOR,'2017-08-02,03 - 89623163,http://edirectory.matrade.gov.my/application/edirectory.nsf/profile?OpenForm&id=9271&sid=E1E44D3D86B5ED77233947A09BC0DBEF,sales@liewkoon.com.my,LIEW KOON MARKETING SDN BHD
,"LOT 4969, JALAN TERATAI, BATU 6 OFF JALAN MERU KLANG 41050 SELANGOR",'2017-08-02,603 - 33921992,http://edirectory.matrade.gov.my/application/edirectory.nsf/profile?OpenForm&id=2216&sid=75EC1E91F1BE3F92B2A44699A37DBFD4,sales@topglove.com.my,TOP GLOVE SDN. BHD.
,"SUITE 2, JALAN BUNGA KEMUNTING 2/10 SECTION 2 SHAH ALAM 40000 SELANGOR",'2017-08-02,03 - 55110824,http://edirectory.matrade.gov.my/application/edirectory.nsf/profile?OpenForm&id=6321&sid=0F615379127AF3142839FF38EE59F865,aricorp_58@hotmail.com,ARICORP SDN BHD
,"600, JALAN 22 TAMAN PERINDUSTRIAN EHSAN JAYA TAMAN EHSAN, KEPONG 52100 KUALA LUMPUR",'2017-08-02,03 - 62720532,http://edirectory.matrade.gov.my/application/edirectory.nsf/profile?OpenForm&id=85892&sid=19A6CDAAF718442CA7101E7F54CAB6DE,inquiry@welldone.com.my,WELLDONE & DORMAT (M) SDN BHD
,"PLOT 11 & 12, NON FREE TRADE ZONE BAYAN LEPAS  11900 PULAU PINANG",'2017-08-02,04 - 6447055,http://edirectory.matrade.gov.my/application/edirectory.nsf/profile?OpenForm&id=6692&sid=678E7CCA1DE6859578185ACDFE41F115,zailah.zainal@mpol.com.my,M-POL PRECISION PRODUCTS SDN BHD
,LOT 57 KAW PERINDUSTRIAN SENAWANG SEREMBAN 70450 NEGERI SEMBILAN,'2017-08-02,06 - 6770344,http://edirectory.matrade.gov.my/application/edirectory.nsf/profile?OpenForm&id=12769&sid=9A0D394C19AB73B23678F37E8E9412D3,hr@cordage.com.my,CORDAGE INDUSTRIAL ROPE (M) SDN BHD
,"PT 360, JLN TPP 5/1 TMN PERINDUSTRIAN PUCHONG, SECTION 5 PUCHONG 47100 SELANGOR",'2017-08-02,03 - 80615629,http://edirectory.matrade.gov.my/application/edirectory.nsf/profile?OpenForm&id=12084&sid=064C43C6CB5AB8A753FF7E0A58A295A0,chew@colorpigment.com,COLOR PIGMENT (M) SDN BHD
,"A-83,  JALAN 1-B-3 KAW MIEL SG  PETANI PHASE I SG  PETANI 08000 KEDAH",'2017-08-02,04 - 4421222,http://edirectory.matrade.gov.my/application/edirectory.nsf/profile?OpenForm&id=14917&sid=24D3DFDB5995DC3BA85380574396D82C,peipei@kibaru.com.my,KIBARU MANUFACTURING SDN BHD
,"LOT 11, LORONG SULTAN HISHAMUDDIN 3 KAW 20, NORTH KLANG STRAITS INDUSTRIAL AREA PORT KLANG 42000 SELANGOR",'2017-08-02,03 - 31761776,http://edirectory.matrade.gov.my/application/edirectory.nsf/profile?OpenForm&id=3329&sid=04E35B7FA7ACA7AEC0F5D01689AB2B32,evelyn@yongfong.com.my,YONG FONG RUBBER INDUSTRIES SDN BHD
,"LOT 6122, JALAN HAJI ABDUL  MANAN OFF JALAN MERU KLANG 41050 SELANGOR",'2017-08-02,03 - 33924488,http://edirectory.matrade.gov.my/application/edirectory.nsf/profile?OpenForm&id=4034&sid=5EB3CEDDD370C869CF5D9503FEB31626,ratna@lsk.com.my,LSK MATTRESSWORLD SDN BHD
,PLOT 3 KAW PERUSAHAAN SG.PETANI LPK FASA 4 SG PETANI 08000 KEDAH,'2017-08-02,04 - 4413770,http://edirectory.matrade.gov.my/application/edirectory.nsf/profile?OpenForm&id=76667&sid=729DC3CBE7C008DC79048957AD7EA95C,kambata@pc.jaring.my,KBT RESOURCES SDN BHD
,"LOT 7 , JALAN PERINDUSTRIAN BUKIT INDAH 2 PERINDUSTRIAN BUKIT INDAH SUNGAI BULOH 47000 SELANGOR",'2017-08-02,03 - 61519005,http://edirectory.matrade.gov.my/application/edirectory.nsf/profile?OpenForm&id=84218&sid=22724B0B1A5AEF416354C39B5F8E8DA3,info@srielastomers.com,BLUE OLMEK SDN BHD
,"86 JALAN MEGA MENDUNG BANDAR PARK, OFF JALAN KELANG LAMA 58200 KUALA LUMPUR",'2017-08-02,03 - 79848401,http://edirectory.matrade.gov.my/application/edirectory.nsf/profile?OpenForm&id=85646&sid=2026FB449C537448B67913F13D5B1662,sales@shin-yo.com.my,SHIN-YO ENGINEERING SDN BHD
