HREF,TEL,FAILMSG,CONAME,EMAIL,DATE_SCRAPED,BIZADD
http://edirectory.matrade.gov.my/application/edirectory.nsf/profile?OpenForm&id=9999&sid=59E03743FF90F3782F602333179D68B2,07 - 5978100,,MEDICAL- LATEX (DUA) SDN BHD,Medical-Latex@medicallatex.com,'2017-08-02,PLO 8 SENAI INDUSTRIAL ESTATE SENAI 81400 JOHOR
http://edirectory.matrade.gov.my/application/edirectory.nsf/profile?OpenForm&id=88019&sid=2D5E6B0DD41271AD90141E9C84BA726A,04 - 6575453,,BIOANALYTICAL QUEST SDN BHD,bioanalyticalquest@gmail.com,'2017-08-02,SUITE 108 KOMPLEKS EUREKA UNIVERSITI SAINS MALAYSIA 11800 PULAU PINANG
http://edirectory.matrade.gov.my/application/edirectory.nsf/profile?OpenForm&id=88022&sid=D82E6DDF2DFD3BBCEAD918E72F98B567,04 - 5040303,,3D INSTRUMENTATION SDN BHD,khgooi@3disb.com,'2017-08-02,"95, LORONG IKS JURU 5 TAMAN PERINDUSTRIAN RINGAN JURU BUKIT MERTAJAM 14000 PULAU PINANG"
http://edirectory.matrade.gov.my/application/edirectory.nsf/profile?OpenForm&id=85647&sid=76ED4570A9F2E7B66E834411E0CE628F,03 - 92008828,,360HORIZONZ SDN BHD,sales@360horizonz.com,'2017-08-02,54 JALAN 8/91 SHAMELIN 56100 KUALA LUMPUR
http://edirectory.matrade.gov.my/application/edirectory.nsf/profile?OpenForm&id=14182&sid=E1F1617680945CB6D426A81DA000672D,03 - 89261351,,OSA TECHNOLOGY SDN BHD,osa.khairrazi@yahoo.com,'2017-08-02,"BLOCK C UKM-MTDC HMART TECKNOLOGI CENTER II UNIVERSITI KEBANGSAAN MALAYSIA, BANGI 43600 SELANGOR"
http://edirectory.matrade.gov.my/application/edirectory.nsf/profile?OpenForm&id=86039&sid=CCF6EF485D2B19A05517D7E6143F6FAA,05 - 5267952,,SYG MEDICAL COMPOUND SDN. BHD.,mailadmin@medicalcompound.com,'2017-08-02,"16, JALAN KILANG 1, JELAPANG LIGHT INDUSTRIAL ESTATE,  30100 PERAK"
http://edirectory.matrade.gov.my/application/edirectory.nsf/profile?OpenForm&id=100053&sid=97F2AC75468A9425097BC40971D4A46F,03 - 80228419,,SKIP TECHNOLOGIES PLT,nano@skiptechnologies.com,'2017-08-02,LEVEL 8 MCT TOWER SKY PARK ONE CITY JALAN USJ 25/1 47650 SELANGOR
http://edirectory.matrade.gov.my/application/edirectory.nsf/profile?OpenForm&id=84899&sid=8F920B14305BE9898C58DA57CA7D4144,03 - 80207020,,SILVERFILDENTAL PRODUCTS SDN BHD,dr.radha@silverfildental.com,'2017-08-02,"5, JALAN INDUSTRI 1/11 TAMAN PERINDUSTRIAN USJ 1 SUBANG JAYA 47600 SELANGOR"
http://edirectory.matrade.gov.my/application/edirectory.nsf/profile?OpenForm&id=78042&sid=A7CBD1AD9405E0C9B3A6F8F9A56C577E,03 - 78044770,,LABQUIP (M) SDN BHD,siew_eng@labquipasia.com,'2017-08-02,"LABQUIP (M) SDN BHD 17, JALAN PJU 3/46 SUNWAY DAMANSARA 47810 SELANGOR"
http://edirectory.matrade.gov.my/application/edirectory.nsf/profile?OpenForm&id=74516&sid=BE21ECF902BEADB1A2739C34176B5B12,03 - 78736405,,ASIA-PACIFIC SPECIAL NUTRIENTS SDN. BHD.,kokho.tan@rhonema.com,'2017-08-02,LOT 18B JALAN 241 SECTION 51A PETALING JAYA 46100 SELANGOR
http://edirectory.matrade.gov.my/application/edirectory.nsf/profile?OpenForm&id=81692&sid=4BC61887C92B5F5411D57827828F9E63,03 - 80651088,,MYWAM SDN BHD,enquiry@wammap.com,'2017-08-02,17-2B JALAN PUTERI 2/7 BANDAR PUTERI PUCHONG 47100 SELANGOR
http://edirectory.matrade.gov.my/application/edirectory.nsf/profile?OpenForm&id=81462&sid=70364BD4A9E4E6CF23E68409609CF1C2,03 - 33232967,,D ARCH KINETIC WORLDWIDE SDN BHD,info@d-archkinetic.com,'2017-08-02,20 JALAN KASUARINA 6/KS7 BANDAR BOTANIC KLANG 41200 SELANGOR
http://edirectory.matrade.gov.my/application/edirectory.nsf/profile?OpenForm&id=12097&sid=100246D82164EA0695AFE723DF436732,03 - 80263333,,BEHN MEYER INTERNATIONAL TRADING SDN BHD,bmcn@behnmeyer.com.my,'2017-08-02,NO 5 JLN TP2 TMN PERINDUSTRIAN SIME UEP SUBANG JAYA 47600 SELANGOR
http://edirectory.matrade.gov.my/application/edirectory.nsf/profile?OpenForm&id=15574&sid=605DB3A38BC7348A1159047D36F9D8A7,017 - 9473080,,MUZAMAL VENTURES SDN BHD,christopher.lim@muzamalventures.com,'2017-08-02,"LOT 21, JALAN 3A KAW PERINDUSTRIAN CHERAS JAYA CHERAS 43200 SELANGOR"
http://edirectory.matrade.gov.my/application/edirectory.nsf/profile?OpenForm&id=83202&sid=159F3200463B95F0CFE9FF35B10A210F,018 - 6222582,,FOOTSTEPS TECHNOLOGY SDN BHD,kelim@footdisc.com.my,'2017-08-02,LOT 37-3 JALAN 2/115A TAMAN PAGAR RUYONG 58200 KUALA LUMPUR
http://edirectory.matrade.gov.my/application/edirectory.nsf/profile?OpenForm&id=7531&sid=BF1B6F6BF8577952E0C3CE6FD89558E9,03 - 51226666,,TELE-PAPER (M) SDN BHD,info@telepapers.com,'2017-08-02,"LOT 1, JALAN SEJAHTERA 25/124 AXIS PREMIER INDUSTRIAL PARK, SECTION 25 SHAH ALAM 40400 SELANGOR"
http://edirectory.matrade.gov.my/application/edirectory.nsf/profile?OpenForm&id=3552&sid=D03D8DC14054FF3B992AC5E56E289187,03 - 60813626,,SAS INDUSTRIES SDN BHD,marketing@sasgloves.com,'2017-08-02,"LOT 74C, BATU 26 JALAN KL - IPOH SERENDAH 48200 SELANGOR"
http://edirectory.matrade.gov.my/application/edirectory.nsf/profile?OpenForm&id=64513&sid=CBEB63221E95FFF6ECB01D63CC750270,03 - 80682516,,INTERMEDEX (M) SDN BHD,sales@myintermedex.com,'2017-08-02,"21, JALAN PUTERI 5/16 BANDAR PUTERI PUCHONG 47100 SELANGOR"
http://edirectory.matrade.gov.my/application/edirectory.nsf/profile?OpenForm&id=40802&sid=0D653352E62AB12257BB587CC9EF9764,03 - 33935718,,MBH COSMECEUTICAL SDN BHD,csfoo@mbh.com.my,'2017-08-02,"12,JALAN MERU INDAH 20 TMN PERINDUSTRIAN MERU INDAH KAPAR KLANG 42200 SELANGOR"
http://edirectory.matrade.gov.my/application/edirectory.nsf/profile?OpenForm&id=13829&sid=6BA888DCCFD871A067613B7A193F87F7,03 - 78808128,,COMPACT HYGIENE SDN BHD,help@lens-2.com,'2017-08-02,"E306, KELANA PARKVIEW NO.1, JALAN SS6/2,  47301 SELANGOR"
http://edirectory.matrade.gov.my/application/edirectory.nsf/profile?OpenForm&id=15879&sid=73A4B3B704C668EBFA7DA43063E321FA,05 - 5482723,,BIOGREEN MEDICAL SDN BHD,nora@rubberex.com.my,'2017-08-02,"LOT 138201, OFF 3/4 MILE, JALAN BERCHAM KAW PERINDUSTRIAN BERCHAM IPOH 31400 PERAK"
http://edirectory.matrade.gov.my/application/edirectory.nsf/profile?OpenForm&id=69150&sid=C5F5D8FA38820CA85E11114FDE90E996,03 - 76252525,,HEALTHTRONICS (M) SDN BHD,info@healthtronics.com.my,'2017-08-02,"SUITE (P3-03) BUILDING INFORMATION CENTRE LOT 2, JALAN51A/243, PETALING JAYA 46100 SELANGOR"
http://edirectory.matrade.gov.my/application/edirectory.nsf/profile?OpenForm&id=67425&sid=1BC88507A4EE2B093293B80ECE09A9E7,03 - 41431151,,IRIS NETWORK & RESOURCES,enquiry@royal-iris.com,'2017-08-02,"20, LORONG WANGSA SIAGA 2 WANGSA MELAWATI KUALA LUMPUR 53300 KUALA LUMPUR"
http://edirectory.matrade.gov.my/application/edirectory.nsf/profile?OpenForm&id=60270&sid=668121E7BF39760CC5D4B98F3CEA5846,03 - 80251603,,RESZON DIAGNOSTICS INTERNATIONAL SDN BHD,info@reszonics.com,'2017-08-02,"REVONGEN CORPORATION CENTER 12A, JLN TP5, TAMAN PERINDUSTRIAN UEP SUBANG JAYA 47600 SELANGOR"
http://edirectory.matrade.gov.my/application/edirectory.nsf/profile?OpenForm&id=71672&sid=B9865994A385776292E4D79C4003F5B6,03 - 56128998,,INTCO MEDICAL GROUP (MALAYSIA) SDN BHD,alicialiew@intco.com.cn,'2017-08-02,"B-10-22, EMPIRE SOHO, EMPIRE SUBANG JALAN SS16/1, SS16 INTCO MEDICAL GROUP (MALAYSIA) SDN BHD 47500 SELANGOR"
http://edirectory.matrade.gov.my/application/edirectory.nsf/profile?OpenForm&id=71894&sid=17358108A64C5A087DA46CD13BCEFD5C,05 - 2431880,,MERAH MEDICAL SDN BHD,avtar@merahmedical.com,'2017-08-02,"14A-1, 1ST FLOOR JALAN TUN SAMBANTHAN IPOH 30000 PERAK"
http://edirectory.matrade.gov.my/application/edirectory.nsf/profile?OpenForm&id=69258&sid=ADE1EFFC6CE062EAF30B8156EF9B4FAB,03 - 79717591,,RESTU PANCA SDN BHD,dheven@restupanca.com,'2017-08-02,"33-2, PLAZA DANAU 2, JALAN 109 F TAMAN DANAU DESA OFF JALAN KLANG LAMA 58100 KUALA LUMPUR"
http://edirectory.matrade.gov.my/application/edirectory.nsf/profile?OpenForm&id=7597&sid=67C184FAFB732BDD5F183811E0F5746F,03 - 87373170,,PLASFORM SDN BHD,eddie@plasform.com.my,'2017-08-02,"31-37, JALAN ASA 8 TAMAN ASA JAYA LIGHT INDUSTRIAL AREA KAJANG 43000 SELANGOR"
http://edirectory.matrade.gov.my/application/edirectory.nsf/profile?OpenForm&id=71896&sid=B0812E7C9F5F47A71939CBE56A6CB8CE,03 - 77282063,,LABCHEM SDN BHD,labchem@labchem.com.my,'2017-08-02,22 JALAN SS20/10 DAMANSARA KIM 47400 SELANGOR
http://edirectory.matrade.gov.my/application/edirectory.nsf/profile?OpenForm&id=61922&sid=0CBE6A08D692E1559C5EA1331E7031BD,603 - 78314083,,SNAA MEDIC SDN BHD,info@snaamedic.com,'2017-08-02,"37, JALAN BULAN BL, U5/BL BANDAR PINGGIRAN SUBANG SECTION U5, SHAH ALAM 40150 SELANGOR"
http://edirectory.matrade.gov.my/application/edirectory.nsf/profile?OpenForm&id=71723&sid=96836D798FA30FA34BC2897ADDE244A8,010 - 9601570,,SHOPPING POINT,salesordering8888@hotmail.com,'2017-08-02,TAMAN PULAI INDAH 12 JALAN PULAI INDAH 5/15 JOHOR BAHRU 81100 JOHOR
http://edirectory.matrade.gov.my/application/edirectory.nsf/profile?OpenForm&id=35463&sid=73579028AE3632ACB71C823C086FBE22,03 - 33239714,,NATURAL ELIXIRS SDN BHD,info@naturalelixirs.biz,'2017-08-02,"6, JALAN JASMIN 8/KS6 BANDAR BOTANIC KLANG 41200 SELANGOR"
http://edirectory.matrade.gov.my/application/edirectory.nsf/profile?OpenForm&id=14261&sid=0B5F689FBE05ED59FB93313A74AD4BB3,04 - 5080070,,MECHA-MEDIC SOLUTION SDN BHD,info@mechamedic.com,'2017-08-02,"NO.1, LORONG PERUSAHAAN MAJU 11 TAMAN PELANGI PERAI 13600 PULAU PINANG"
http://edirectory.matrade.gov.my/application/edirectory.nsf/profile?OpenForm&id=63715&sid=D6EF5A852394B69FD67D2A48E2B51ECC,082 - 243592,,TECSEN TECHNOLOGIES SDN BHD,alanwee@tecsen.com.my,'2017-08-02,"LOT 3026, SUBLOT 9 2ND FLOOR 2 1/2 MILE JALAN TUN AHMAD ZAIDI ADRUCE 93150 SARAWAK"
http://edirectory.matrade.gov.my/application/edirectory.nsf/profile?OpenForm&id=8218&sid=21882CE51B8D7275335344641DF62FE8,03 - 61889390,,FASTAID MEDICAL (M) SDN BHD,roma@fastaid.com.my,'2017-08-02,"18, JALAN DBP DOLOMITE BUSINESS PARK BATU CAVES 68100 SELANGOR"
http://edirectory.matrade.gov.my/application/edirectory.nsf/profile?OpenForm&id=42106&sid=7F0CBF75E0962E3007FF2C294D52E40A,03 - 78809787,,NEOPHARMA BIOTECH ASIA SDN BHD,info@neopharmaasia.com,'2017-08-02,"SUITE 410, BLOCK A, GLOMAC BUSINESS CENTRE 10, JLN SS 6/1, KELANA JAYA PETALING JAYA 47301 SELANGOR"
http://edirectory.matrade.gov.my/application/edirectory.nsf/profile?OpenForm&id=14904&sid=D5652B2478E460E018FF1D6059AD7C64,03 - 40233333,,HEALING CHAMBERS OF ASIA SDN BHD,info@healingchambers.com.my,'2017-08-02,3 PERSIARAN TITIWANGSA 3  53200 KUALA LUMPUR
http://edirectory.matrade.gov.my/application/edirectory.nsf/profile?OpenForm&id=42341&sid=80F3FADA56FDCB9547630286C46D8027,03 - 62503939,,ASSURTIUM SDN BHD,assurtium@gmail.com,'2017-08-02,"65-1, JALAN METRO PERDANA BARAT1 TAMAN USAHAWAN KEPONG KEPANG UTARA 52000 KUALA LUMPUR"
http://edirectory.matrade.gov.my/application/edirectory.nsf/profile?OpenForm&id=43160&sid=4D02C6A30E3A074A59BE666966A8358B,03 - 78065568,,KUALA LUMPUR ELECTRIC VEHICLES SDN BHD,mustapha.kamal@ezzyrider.com,'2017-08-02,"3-1 BLOCK D2, JALAN PJU 1/39 DATARAN PRIMA, PETALING JAYA  47301 SELANGOR"
http://edirectory.matrade.gov.my/application/edirectory.nsf/profile?OpenForm&id=13325&sid=57212EF06FF25E5E26C39462F25E2164,03 - 77857677,,SERVICOM MEDICAL SDN BHD,enquiry@servicom.com.my,'2017-08-02,"43, JALAN GASING PETALING JAYA JALAN AMPANG 46000 SELANGOR"
http://edirectory.matrade.gov.my/application/edirectory.nsf/profile?OpenForm&id=8143&sid=641B0AC549217B3187A252E242FF6720,03 - 77848536,,AG WHOLESALE DISTRIBUTION CENTRE SDN BHD,gaffoor@ag-scientific.com,'2017-08-02,NO. 11 JALAN OTHMAN PETALING JAYA 46000 SELANGOR
http://edirectory.matrade.gov.my/application/edirectory.nsf/profile?OpenForm&id=10881&sid=9CD502818191A1805C53C02D931FE441,04 - 4224010,,GALETAX CORPORATION SDN BHD,subramd53@gmail.com,'2017-08-02,"57, JALAN SG TUKANG 2/1 KAW PERUSAHAAN SG TUKANG SG PETANI 08000 KEDAH"
http://edirectory.matrade.gov.my/application/edirectory.nsf/profile?OpenForm&id=3235&sid=522452EA15586FA8929938A72BD93B2E,03 - 32500377,,PLEASURE LATEX PRODUCTS SDN BHD,mkt@plplatex.com,'2017-08-02,"LOT 5322, 15TH MILES JALAN PADANG GAJAH JERAM 45800 SELANGOR"
http://edirectory.matrade.gov.my/application/edirectory.nsf/profile?OpenForm&id=43768&sid=CBF0CFF3CA9D06DAD7D27F385F0FF518,09 - 5163676,,GRAND WELLNESS NETWORK SDN BHD,info@e-wellness.com.my,'2017-08-02,"GRAND WELLNESS NETWORK SDN BHD NO 18, JALAN GAMBUT, 25000 KUANTAN, 25000 PAHANG"
http://edirectory.matrade.gov.my/application/edirectory.nsf/profile?OpenForm&id=13523&sid=A7255CCC5CFAAB80920BCFCA618B8099,03 - 40234702,,OMECO (M) SDN BHD,fauziah@myomeco.com,'2017-08-02,"1-3-8, BLOCK C, JALAN 1/50 DIAMOND SQUARE COMMERCIAL CENTRE OFF JALAN GOMBAK 53000 KUALA LUMPUR"
http://edirectory.matrade.gov.my/application/edirectory.nsf/profile?OpenForm&id=16567&sid=81D6BE8C5F5D594A1CD2F3D0AD7F3E5E,03 - 90562222,,SIMSON TRADING SDN BHD,simson_trading@yahoo.com,'2017-08-02,"35-2, JALAN 8/146 BANDAR TASIK SELATAN  57000 KUALA LUMPUR"
http://edirectory.matrade.gov.my/application/edirectory.nsf/profile?OpenForm&id=13750&sid=335CCC901CD47F45C92AE8EFA9CCCCD1,05 - 8913158,,EPSILON MEDICAL DEVICES SDN BHD,info@epsilon-group.com,'2017-08-02,"LOT 5271, JALAN PERUSAHAAN 3 KAMUNTING INDUSTRIAL ESTATE KAMUNTING 34600 PERAK"
http://edirectory.matrade.gov.my/application/edirectory.nsf/profile?OpenForm&id=13064&sid=8FCC3D1797B3CD4557AFFCE521ABA274,03 - 51212501,,SMART MEDIC MARKETING SDN BHD,leesmmktg@yahoo.com,'2017-08-02,"11, JALAN ANGGERIK MOKARA SECTION 31/58 KOTA KEMUNING SHAH ALAM 40406 SELANGOR"
http://edirectory.matrade.gov.my/application/edirectory.nsf/profile?OpenForm&id=9254&sid=A5BE9DA74D35880EAC7AE76D2B7E0988,03 - 33429999,,REMEDI PHARMACEUTICALS (M) SDN BHD,wmaster@pharmaniaga.com,'2017-08-02,"6 LEBUH KELULI KWS. PERINDUSTRIAN BKT. RAJA SELATAN LOCKED BAG 2030, KLANG 41990 SELANGOR"
http://edirectory.matrade.gov.my/application/edirectory.nsf/profile?OpenForm&id=4878&sid=ABCA30B4D87C6D7DDA2752470E2661AB,03 - 33746060,,SURIA-MEDIK SDN BHD,info@suria-medik.com,'2017-08-02," 30, LORONG RAJA NONG 1A TAMAN ALAM NYATA FASA 5 OFF JALAN RAJA NONG, KLANG 41000 SELANGOR"
http://edirectory.matrade.gov.my/application/edirectory.nsf/profile?OpenForm&id=64504&sid=4C4313B906D68A4E151CF904CA319B9E,03 - 79539877,,EDGEWISE VALLEY SDN BHD,casey@edgewisevalley.com,'2017-08-02,"UNIT 601, BLOCK A PHILEO DAMANSARA 1, 9 JALAN 16/11 PETALING JAYA 46350 SELANGOR"
http://edirectory.matrade.gov.my/application/edirectory.nsf/profile?OpenForm&id=41377&sid=B383B7AB1D6C0BD9C309958E727C229B,03 - 51225331,,ISOLAB SDN BHD,enquiry@isolab.com.my,'2017-08-02,"5, JALAN ANGGERIK MOKARA 31/46 KOTA KEMUNING  40460 SELANGOR"
http://edirectory.matrade.gov.my/application/edirectory.nsf/profile?OpenForm&id=34020&sid=A5E8B3A5D7D9D21CF315DE7B4C7FD82F,03 - 90769233,,YAKIN BIO ENGINEERING SDN BHD,info@yakin-invest.com.my,'2017-08-02,"GROUND FLOOR, ENTERPRISE 4 LEBUHRAYA PUCHONG-SG BESI BKT JALIL 57000 KUALA LUMPUR"
http://edirectory.matrade.gov.my/application/edirectory.nsf/profile?OpenForm&id=9883&sid=33A69E6180B8CCADB66A4011A749ACFE,03 - 33926192,,OLIPRO BIOTECHNOLOGY SDN BHD,info@oliprobiotech.com,'2017-08-02,LOT 5030 JALAN TERATAI 5 1/2 MILE OFF JALAN MERU KLANG 41050 SELANGOR
http://edirectory.matrade.gov.my/application/edirectory.nsf/profile?OpenForm&id=8105&sid=2F5A3C3D7DB8441AC668F1B7C2910D46,082 - 456711,,TREND-NICS SDN BHD,sales@trendnics.com.my,'2017-08-02,"LOT 13, 127D, 1ST FLOOR GREEN HEIGHTS COMMERCIAL CENTRE JLN LAPANGAN TERBANG, KUCHING 93250 SARAWAK"
http://edirectory.matrade.gov.my/application/edirectory.nsf/profile?OpenForm&id=8190&sid=D6D25DC409E5076EA690F82B3AD7D0FB,603 - 51913905,,E-PRO SYSTEMS (M) SDN. BHD.,epro.system@gmail.com,'2017-08-02,"NO. 14, JALAN KOTA RAJA J27/J SEKSYEN 27, HICOM BUSSINESS CENTRE SHAH ALAM 40400 SELANGOR"
http://edirectory.matrade.gov.my/application/edirectory.nsf/profile?OpenForm&id=63065&sid=71FF79B9798B2F6D3ED16E07A23E2E7D,04 - 6161356,,ZENIC MEDICAL DEVICES INTERNATIONAL SDN BHD,khleow@zenicmed.com,'2017-08-02,"57-G, PERSIARAN BAYAN INDAH BAYAN BAY SUNGAI NIBONG 11900 PULAU PINANG"
http://edirectory.matrade.gov.my/application/edirectory.nsf/profile?OpenForm&id=65066&sid=7F81C253B952FFFB2A9406FCAECC8064,016 - 2285361,,SAS WORLDWIDE SDN BHD,sasworld2010@gmail.com,'2017-08-02,"10, JALAN TABOH 33/22 SEKSYEN 33 SHAH ALAM 40400 SELANGOR"
http://edirectory.matrade.gov.my/application/edirectory.nsf/profile?OpenForm&id=3187&sid=56EFBD86138B30EB93E9E14C5BE51B6F,03 - 89453392,,CONSTERN MANUFACTURING SDN BHD,constern@streamyx.com,'2017-08-02,"2A, JALAN BS7/16 BUKIT SERDANG INDUSTRIAL PARK SERI KEMBANGAN 43300 SELANGOR"
http://edirectory.matrade.gov.my/application/edirectory.nsf/profile?OpenForm&id=66044&sid=D5C0DDB06C55F75932B82EEDF0F8570C,03 - 33422770,,AXISBIO DIAGNOSTICS SDN BHD,farrah@axisbio.com.my,'2017-08-02,"32-4, SETIA AVENUE JALAN SETIA PRIMA U13/S BANDAR SETIA ALAM, SHAH ALAM 40170 SELANGOR"
http://edirectory.matrade.gov.my/application/edirectory.nsf/profile?OpenForm&id=65769&sid=D64B247B3E04DC161C3D5887661A6B36,04 - 6272446,,MECHMODULE TECHNOLOGY SDN BHD,kllee@mechmodule.com,'2017-08-02,"23, LINTANG BERINGIN 6 OFF JALAN PERMATANG DAMAR LAUT BATU MAUNG, DIAMOND VALLEY LIGHT IND. PARK 11960 PULAU PINANG"
http://edirectory.matrade.gov.my/application/edirectory.nsf/profile?OpenForm&id=66722&sid=7A79F25383FC1853711BCB4667B9414B,03 - 62113120,,PIYATECH SDN BHD,info@piyatech.com,'2017-08-02,B3-5-7 SOLARIS DUTAMAS JALAN DUTAMAS1 50480 KUALA LUMPUR
http://edirectory.matrade.gov.my/application/edirectory.nsf/profile?OpenForm&id=56559&sid=2F6CB9EE857E8E926FF8E80075E65C3C,03 - 56355347,,NAZMED SMS SDN BHD,sales@smsindus.com,'2017-08-02,"12-3, JALAN USJ 21/4 SUBANG JAYA  47630 SELANGOR"
http://edirectory.matrade.gov.my/application/edirectory.nsf/profile?OpenForm&id=67206&sid=BABA5943AC787787917EAB4125F69EF3,016 - 3626779,,A1 MEDITECH SDN BHD,marianah.abwahab@gmail.com,'2017-08-02,BLOK INTRON EKSON UKM-MTDC TECHNOLOGY CENTRE UNIVERSITI KEBANGSAAN MALAYSIA 43600 SELANGOR
http://edirectory.matrade.gov.my/application/edirectory.nsf/profile?OpenForm&id=7226&sid=3B2869366D90BB511F69F57E39A5E029,03 - 55100793,,SUARNA BAKTI SDN BHD,suarnabakti2012@yahoo.com,'2017-08-02,"53B,2ND FLOOR, BLOCK 4 WORLDWIDE BUSINESS CENTRE, SECTION 13/47 SHAH ALAM 40000 SELANGOR"
http://edirectory.matrade.gov.my/application/edirectory.nsf/profile?OpenForm&id=60267&sid=BE280F65B8F3A5898A1C4B3BBEF106DB,03 - 51922913,,KEJURUTERAAN ASAS JAYA SDN BHD,adminsa@kajsb.com.my,'2017-08-02,"30, JALAN BAGAN NIRA 26/8 HICOM INDUSTRIAL PARK SECTION 26, SHAH ALAM 40000 SELANGOR"
http://edirectory.matrade.gov.my/application/edirectory.nsf/profile?OpenForm&id=57425&sid=9B31FD80E7A9B48AF21E84B408899782,03 - 80251603,,REVONGEN CORPORATION SDN BHD,ellaw@revongen.com,'2017-08-02,"12A, JALAN TP 5 TAMAN PERINDUSTRIAN UEP SUBANG JAYA 47600 SELANGOR"
http://edirectory.matrade.gov.my/application/edirectory.nsf/profile?OpenForm&id=36468&sid=C6C70825CC9443281180EBC029ED9A15,03 - 79485262,,MILLION BOARD SDN BHD,millionboard@gmail.com,'2017-08-02,SUITE 1208 LEVEL 12 AMCORP TOWER AMCORP TRADE CENTRE 18 PERSIARAN BARAT PETALING JAYA 46050 SELANGOR
http://edirectory.matrade.gov.my/application/edirectory.nsf/profile?OpenForm&id=12478&sid=8A2229C4D777CAA16D370612A2E30BF4,603 - 79874011,,PREMIER OUTLOOK SDN BHD,gpakkias@tm.net.my,'2017-08-02,"15-2, JALAN 1/114 KUCHAI BUSINESS CENTRE JALAN KUCHAI LAMA 58200 KUALA LUMPUR"
http://edirectory.matrade.gov.my/application/edirectory.nsf/profile?OpenForm&id=57764&sid=A0994478AA2F9E2C30E1571EB958557A,04 - 6460926,,G SURGICAL ORTHO SDN BHD,enquiry@gsurgical.com,'2017-08-02,"188-D, JALAN SULTAN AZLAN SHAH SUNGAI TIRAM  11900 PULAU PINANG"
http://edirectory.matrade.gov.my/application/edirectory.nsf/profile?OpenForm&id=61669&sid=9C278E807DB52219578080E3CCE3A15C,03 - 80236304,,TEGUH PHARMA SDN BHD,info@teguhpharma.com.my,'2017-08-02,"38-2, JALAN USJ 1/1B REGALIA BUSINESS CENTRE SUBANG JAYA 47620 SELANGOR"
http://edirectory.matrade.gov.my/application/edirectory.nsf/profile?OpenForm&id=60292&sid=18FE4DE89BE7846715206FE832F02B8B,03 - 91717173,,CLEARPATH MARKETING SDN BHD,mazdurah@yahoo.com,'2017-08-02,"70-1, AMBER BUSINESS PLAZA 2 JALAN JELAWAT 1 CHERAS 56000 KUALA LUMPUR"
http://edirectory.matrade.gov.my/application/edirectory.nsf/profile?OpenForm&id=60878&sid=7772391FAF08418D9B40661F03245C5A,03 - 78809023,,BICC SOLUTIONS SDN BHD,raymond@biccsolutions.com,'2017-08-02,"13B-5, JALAN PJU 1/39 BLOCK D2 DATARAN PRIMA 47301 SELANGOR"
http://edirectory.matrade.gov.my/application/edirectory.nsf/profile?OpenForm&id=37372&sid=3CE40391ED5D027C75B9D069606AD9C9,03 - 62762323,,ARACHEM (M) SDN BHD,marketing@arachem.com.my,'2017-08-02,"11, PERSIARAN INDUSTRI TAMAN PERINDUSTRIAN SRI DAMANSARA BANDAR SRI DAMANSARA 52200 KUALA LUMPUR"
http://edirectory.matrade.gov.my/application/edirectory.nsf/profile?OpenForm&id=15764&sid=E7AD87D82B511E6873025E1E9FE1240D,03 - 62727625,,MEDIPLAS RESPIRATORY PRODUCTS SDN BHD,christina@mediplas.com.my,'2017-08-02,"7, JALAN KIP 3 TAMAN PERINDUSTRIAN KIP  52200 KUALA LUMPUR"
http://edirectory.matrade.gov.my/application/edirectory.nsf/profile?OpenForm&id=61593&sid=3EC282FDF4F4C39E8820E914430EAC17,012 - 3766986,,MAFA EXPERTS SDN BHD,yoges@mafa.com.my,'2017-08-02,"SUITE S-00-11, SUTRAMAS APT PERSIARAN PUCHONG JAYA SELATAN PUCHONG 47100 SELANGOR"
http://edirectory.matrade.gov.my/application/edirectory.nsf/profile?OpenForm&id=51135&sid=BB55E909F7B8B9BEAE779C731537C053,03 - 91314988,,MYORTHO REHAB SDN BHD,edmundlee@myortho.com.my,'2017-08-02,"13, JALAN MIDAH TIMOR TAMAN MIDAH, CHERAS  56000 KUALA LUMPUR"
http://edirectory.matrade.gov.my/application/edirectory.nsf/profile?OpenForm&id=70923&sid=AD634D92B13BD081698C2128BD9EC4C5,012 - 7021711,,XECAMED SDN BHD,xecamed@yahoo.com,'2017-08-02,"17, JALAN SETIA NUSANTARA U13/22U SETIA ECO PARK SHAH ALAM 40170 SELANGOR"
http://edirectory.matrade.gov.my/application/edirectory.nsf/profile?OpenForm&id=72681&sid=1D6F58801768B4A042B9FDD432AAEAAD,03 - 95450677,,IMT SCIENTIFIC RESOURCES SDN BHD,sales@imt-gasgen.com,'2017-08-02,"11 & 11A, JALAN PUJ 1/17 TAMAN PUNCAK JALIL BANDAR PUTRA PERMAI, SERI KEMBANGAN 43300 SELANGOR"
http://edirectory.matrade.gov.my/application/edirectory.nsf/profile?OpenForm&id=72843&sid=8DC70839292095A2D83FC1DFE81418A9,03 - 31013698,,CNZ BIOTECH SDN BHD,twmalaysia@yahoo.com,'2017-08-02,"66, JALAN SG.PINANG 4/7, KAWASAN PERINDUSTRION PULAU INDAH (FSSA 2) SELANGOR HALAL HUB PELABUHAN KLANG 42920 SELANGOR"
http://edirectory.matrade.gov.my/application/edirectory.nsf/profile?OpenForm&id=73024&sid=B4E5A1AB646BEF9B296394AAC996C556,06 - 6751323,,UG HEALTHCARE PODUCTS SDN BHD,csang@nwughealthcare.com,'2017-08-02,62 & 64 JALAN SJ 8/7 TAMAN SEREMBAN JAYA SEREMBAN 70450 NEGERI SEMBILAN
http://edirectory.matrade.gov.my/application/edirectory.nsf/profile?OpenForm&id=56728&sid=04F04C3437D214DA48EF47E228080D8B,04 - 5078086,,UWC INDUSTRIAL SDN BHD,hhng@uwcholdings.com,'2017-08-02,"797, JALAN PERINDUSTRIAN BUKIT MINYAK 7 MK 13,KAWASAN PERINDUSTRIAN BUKIT MINYAK BUKIT MERTAJAM,S.P.T.,PENANG 14000 PULAU PINANG"
http://edirectory.matrade.gov.my/application/edirectory.nsf/profile?OpenForm&id=42780&sid=27851BED0B1EC34407700E293011DA3A,603 - 42922722,,ETS BIO FREEZE SDN BHD,aseco@streamyx.com,'2017-08-02,"32, DATARAN MESTIKA, JALAN MAWAR 17 TAMAN MESTIKA, KUALA LUMPUR SELANGOR 56100 SELANGOR"
http://edirectory.matrade.gov.my/application/edirectory.nsf/profile?OpenForm&id=73093&sid=EEBEE1479817B7A4A3473F48355DC8CE,03 - 78423527,,PUREMEDITECH SDN BHD,mza@puremeditech.com,'2017-08-02,"29, JALAN ALFA B U6/B PUSAT PERDAGANGAN SUBANG PERMAI SECTION U6, SHAH ALAM 40150 SELANGOR"
http://edirectory.matrade.gov.my/application/edirectory.nsf/profile?OpenForm&id=58908&sid=38D1F778C7C63B68E9C0F7F90B0F9746,012 - 5199098,,BIOCYTECH CORPORATION SDN BHD,info@biocytech.com,'2017-08-02,7 LALUAN PERUSAHAAN KLEDANG 9 CHANDAN RAYA INDUSTRIAL ESTATE IPOH 31450 PERAK
http://edirectory.matrade.gov.my/application/edirectory.nsf/profile?OpenForm&id=73692&sid=21F0CEAD6515FD87E00EA28BA6D02EC4,04 - 4223688,,TWINTECH DELUXE INDUSTRY SDN BHD,melissa@twintech.asia,'2017-08-02,"BLOCK 294-2-06,SRI TANJUNG JALAN PERAK, 10150 PENANG MALAYSIA 10150 PULAU PINANG"
http://edirectory.matrade.gov.my/application/edirectory.nsf/profile?OpenForm&id=12726&sid=299088BE980323AE6BC80C67A6E1434C,03 - 56327128,,BIOLITEC (M) SDN BHD,chohoo.ng@biolitec.com,'2017-08-02,"18,  JALAN PJS 7/21 BANDAR SUNWAY PETALING JAYA 46150 SELANGOR"
http://edirectory.matrade.gov.my/application/edirectory.nsf/profile?OpenForm&id=73177&sid=2515CB4794EE0345A6E836391579B6DE,03 - 80651878,,MEDIGENE SDN BHD,info@mdgsb.com,'2017-08-02,"99, JALAN BP 6/3 BANDAR BUKIT PUCHONG PUCHONG 47120 SELANGOR"
http://edirectory.matrade.gov.my/application/edirectory.nsf/profile?OpenForm&id=2504&sid=F43D17B22DA3E496AABD520C2745DFEF,03 - 80233899,,CELLOTRON CORPORATION (M) SDN BHD,cellotron@gmail.com,'2017-08-02,"LOT 876 B & C, JALAN SUBANG 9 TAMAN PERINDUSTRIAN SUBANG SUBANG JAYA 47610 SELANGOR"
http://edirectory.matrade.gov.my/application/edirectory.nsf/profile?OpenForm&id=46650&sid=D792ADDB6480B086C47967C50CE77D20,03 - 41490570,,SMART LIVING SDN BHD,admin@smartliving2u.com,'2017-08-02,45-1 JALAN 2A/27A SECTION 1 WANGSA MAJU 53300 KUALA LUMPUR
http://edirectory.matrade.gov.my/application/edirectory.nsf/profile?OpenForm&id=9954&sid=CDD240141F17729DB1BEFB4A1F621D04,04 - 5886605,,NEWBILLION INDUSTRIES (M) SDN BHD,kennytan@newbillion.com,'2017-08-02,"LOT 4164, MK 14 PERMATANG TINGGI BKT MERTAJAM, P.W 14000 PULAU PINANG"
http://edirectory.matrade.gov.my/application/edirectory.nsf/profile?OpenForm&id=73279&sid=F169DFA7EBE1876AEF10AC80AC334993,09 - 7640617,,FIRSTCARE MEDICAL SDN BHD,info@firstcare.com.my,'2017-08-02,"PT 1553 PERSIARAN KK 6/1, BANDAR BARU KUBANG KERIAN, KOTA BHARU 16150 KELANTAN"
http://edirectory.matrade.gov.my/application/edirectory.nsf/profile?OpenForm&id=12434&sid=8B5FDE56C21775E9B97C13D08CA728F9,04 - 6595072,,CCB MEDICAL DEVICES SDN BHD,hr@ccb-medical.com,'2017-08-02,674 F & G JALAN SG DUA  11700 PULAU PINANG
http://edirectory.matrade.gov.my/application/edirectory.nsf/profile?OpenForm&id=12978&sid=1FCF3000295A275D54CCE5D58231E973,07 - 6863366,,URO TECHNOLOGY SDN BHD,urotech@urotechnology.com,'2017-08-02,"LOT 2491, 39 1/2 MILE PONTIAN BESAR PONTIAN 82000 JOHOR"
http://edirectory.matrade.gov.my/application/edirectory.nsf/profile?OpenForm&id=31092&sid=358AB6E6844CFA6385D357BD853F65AA,06 - 3531516,,GREEN PULP PAPER INDUSTRY SDN BHD,greenpulppaper@gmail.com,'2017-08-02,"7009 JALAN PBR 42, FASA 5, KAW PERINDUSTRIAN BUKIT RAMBAI BUKIT RAMBAI 75250 MELAKA"
http://edirectory.matrade.gov.my/application/edirectory.nsf/profile?OpenForm&id=65194&sid=A16F732DE7EC7AD061ECADC2E6EC5C45,04 - 2275076,,LEADCARE SDN BHD,leadcare.office@gmail.com,'2017-08-02,"51-16-B, 16TH FLOOR MENARA BHL JALAN SULTAN AHMAD SHAH 10050 PULAU PINANG"
http://edirectory.matrade.gov.my/application/edirectory.nsf/profile?OpenForm&id=74881&sid=F7D53C8EC4974F3B3B2AC65F972CE9D9,09 - 7750969,,ZARIR & ZAIDA RESOURCES (M) SDN BHD,zzr_02@hotmail.com,'2017-08-02,"LOT G2, PT 1137 TAMAN BENDAHARA JALAN PENGKALAN CHEPA KOTA BHARU 15400 KELANTAN"
http://edirectory.matrade.gov.my/application/edirectory.nsf/profile?OpenForm&id=6546&sid=557066E9C06C0F9762E1E709E1169A00,03 - 76255055,,SALURAN AKTIF SDN BHD,enquiries@esaluran.com,'2017-08-02,"SUITE 1.1, 1ST FLOOR, DELTEQ TECHNOPLEX LOT 2A, JALAN 51A/243 PETALING JAYA 46100 SELANGOR"
http://edirectory.matrade.gov.my/application/edirectory.nsf/profile?OpenForm&id=40720&sid=98C2455F66831D48ADDA029003F38A85,04 - 6445139,,ORTHOMEDIC MEDICAL DEVICES SDN BHD,stephy@orthomedic.com.my,'2017-08-02,"188-D JALAN SULTAN AZLAN SHAH SUNGAI TIRAM, BAYAN LEPAS 11900 PULAU PINANG"
http://edirectory.matrade.gov.my/application/edirectory.nsf/profile?OpenForm&id=60461&sid=ACBFC231859ACDE2B26CFC4AB212D66E,03 - 78045517,,SUARNA BAKTI MEDICAL ENTERPRISE,ehsanismail@suarnabakti.com,'2017-08-02,"GC19, BLOCK B, KELANA SQUARE JALAN SS7/26, KELANA JAYA PETALING JAYA 47301 SELANGOR"
http://edirectory.matrade.gov.my/application/edirectory.nsf/profile?OpenForm&id=53749&sid=FEDE3FC41B64C5B677313D2FFA225C7A,03 - 77241385,,VMED REHAB SUPPLIES AND CONSULTATION SERVICES,info@vmed.com.my,'2017-08-02,"12, JALAN SS 20/3 DAMANSARA KIM PETALING JAYA 47400 SELANGOR"
http://edirectory.matrade.gov.my/application/edirectory.nsf/profile?OpenForm&id=11773&sid=966DC07129DB2FE77EA0490E79E4C588,03 - 51225199,,HOSPITECH MANUFACTURING SERVICES SDN BHD,hosmart@tm.net.my,'2017-08-02,"SUB LOT 1, LOT 6536 6TH MILE, JALAN BKT KEMUNING SHAH ALAM 40460 SELANGOR"
http://edirectory.matrade.gov.my/application/edirectory.nsf/profile?OpenForm&id=70662&sid=A22709A2D3402223C013B29438DB4AAF,017 - 2646468,,FLEX MEDICAL SDN BHD,flexmedicalmal@gmail.com,'2017-08-02,10-1 JALAN UTAMA SURIA TROPIKA TAMAN SURIA TROPIKA SERI KEMBANGAN 43300 SELANGOR
http://edirectory.matrade.gov.my/application/edirectory.nsf/profile?OpenForm&id=70770&sid=EA21C92FE6CE2964D7A39F19B77CD6E8,03 - 60753632,,WELLMEX SDN BHD,wellmex@po.jaring.my,'2017-08-02,"PT11043,JALAN TENGAS 1A TAMAN PERINDUSTRIAN TENGAS HULU YAM BHARU 44300 SELANGOR"
http://edirectory.matrade.gov.my/application/edirectory.nsf/profile?OpenForm&id=60429&sid=8E3F5A621757EB54D340BF458F89D80B,03 - 78850850,,BIOVIC SDN BHD,suchit@biovic.com.my,'2017-08-02,12A JALAN PJU 3/40 SUNWAY DAMANSARA TECHNOLOGY PARK PETALING JAYA 47810 SELANGOR
http://edirectory.matrade.gov.my/application/edirectory.nsf/profile?OpenForm&id=71577&sid=5652277C9A47C0DFD5BC30A3B9B6CF71,06 - 6012468,,A1 HOLDING BERHAD,glovemarketing@titilatex.com,'2017-08-02,"LOT 3981 JALAN HARUAN 1, OAKLAND INDUSTRIAL PARK, SEREMBAN 70300 NEGERI SEMBILAN"
http://edirectory.matrade.gov.my/application/edirectory.nsf/profile?OpenForm&id=70983&sid=6AC522191DAFDFEB9BFE4C3DCB78CC2D,03 - 89640089,,SILICONPRO LAB SDN BHD,info@siliconprolab.com,'2017-08-02,"LOT 24642, JALAN KPB 3 KAWASAN PERINDUSTRIAN KG. BARU BALAKONG SRI KEMBANGAN 43300 SELANGOR"
http://edirectory.matrade.gov.my/application/edirectory.nsf/profile?OpenForm&id=78189&sid=B840D25F1002F213DAE35760988E15B1,016 - 3309339,,EPORT SDN BHD,Lfsoon@hotmail.com,'2017-08-02,"BERJAYA TIMES SQUARE 8-51 1, JALAN IMBI 55100 KUALA LUMPUR"
http://edirectory.matrade.gov.my/application/edirectory.nsf/profile?OpenForm&id=9291&sid=13DC414E61968ADC46D47B54B979BF69,03 - 62509657,,COMCORDE MEDICAL (M) SDN BHD,wankit@comcorde.com.my,'2017-08-02,"1, JALAN 11/32B TSI BUSINESS INDUSTRIAL PARK 6Â½ MILE, OFF JALAN KEPONG 52100 KUALA LUMPUR"
http://edirectory.matrade.gov.my/application/edirectory.nsf/profile?OpenForm&id=76016&sid=031ED79EF12C2D0415183DC7E5245752,03 - 79829881,,GTF RETAIL SDN BHD,info@gtf.com.my,'2017-08-02,"20 PLAZA DANAU 2, JALAN 5/109F TAMAN DANAU DESA 58100 KUALA LUMPUR"
http://edirectory.matrade.gov.my/application/edirectory.nsf/profile?OpenForm&id=11599&sid=A32336847709C792835E69C2B4AB40EF,603 - 79581077,,HOE PHARMACEUTICALS SDN BHD,hoehr@hoepharma.com.my,'2017-08-02,"B-3A-07, DATARAN 32 NO.2, JALAN 19/1, PETALING JAYA 46300 SELANGOR"
http://edirectory.matrade.gov.my/application/edirectory.nsf/profile?OpenForm&id=69723&sid=485E3E86E2A87941E15E217CD0B0A985,03 - 89912813,,GENENEWS DIAGNOSTICS SDN BHD,inquiry@genenewsdiagnostics.com,'2017-08-02,"OFFICE 9, BIOTECHNOLOGY INCUBATION CENTER TECHNOLOGY PARK MALAYSIA BUKIT JALIL 57000 KUALA LUMPUR"
http://edirectory.matrade.gov.my/application/edirectory.nsf/profile?OpenForm&id=76917&sid=302C060B3D2DCD007AE031924403B4A5,03 - 80682516,,YTS MANUFACTURING (M) SDN BHD,info@ytsmanufacturing.com.my,'2017-08-02,21 JALAN PUTERI 5/16 BANDAR PUTERI PUCHONG 47100 SELANGOR
http://edirectory.matrade.gov.my/application/edirectory.nsf/profile?OpenForm&id=46750&sid=9596005B87141CC24768750903F52AFA,04 - 2610875,,MED8 SDN BHD,info@med8.eu,'2017-08-02,"SUITE 9.08. 9TH FLOOR, MWE PLAZA 8, LEBUH FARQUHAR  10200 PULAU PINANG"
http://edirectory.matrade.gov.my/application/edirectory.nsf/profile?OpenForm&id=79425&sid=A01BC810E4B0A4872620A468C04DFDC8,012 - 9659163,,MEDIKA SUPPLIES SDN BHD,medika@medikasupplies.com,'2017-08-02,"29, JALAN SERENDAH 26/40, SECTION 26 KAW PERINDUSTRIAN HICOM SHAH ALAM 40400 SELANGOR"
http://edirectory.matrade.gov.my/application/edirectory.nsf/profile?OpenForm&id=79880&sid=A3E3CB2C66C86EE8C33EB6C8BC8F999C,03 - 80245118,,RVR DIAGNOSTICS SDN BHD,info@rvrdiagnostics.com,'2017-08-02,"2-1, 2ND FLOOR, N-TATT BUILDING JALAN TP5, TAMAN PERINDUSTRIAN UEP SUBANG JAYA 47600 SELANGOR"
http://edirectory.matrade.gov.my/application/edirectory.nsf/profile?OpenForm&id=12100&sid=FB5D79CA16EF28D4C0D17ABE929E744D,03 - 80266488,,BEMIS ASIA PACIFIC SDN BHD,mlfwong@bemis.com,'2017-08-02,"8, JALAN TP 5 TAMAN PERINDUSTRIAN UEP SUBANG JAYA 47600 SELANGOR"
http://edirectory.matrade.gov.my/application/edirectory.nsf/profile?OpenForm&id=80878&sid=F4D7615C7A96EFCD99B7E2E2D9586FAF,03 - 89221636,,DNA RESEARCH CENTRE (M) SDN BHD,cindy@drc.my,'2017-08-02,"B1-1 BLOCK PLASMA, UKM-MTDC TECHNOLOGY CENTRE UNIVERSITI KEBANGSAAN MALAYSIA BANGI, SELANGOR 43650 SELANGOR"
http://edirectory.matrade.gov.my/application/edirectory.nsf/profile?OpenForm&id=78725&sid=FB5E49027A5699252775F6FEEBC1C493,07 - 5099560,,KELPAC MEDICAL SDN BHD,tyip@kelpacmedical.com,'2017-08-02,"1 & 3, JALAN LAMAN SETIA 7/3 SETIA BUSINESS PARK GELANG PATAH 81550 JOHOR"
http://edirectory.matrade.gov.my/application/edirectory.nsf/profile?OpenForm&id=14943&sid=8AF5E663E07390B8F499312CDE4ADBC3,03 - 51249622,,GRANULAB (M) SDN BHD,ajwad@granulab.com,'2017-08-02,"LOT 14,JALAN ANGGERIK MOKARA 31/47 KOTA KEMUNING SHAH ALAM 40460 SELANGOR"
http://edirectory.matrade.gov.my/application/edirectory.nsf/profile?OpenForm&id=64066&sid=287B9466974272383F1C557AFF939546,03 - 91011089,,MOSTDI INNOVATIONS SDN BHD,mostdi.net@gmail.com,'2017-08-02,"5, JALAN DAMAI PUSPA 1 ALAM DAMAI CHERAS 56000 KUALA LUMPUR"
http://edirectory.matrade.gov.my/application/edirectory.nsf/profile?OpenForm&id=76576&sid=762A48048361233CF6ABE15E743D90F9,012 - 4666885,,GENE XPRESS PLT,info@gene-xpress.com.my,'2017-08-02,"3, JLN. SG. KLANG 32/18 BERJAYA PARK, SECTION 32 SHAH ALAM 40460 SELANGOR"
http://edirectory.matrade.gov.my/application/edirectory.nsf/profile?OpenForm&id=74892&sid=297FF3BB89DEEBB89D370C9AAF2E8A77,082 - 242798,,QIAN YI SDN BHD,anna@biosilk.com.my,'2017-08-02,"P7-G-1A CHONGLIN PARK, JALAN TABUAN KUCHING 93200 SARAWAK"
http://edirectory.matrade.gov.my/application/edirectory.nsf/profile?OpenForm&id=9895&sid=7F5D73ABDF3BAA8B460685A121550743,03 - 56363829,,AB WORLDWIDE SDN BHD,info@abworld.com.my,'2017-08-02,"169A, JALAN SS 19/6 SUBANG JAYA PETALING JAYA 47500 SELANGOR"
http://edirectory.matrade.gov.my/application/edirectory.nsf/profile?OpenForm&id=83473&sid=A6C36F970457210DE918A25B0D184AD3,082 - 454655,,HEALTH PURSUIT SDN BHD,sliew.sarawak@gmail.com,'2017-08-02,"1ST FLOOR C-3B (SUBLOT 20), LOT 19318 2ND PRECINCT @ JALAN SETIA RAJA 93450 SARAWAK"
http://edirectory.matrade.gov.my/application/edirectory.nsf/profile?OpenForm&id=76108&sid=64522C73D373BC0768B7700062E65512,03 - 78775058,,CARL ZEISS SDN BHD,qiaohui.liew@zeiss.com,'2017-08-02,"SUITES P5.16 & P5.17 BUILDING INFORMATION CENTRE LOT2, JALAN 243/51A PETALING JAYA 46100 SELANGOR"
http://edirectory.matrade.gov.my/application/edirectory.nsf/profile?OpenForm&id=35528&sid=DD882BBEBFAB13EABE339B2CABD19151,03 - 89263755,,ONE-POINT HEALTHLAB SDN BHD,rahmahabrahman@ophl.com,'2017-08-02,42-2-2A & 42-2-2B JALAN MEDAN PUSAT BANDAR 2B SECTION 9 BANDAR BARU BANGI 43650 SELANGOR
http://edirectory.matrade.gov.my/application/edirectory.nsf/profile?OpenForm&id=84908&sid=BA05AF3A85D628F3EB4DA0CECB129EA3,03 - 51226666,,ISD MEDITECH SDN BHD,info@telepapers.com,'2017-08-02,"LOT 1 JALAN SEJAHTERA 25/124 AXIS PREMIER INDUSTRIAL PARK, SECTION 25 40400 SELANGOR"
http://edirectory.matrade.gov.my/application/edirectory.nsf/profile?OpenForm&id=85074&sid=001498456E5D44B7F77358C19C23C87C,05 - 2821633,,NT BIMETALLIC TECHNOLOGY SDN BHD,sales@ntbimetallic.com,'2017-08-02,"22, JALAN MENGLEMBU IMPIANA 32 I PARK MENGLEMBU MENGLEMBU PERAK. 31450 PERAK"
http://edirectory.matrade.gov.my/application/edirectory.nsf/profile?OpenForm&id=77515&sid=B8E0F6263430F471CA45EDD32DCA4253,03 - 33410360,,CLEANERA (MALAYSIA) SDN BHD,cem_mkt1@cleanera.com.my,'2017-08-02,"56-4, SETIA AVENUE, JALAN SETIA PRIMA S U13/S SETIA ALAM SECTION U13 SHAH ALAM 40170 SELANGOR"
http://edirectory.matrade.gov.my/application/edirectory.nsf/profile?OpenForm&id=43954&sid=01B7B7460E30DD64C5DB71F337EB9A6D,03 - 51618678,,MEDICAL DEVICES CORPORATION SDN BHD,info@medical-devices-corp.com,'2017-08-02,"32, LORONG SERI GAMBUT 2 KJ TECHNOLOGY PARK OFF JALAN KEBUN, KLANG 42450 SELANGOR"
http://edirectory.matrade.gov.my/application/edirectory.nsf/profile?OpenForm&id=38452&sid=2A4DB1DE374DE0B95B4CAD446CE7319C,06 - 8503206,,VIRGIN PHARMACEUTICALS INDUSTRIES (M) SDN BHD,kokleong_mpt@yahoo.com,'2017-08-02,"P.O. BOX NO. 6, NILAI PT 12904/O, JALAN BBN 1/7F, PUTRA INDAH PUTRA NILAI, NILAI 71800 NEGERI SEMBILAN"
http://edirectory.matrade.gov.my/application/edirectory.nsf/profile?OpenForm&id=6692&sid=678E7CCA1DE6859578185ACDFE41F115,04 - 6447055,,M-POL PRECISION PRODUCTS SDN BHD,zailah.zainal@mpol.com.my,'2017-08-02,"PLOT 11 & 12, NON FREE TRADE ZONE BAYAN LEPAS  11900 PULAU PINANG"
http://edirectory.matrade.gov.my/application/edirectory.nsf/profile?OpenForm&id=87137&sid=4DE19D0C5119274301375F63A2FD1EA4,03 - 32903442,,GA2 MEDICAL SDN BHD,jahathis@ga2medical.com,'2017-08-02,"17, JALAN 5 KLANG INDUSTRIAL PARK BATU 5, JALAN KAPAR 41400 SELANGOR"
http://edirectory.matrade.gov.my/application/edirectory.nsf/profile?OpenForm&id=85742&sid=8984F00F406854293967EEB5700DDB6A,03 - 20929485,,ASIAPLAN SDN BHD,info@asiaplan.com.my,'2017-08-02,"LEVEL 16, 1 SENTRAL JALAN STESEN SENTRAL 5 KL SENTRAL 50470 KUALA LUMPUR"
http://edirectory.matrade.gov.my/application/edirectory.nsf/profile?OpenForm&id=62192&sid=1A1500684BF3520A542E7480AE216FE5,04 - 5013158,,LIFECARE MEDICAL DEVICES SDN BHD,weikheng@lifecaremedical.com.my,'2017-08-02,"PLOT 179, MK13, JALAN PERINDUSTRIAN BKT MINYAK KAW PERINDUSTRIAN BUKIT MINYAK S.P.T. 14000 PULAU PINANG"
http://edirectory.matrade.gov.my/application/edirectory.nsf/profile?OpenForm&id=35975&sid=4F5A171786381B767643056D75C557CE,04 - 5880887,,YENHER AGRO-PRODUCTS SDN BHD,yenher@streamyx.com,'2017-08-02,"1628, JALAN IKS SIMPANG AMPAT 1 TAMAN IKS SIMPANG AMPAT SIMPANG AMPAT, S.P.S. 14100 PULAU PINANG"
http://edirectory.matrade.gov.my/application/edirectory.nsf/profile?OpenForm&id=6321&sid=0F615379127AF3142839FF38EE59F865,03 - 55110824,,ARICORP SDN BHD,aricorp_58@hotmail.com,'2017-08-02,"SUITE 2, JALAN BUNGA KEMUNTING 2/10 SECTION 2 SHAH ALAM 40000 SELANGOR"
http://edirectory.matrade.gov.my/application/edirectory.nsf/profile?OpenForm&id=13230&sid=09731CA245E8517B63254657A581082A,04 - 4411822,,SUPERCOMNET TECHNOLOGIES BERHAD,sales@supercomnet.com,'2017-08-02,"LOT 172, JALAN PKNK 3/8 KAW PERUSAHAAN SUNGAI PETANI SUNGAI PETANI 08000 KEDAH"
http://edirectory.matrade.gov.my/application/edirectory.nsf/profile?OpenForm&id=67190&sid=63A9A9F9CEC1945337E5136A25BBC90B,04 - 4163888,,EUROLATEX SDN BHD,manoeurolatex@gmail.com,'2017-08-02,PLOT 33 KUALA KETIL INDUSTRIAL ESTATE KUALA KETIL 09300 KEDAH
http://edirectory.matrade.gov.my/application/edirectory.nsf/profile?OpenForm&id=88040&sid=A8FEE86E1DA26CA790B1A39195CE41F7,03 - 89585514,,ECOLINERS HEALTHCARE SDN BHD,ecolinershealthcare@gmail.com,'2017-08-02,16-1 JALAN UTAMA SURIA TROPIKA 1 TAMAN SURIA TROPIKA SERI KEMBANGAN 43300 SELANGOR
http://edirectory.matrade.gov.my/application/edirectory.nsf/profile?OpenForm&id=12207&sid=592DA0CB33BDEF1E4210E086250820F3,04 - 4848532,,SECURE SCIENTIFIC SDN BHD,secure.group@hotmail.com,'2017-08-02,"LOT 120 & 122, PLOT 1 KAW INDUSTRI TAMAN SERI MESRA LUNAS 09600 KEDAH"
http://edirectory.matrade.gov.my/application/edirectory.nsf/profile?OpenForm&id=88027&sid=52FEDB71E720390C1B1010ECFF7A49D7,03 - 79604710,,DPRO VISION SDN BHD,pau@dprovision.com,'2017-08-02,"B-08-03 DATARAN 32, 2 JALAN 19/1, PETALING JAYA 46300 SELANGOR"
http://edirectory.matrade.gov.my/application/edirectory.nsf/profile?OpenForm&id=93921&sid=9436D0F8462984B50E4C64E021A117C2,03 - 91017568,,TRUE BIOSCIENCE (M) SDN BHD,enquiry@truebioscience.com,'2017-08-02,NO 24-1 JALAN MENARA GADING 1 MEDAN CONNAUGHT CHERAS 56000 KUALA LUMPUR
http://edirectory.matrade.gov.my/application/edirectory.nsf/profile?OpenForm&id=13237&sid=015B36CEF3D5CF60109C35084ED01B0C,05 - 2921736,,SANCTUARY HEALTH SDN BHD,kohyj@sanctuaryhealth.com.my,'2017-08-02,"6B, 2ND FLOOR PERSIARAN GREENTOWN 4, GREENTOWN AVENUE IPOH 30250 PERAK"
http://edirectory.matrade.gov.my/application/edirectory.nsf/profile?OpenForm&id=94049&sid=CC09C6A9612B13E00C616E310543ABA3,04 - 3234858,,WATERBAY SDN. BHD.,sabri@waterbay.com.my,'2017-08-02,"NO.3, LINTANG SELAT, TAMAN SELAT   12000 PULAU PINANG"
http://edirectory.matrade.gov.my/application/edirectory.nsf/profile?OpenForm&id=84975&sid=7968640DC73DBD6A10B6E7698BBFACFB,03 - 80687311,,TS DIAGNOSTICS SDN BHD,jess@forsure-test.com,'2017-08-02,7 & 9 JALAN TPP 5/11 TAMAN PERINDUSTRIAN PUCHONG 47160 SELANGOR
http://edirectory.matrade.gov.my/application/edirectory.nsf/profile?OpenForm&id=77779&sid=28EDA0D18EA9F14536F6315C52B21D96,03 - 62032334,,FARMASIA SDN BHD,enquiries@farmasia.com.my,'2017-08-02,F-2-2 PLAZA DAMAS JALAN SRI HARTAMAS 50480 KUALA LUMPUR
http://edirectory.matrade.gov.my/application/edirectory.nsf/profile?OpenForm&id=95520&sid=4F4CC0321038ABD0476A851885F82E1F,04 - 5017677,,UWC HEALTHCARE SDN BHD,shloo@uwchealthcare.com,'2017-08-02,797 JALAN PERINDUSTRIAN BUKIT MINYAK 7 MK7 KAWASAN PERINDUSTRIAN BUKIT MINYAK BUKIT MERTAJAM 14000 PULAU PINANG
http://edirectory.matrade.gov.my/application/edirectory.nsf/profile?OpenForm&id=11713&sid=6D90FE84A47E801370412BC030DD261D,03 - 60388808,,FORESIGHT INDUSTRIES SDN BHD,enquiry@foresight.com.my,'2017-08-02,"NO 6&8, JALAN TIAJ 2/6, TAMAN INDUSTRI ALAM JAYA BANDAR PUNCAK ALAM  42300 SELANGOR"
http://edirectory.matrade.gov.my/application/edirectory.nsf/profile?OpenForm&id=87032&sid=403193C4B1A25B0B06F56C15585BE720,03 - 92838988,,POWERISTA TECHNOLOGIES SDN BHD,rachel@clearsmile.asia,'2017-08-02,17-1 LORONG 6A/91 TAMAN SHAMELIN PERKASA 56100 KUALA LUMPUR
http://edirectory.matrade.gov.my/application/edirectory.nsf/profile?OpenForm&id=94979&sid=85CF817EEC89BBAC123703784D2033DC,084 - 341733,,TWIN CATALYST SDN BHD,admin@wondaleaf.com,'2017-08-02,37 JALAN PEDADA SIBU  96000 SARAWAK
http://edirectory.matrade.gov.my/application/edirectory.nsf/profile?OpenForm&id=83873&sid=00842ACAEBC4C8A1EA669F2E24D0FC7C,082 - 383101,,ONE O ONE VISION CREATIONS SDN BHD,oneooneaccount@gmail.com,'2017-08-02,"2ND FLOOR, SUBLOT 11 SURVEY LOT NO. 1529, BLOCK 17, JALAN LAPANGAN TERBANG KUCHING 93250 SARAWAK"
http://edirectory.matrade.gov.my/application/edirectory.nsf/profile?OpenForm&id=11468&sid=677B32DCD949791EB2BE5858050FCC00,04 - 6401580,,RC PRECISION ENGINEERING SDN BHD,ravichandran@rcprecision.com.my,'2017-08-02,"155A, BLOCK C,BAYAN LEPAS FREE INDUSTRIAL ZONE PHASE 1, BAYAN LEPAS PENANG 11900 PULAU PINANG"
http://edirectory.matrade.gov.my/application/edirectory.nsf/profile?OpenForm&id=78669&sid=304B277ED8C54D8464AE77EC00D80EFC,03 - 51136232,,MEDI LIFESPORTS (M) SDN BHD,info@lifesports.com.my,'2017-08-02,"6B 2ND FLOOR BLOCK 1 WORLDWIDE BUSINESS PARK JALAN TINJU 13/50, SECTION 13 40675 SELANGOR"
http://edirectory.matrade.gov.my/application/edirectory.nsf/profile?OpenForm&id=13294&sid=C88A174A7CFC5F711C6507F8EFB7A21D,03 - 62722368,,JF BEAUTY GROUP SDN BHD,julianachong123@gmail.com,'2017-08-02,"LOT NO. 2C/5(B), ANZEN BUSINESS PARK NO. 3-9, JALAN 4/37A KAWASAN INDUSTRI TAMAN BUKIT MALURI 52100 KUALA LUMPUR"
http://edirectory.matrade.gov.my/application/edirectory.nsf/profile?OpenForm&id=84161&sid=CB3E4972A74E2708CFF9F2FE6EFD33F6,03 - 26323952,,ISCO INSTANT SOLUTION SDN BHD,info@iscotwin.com,'2017-08-02,D7-5-22 BANGUNAN PERDAGANGAN D7 800 JALAN SENTUL 51100 KUALA LUMPUR
http://edirectory.matrade.gov.my/application/edirectory.nsf/profile?OpenForm&id=8248&sid=8878FA336F235E4688CE5F6D449FAF72,03 - 79578368,,MEDICAL APPARATUS SUPPLIES SDN BHD,massbmarketing@gmail.com,'2017-08-02,"909, BLK A, PUSAT DAGANGAN PHILEO DAMANSARA 11 15, JALAN 16/11, OFF JALAN DAMANSARA PETALING JAYA 46350 SELANGOR"
http://edirectory.matrade.gov.my/application/edirectory.nsf/profile?OpenForm&id=73709&sid=53ACECBC3E61A2C78AB7F27CB4369DD4,013 - 2129447,,MEDICAL INNOVATION VENTURES SDN BHD,azim@mediven.com.co,'2017-08-02,"LEVEL 4, BIOPHARMACEUTICAL BLOCK MALAYSIAN INSTITUTE OF PHARMACEUTICALS AND NUTRACEUTICALS  BLOCK 5-A, HALAMAN BUKIT GAMBIR, GELUGOR 11700 PULAU PINANG"
http://edirectory.matrade.gov.my/application/edirectory.nsf/profile?OpenForm&id=75709&sid=F8FC66483DA17B67671FD41A0207A3BC,06 - 2312418,,EASTERN MARTS SDN BHD,easternmarts_lee@yahoo.com,'2017-08-02,"98-1, JALAN TU 40 TAMAN TASIK UTAMA AYER KEROH 75450 MELAKA"
http://edirectory.matrade.gov.my/application/edirectory.nsf/profile?OpenForm&id=98723&sid=310F1993FC87172E627B407D7F22BB4B,03 - 56301787,,NEOPHARMA TECHNOLOGIES SDN BHD,zaitonmk@neopharmatechnologies.com,'2017-08-02,NO 3 JALAN SS 18/6 SUBANG JAYA PETALING JAYA 47500 SELANGOR
http://edirectory.matrade.gov.my/application/edirectory.nsf/profile?OpenForm&id=76257&sid=81D9E2861CA478E7A936A85E363FE849,03 - 41424151,,FORTE PHARMA SDN BHD,simon@fortepharma.asia,'2017-08-02,40-2 JALAN RAMPAI NIAGA 4 MEDAN NIAGA RAMPAI 53300 SELANGOR
http://edirectory.matrade.gov.my/application/edirectory.nsf/profile?OpenForm&id=53215&sid=8EAC534D88A896F52E8C91F645CDB5DB,03 - 78428101,,MEDICO SDN BHD,medico_01@yahoo.com,'2017-08-02,"E-G-35, BLOK E JALAN PJU 1A/3A TAIPAN 2, ARA DAMANSARA 47301 SELANGOR"
http://edirectory.matrade.gov.my/application/edirectory.nsf/profile?OpenForm&id=77772&sid=273990CD91CA219E4A628FCD1EA0109B,03 - 89451450,,FAJAR SAINTIFIK SDN BHD,siva@fajar.com.my,'2017-08-02,"B-0213, BLOCK B SERDANG PERDANA SELATAN, SECTION 1 SERI KEMBANGAN 43300 SELANGOR"
http://edirectory.matrade.gov.my/application/edirectory.nsf/profile?OpenForm&id=11981&sid=9AE9BBD3AB3D7184E6B587BF83B2FB80,03 - 55679336,,WELFORD MANUFACTURING (M) SDN. BHD.,sales@welfordmedical.com,'2017-08-02,NO. 3 JALAN KARTUNIS U1/47 TEMASYA INDUSTRIAL PARK SHAH ALAM 40150 SELANGOR
http://edirectory.matrade.gov.my/application/edirectory.nsf/profile?OpenForm&id=99168&sid=5BE46FD1E84D169CDBABD72B91D92DAD,03 - 77282800,,MERIWELL SDN BHD,meriwellmarketing@gmail.com,'2017-08-02,11A-2 JALAN PJU 8/5I DAMANSARA PERDANA PETALING JAYA 47820 SELANGOR
http://edirectory.matrade.gov.my/application/edirectory.nsf/profile?OpenForm&id=99343&sid=A7F49EC2278333FC3186996FBD6D1754,03 - 89645618,,MASTERSTEEL MEDICAL SDN BHD,roythum@mastersteel.com.my,'2017-08-02,LOT 24645 JALAN KPB 5 KAWASAN PERINDUSTRIAN KAMPUNG BARU BALAKONG 43300 SELANGOR
http://edirectory.matrade.gov.my/application/edirectory.nsf/profile?OpenForm&id=15831&sid=1F8B1A30E1185330FFC6C29C97C13FED,03 - 87332880,,WTK TECHNOLOGIES (M) SDN BHD,info@wtktechnologies.com.my,'2017-08-02,"6, JALAN BA/13 KAW PERUSAHAAN BKT ANGKAT KAJANG 43000 SELANGOR"
http://edirectory.matrade.gov.my/application/edirectory.nsf/profile?OpenForm&id=100054&sid=C4901E5EC23E6B470094A2B78A300447,03 - 79691002,,HI TECH CRYOTHERM (M) SDN BHD,om@cooltherm.co,'2017-08-02,SUITE 3.05 3RD FLOOR DATARAN HAMODAL BLOCK A LOT 4 JALAN BERSATU 13/4 SECTION 13 PETALING JAYA 46200 SELANGOR
http://edirectory.matrade.gov.my/application/edirectory.nsf/profile?OpenForm&id=90303&sid=4BC9F1C71C016CD2E425653AE89987B5,03 - 41498453,,JAYONIK MSC SDN BHD,ainulazlan@jayonik.com.my,'2017-08-02,NO 7-1 JALAN WANGSA DELIMA 5 PUSAT BANDAR BARU WANGSA MAJU  53300 KUALA LUMPUR
http://edirectory.matrade.gov.my/application/edirectory.nsf/profile?OpenForm&id=5967&sid=184BDC6AD06E042AF92748AF44BF5A2C,04 - 5054241,,VIGILENZ MEDICAL DEVICES SDN BHD,s.choudhury@vigilenzmd.com,'2017-08-02,308 B JALAN PERINDUSTRIAN BUKIT MINYAK 18 PENANG SCIENCE PARK 14100 PULAU PINANG
http://edirectory.matrade.gov.my/application/edirectory.nsf/profile?OpenForm&id=87247&sid=42D2DEB4E45B0C1A6FE1348F422E229C,03 - 40217630,,WINHILL MEDICAL SUPPLY,winhillmedi@hotmail.com,'2017-08-02,29-4-2 BLOCK E DIAMOND SQ COMM CENTRE JLN 3/50 OFF JLN GOMBAK 53000 KUALA LUMPUR
http://edirectory.matrade.gov.my/application/edirectory.nsf/profile?OpenForm&id=5454&sid=39CE7A6D507DDBAB1D8B05106C03CB57,03 - 27805888,,MALAYSIAN RUBBER EXPORT PROMOTION COUNCIL (MREPC),mpd@mrepc.com,'2017-08-02,"UNIT NO 36-02, LEVEL 36, Q SENTRAL 2A JALAN STESEN SENTRAL 2, KL SENTRAL 50470 KUALA LUMPUR"
http://edirectory.matrade.gov.my/application/edirectory.nsf/profile?OpenForm&id=73691&sid=FBCA57DF8698DAFF0B65E00CA4B83A9C,04 - 4223688,,DIPTECH INDUSTRIES SDN BHD,gboon@diptech.com.my,'2017-08-02,11 JALAN ANGSANA 1/3 TAMAN PERINDUSTRIAN ANGSANA SUNGAI PETANI 08000 KEDAH
http://edirectory.matrade.gov.my/application/edirectory.nsf/profile?OpenForm&id=57427&sid=5E8898499CBB1A082CA72CD3492F4662,03 - 31815868,,MYMEDIC INNOVATION SDN BHD,enquiry@mymedic.com.my,'2017-08-02,"23, JALAN EMAS 14 BANDAR SUNGAI EMAS BANTING 42700 SELANGOR"
http://edirectory.matrade.gov.my/application/edirectory.nsf/profile?OpenForm&id=98384&sid=0B92928C940E435295A58601B0009727,01 - 82726166,,TERRATRONICS SDN BHD,kmwong@terratronics.com.my,'2017-08-02,"D-3-8 EMPIRE CITY, OFF JALAN PJU8/8 DAMANSARA PERDANA  47820 SELANGOR"
http://edirectory.matrade.gov.my/application/edirectory.nsf/profile?OpenForm&id=90453&sid=A99BC32D265A13B4B0FF1E5780BB23E7,05 - 3713282,,INSANI HEALTHCARE SERVICES,insanihealthcare@gmail.com,'2017-08-02,473 PERSIARAN SIBC 15 32610 BANDAR SERI ISKANDAR PERAK 32610 PERAK
http://edirectory.matrade.gov.my/application/edirectory.nsf/profile?OpenForm&id=13052&sid=A59560B4B7B369DA39AF789470695FE6,07 - 4328719,,JELARAN TEKNO SDN BHD,charliechin@jelaran.com,'2017-08-02,"17A, JALAN SULEIMAN BATU PAHAT  83000 JOHOR"
http://edirectory.matrade.gov.my/application/edirectory.nsf/profile?OpenForm&id=8172&sid=935ED3354F93D087D8E9D983FF3476BF,06 - 9510988,,TAKASO RUBBER PRODUCTS SDN BHD,takaso@takaso.com,'2017-08-02,K55 KAW PERINDUSTRIAN TANJUNG AGAS LEDANG 84000 JOHOR
http://edirectory.matrade.gov.my/application/edirectory.nsf/profile?OpenForm&id=60191&sid=9131F73E133B046267DF473F49E5C83C,03 - 51212673,,LESOSHOPPE SDN BHD,leso.mgm1@gmail.com,'2017-08-02,"12A JALAN GITAR 33/3 ELITE INDUSTRIAL ESTATE SEKSYEN 33, SHAH ALAM 40300 SELANGOR"
http://edirectory.matrade.gov.my/application/edirectory.nsf/profile?OpenForm&id=41434&sid=699560EAF415D274CC94B0C6E5E706B0,03 - 87271877,,TCS QUALITY & PRODUCTIVITY SDN BHD,admin@tcsqp.com.my,'2017-08-02,"NO. 4, JALAN SRI HANECO 1 / 10,KAWASAN PERINDUSTRIAN SRI HANECO, SEMENYIH  43500 SELANGOR"
http://edirectory.matrade.gov.my/application/edirectory.nsf/profile?OpenForm&id=8382&sid=66E59EDB5B3CAA1C1D7C13B869CAFB3D,03 - 22874790,,SOMA MEDICAL SDN BHD,info@somamedical.net,'2017-08-02,NO. 102 LORONG MAAROF 3 BANGSAR  59000 KUALA LUMPUR
http://edirectory.matrade.gov.my/application/edirectory.nsf/profile?OpenForm&id=11561&sid=E5012BBFF610ADDAB73CF7C8B79571E8,03 - 80613753,,SOON SOON MFG & TRADING SDN BHD,info@soonsoon.com.my,'2017-08-02,"36, JALAN TPP 1/10 TAMAN INDUSTRI  PUCHONG 12TH MILE, JALAN PUCHONG 47160 SELANGOR"
http://edirectory.matrade.gov.my/application/edirectory.nsf/profile?OpenForm&id=8432&sid=ABE0510A2ECC6B45F47508640568D428,03 - 80251603,,SPEEDY ASSAY SDN BHD,sim@speedyassay.com,'2017-08-02,"12A, JALAN TP5 TAMAN PERINDUSTRIAN UEP SUBANG JAYA 47600 SELANGOR"
http://edirectory.matrade.gov.my/application/edirectory.nsf/profile?OpenForm&id=85042&sid=70C5AEB26D02B7A9A217148EE0A1F61D,03 - 51226666,,SPNL PRINT SDN BHD,info@telepapers.com,'2017-08-02,LOT 2C JALAN KELULI 15/16 SECTION 15 40200 SELANGOR
http://edirectory.matrade.gov.my/application/edirectory.nsf/profile?OpenForm&id=96031&sid=099C5EE6CE1B6D9201E753710D59ACC1,06 - 6030334,,SOUTHERN CRESCENT SDN. BHD.,info@southerncrescent.com.my,'2017-08-02,350 JALAN S2 B8 UPTOWN AVENUE BUSINESS PARK  70300 NEGERI SEMBILAN
http://edirectory.matrade.gov.my/application/edirectory.nsf/profile?OpenForm&id=61621&sid=65E72F8C603DAC3FD9A078D9DC12A0AE,03 - 23805168,,AXG INDUSTRIES SDN BHD,info@axg.com.my,'2017-08-02,"NO. 47, JALAN SETIA IMPIAN U13/5G SEKSYEN U13 SETIA ALAM SHAH ALAM 40170 SELANGOR"
http://edirectory.matrade.gov.my/application/edirectory.nsf/profile?OpenForm&id=83821&sid=209657ADCA0E10EA1A4298A835E554E3,03 - 80822258,,MS MEDICAL SDN BHD,info.msmedicals@gmail.com,'2017-08-02,"5F-20, IOI BUSINESS PARK NO.1, PERSIARAN PUCHONG JAYA SELATAN BANDAR PUCHONG JAYA 47100 SELANGOR"
http://edirectory.matrade.gov.my/application/edirectory.nsf/profile?OpenForm&id=57950&sid=C2FAAA27099388CB1FDDC4C27A8AD8E2,04 - 3901168,,ALLEN HEALTHCARE PRODUCTS (M) SDN BHD,allenhealth@hotmail.com,'2017-08-02,"17, LORONG NAGASARI 2 TAMAN NAGASARI PRAI 13600 PULAU PINANG"
http://edirectory.matrade.gov.my/application/edirectory.nsf/profile?OpenForm&id=97339&sid=7DEFD6A306D7EA6A3E8A73F59A984B6A,03 - 91339297,,TEMAJU DYNAMIC,temaju9@gmail.com,'2017-08-02,NO 38-5-2 5TH FLOOR BLOCK E CHERAS BUSINESS CENTRE JALAN 1/101C TAMAN CHERAS 56100 KUALA LUMPUR
http://edirectory.matrade.gov.my/application/edirectory.nsf/profile?OpenForm&id=97422&sid=BAE11D7009C66F6B202257F632257024,03 - 78428800,,JKS BIOMEDICAL SDN BHD,sookpeng@jksbiomedical.com,'2017-08-02,29 JALAN PJU 1A/15 (TPJ8) TAMAN PERIDUSTRIAN JAYA PETALING JAYA 47200 SELANGOR
http://edirectory.matrade.gov.my/application/edirectory.nsf/profile?OpenForm&id=97813&sid=44363D5367D3F448D349B221C5D6E95C,03 - 32912625,,WORLDWIDE MEDIVEST SDN BHD,sales@wmsb.com.my,'2017-08-02,NO 2 JALAN KARYAWAN 4/KU 7 LORONG SUNGAI PULOH TAMAN KAPAR BESTARI KAPAR 42200 SELANGOR
http://edirectory.matrade.gov.my/application/edirectory.nsf/profile?OpenForm&id=97776&sid=8D1F7651B4B5C1E5890AA2B2BBAA25C3,03 - 80251603,,7FOODPILLARS SDN BHD,info@7foodpillars.com,'2017-08-02,REVONGEN CORPORATION CENTER NO 12A JALAN TP5 TAMAN PERINDUSTRIAN UEP SUBANG JAYA 47600 SELANGOR
http://edirectory.matrade.gov.my/application/edirectory.nsf/profile?OpenForm&id=94973&sid=19371D1AA9B2D248E0703B80D29761BB,03 - 58917275,,PROMED MARKETING SDN BHD,firstaid@promed.com.my,'2017-08-02,NO 1(1ST & 2ND FLOOR) JALAN BPU 7 BANDAR PUCHONG UTAMA 47100 SELANGOR
http://edirectory.matrade.gov.my/application/edirectory.nsf/profile?OpenForm&id=11853&sid=A2567DB2346F79F7CF8A98ADCFCBE8D0,03 - 89616869,,SSN MEDICAL PRODUCTS SDN BHD,marketing@ssnmedical.com,'2017-08-02,"LOT 31793 (FORMERLY LOT PT 7177), JALAN KPB12, KAMPUNG BARU BALAKONG, SERI KEMBANGAN, 43300 SELANGOR"
http://edirectory.matrade.gov.my/application/edirectory.nsf/profile?OpenForm&id=71566&sid=37D4BE096FCAE7A3496CA3548D213A3B,03 - 77729321,,LUCENXIA (M) SDN BHD,tony.chan@lucenxia.com.my,'2017-08-02,"21, JALAN TANDANG 51/205A SECTION 51 PETALING JAYA 46050 SELANGOR"
http://edirectory.matrade.gov.my/application/edirectory.nsf/profile?OpenForm&id=93649&sid=6B3B288AD831F382DC9FC2C0EE7FD3CA,03 - 33423431,,INFRATECHNIC ENTERPRISE,branmills60@gmail.com,'2017-08-02,65 JALAN PEGAGA U12/11 TAMAN DESA ALAM SHAH ALAM 40170 SELANGOR
http://edirectory.matrade.gov.my/application/edirectory.nsf/profile?OpenForm&id=6701&sid=F95D9EFCE1E108AD05E55C85C9E56467,03 - 33920000,,CROSS PROTECTION (M) SDN BHD,export@crossprotection.com,'2017-08-02,"11, JALAN PERINDUSTRIAN 5, BATU 5 1/2 JALAN MERU, KLANG  41050 SELANGOR"
http://edirectory.matrade.gov.my/application/edirectory.nsf/profile?OpenForm&id=9356&sid=2D4E99BCC65D57BE16A2E30F83AA13DB,03 - 56358780,,MEDIDATA SDN BHD,sh.rizal@medidata.com.my,'2017-08-02,"36, JALAN PJS 8/6 SUNWAY MENTARI PETALING JAYA 46150 SELANGOR"
http://edirectory.matrade.gov.my/application/edirectory.nsf/profile?OpenForm&id=14055&sid=DAC1D91E5FB3B3BE963CF5D11FF65EAC,05 - 5267231,,SIN YONG GUAN INDUSTRIES SDN BHD,alfred@syg53.com,'2017-08-02,8 SOLOK RISHAH 2 KAWASAN PERINDUSTRIAN SILIBIN IPOH 30100 PERAK
http://edirectory.matrade.gov.my/application/edirectory.nsf/profile?OpenForm&id=56349&sid=C9F1CDAAE1FCE25D24783D578B5814E1,03 - 62733068,,BIOINFINITY (M) SDN BHD,kang@vibrance.com.my,'2017-08-02,"21, JALAN 4/62A, BANDAR MENJALARA KEPONG  52200 KUALA LUMPUR"
http://edirectory.matrade.gov.my/application/edirectory.nsf/profile?OpenForm&id=70440&sid=A7E0AEFD0C0C6194D143191618DC4DFF,07 - 5539487,,AURUM HEALTHCARE SDN BHD,lena@aurum-healthcare.com,'2017-08-02,"16, JALAN LAMAN SETIA 7/1 SETIA BUSINESS PARK (LAMAN SETIA) GELANG PATAH 81550 JOHOR"
http://edirectory.matrade.gov.my/application/edirectory.nsf/profile?OpenForm&id=104396&sid=A5FFFEFD0920A1E5F44386297A77FC81,03 - 51673351,,SERVE MEDICAL TECHNOLOGY SDN BHD,serve.meditech@gmail.com,'2017-08-02,NO 26 JALAN KEBUN NENAS 3C/KS8 BANDAR PUTERA 2 KLANG 41200 SELANGOR
http://edirectory.matrade.gov.my/application/edirectory.nsf/profile?OpenForm&id=104635&sid=E5577DCBAB1A5FFC8BD4D68648B0ABAA,03 - 58861938,,ESSENTIALS HEALTHY LIVING SDN BHD,info@ehl-my.com,'2017-08-02,E-6-2 SETIA WALK PERSIARAN WAWASAN PUSAT BANDAR PUCHONG PUCHONG 47160 SELANGOR
http://edirectory.matrade.gov.my/application/edirectory.nsf/profile?OpenForm&id=13864&sid=0B560F689EA5717D54C54BB7FBCBEB4C,04 - 4227775,,IDEAL HEALTH CARE SDN BHD,heermanz@gmail.com,'2017-08-02,"70 & 71, JALAN SUNGAI TUKANG 2/1 KAWASAN PERUSAHAAN SUNGAI TUKANG SUNGAI PETANI 08000 KEDAH"
http://edirectory.matrade.gov.my/application/edirectory.nsf/profile?OpenForm&id=12067&sid=4B13D7AA8E82590E744B2EFCE99B15E6,03 - 33232698,,CREATIVE CONTRACT (M) SDN BHD,info@medicos.com.my,'2017-08-02,"KILANG MEDICOS, LOT 2729, JALAN ABDUL KARIM OFF JALAN SERULING 59, TAMAN KLANG JAYA KLANG 41200 SELANGOR"
http://edirectory.matrade.gov.my/application/edirectory.nsf/profile?OpenForm&id=6936&sid=37C20F118F112C42BD975AA8DD3B5C3B,03 - 90763080,,MUZAMAL INDUSTRIES SDN BHD,info@muzamalindustries.com,'2017-08-02,"LOT 21, JALAN 3A KAW PERINDUSTRIAN CHERAS JAYA CHERAS 43200 SELANGOR"
http://edirectory.matrade.gov.my/application/edirectory.nsf/profile?OpenForm&id=99671&sid=FF80595B68216A7866C5CCFAA743BFD2,03 - 40221010,,FEDERAL MALAY HOLDINGS SDN BHD,federalmalayholdings@gmail.com,'2017-08-02,WISMA FEDERAL MALAY HOLDINGS NO 10 PERSIARAN 65C PEKELILING BUSINESS CENTRE JALAN PAHANG BARAT 53000 KUALA LUMPUR
http://edirectory.matrade.gov.my/application/edirectory.nsf/profile?OpenForm&id=11522&sid=71E8921DFE6CB3A14F50295D4F414FEA,04 - 5023882,,SAFETYWARE SDN BHD,info@safetyware.net,'2017-08-02,"PLOT 237, LENGKOK PERINDUSTRIAN BUKIT MINYAK 3, BUKIT MINYAK INDUSTRIAL ESTATE, SIMPANG AMPAT 14100 PULAU PINANG"
http://edirectory.matrade.gov.my/application/edirectory.nsf/profile?OpenForm&id=87492&sid=EEC01B07D90249C6682124246ED6C79D,03 - 40438889,,BAE INTERNATIONAL INC SDN BHD,kclim999@gmail.com,'2017-08-02,LEVEL 21.03 PLAZA PENGKALAN 3RD MILE JALAN IPOH 51100 KUALA LUMPUR
http://edirectory.matrade.gov.my/application/edirectory.nsf/profile?OpenForm&id=57275&sid=77E8AE5225105A2A0DAAFE55AF27A158,06 - 7942018,,HANA MEDIC SDN BHD,admin@hanamedicsdnbhd.com,'2017-08-02,"NO. 3, JALAN NILAM 3/1, KAWASAN PERINDUSTRIAN NILAI UTAMA, NILAI 71800 NEGERI SEMBILAN"
http://edirectory.matrade.gov.my/application/edirectory.nsf/profile?OpenForm&id=13061&sid=0029484D5520E3BE1A4B9389A4BCE39D,07 - 6878833,,KAREX INDUSTRIES SDN BHD,accounts@karex.com.my,'2017-08-02,"PTD 7906 & 7907, TAMAN PONTIAN JAYA 34TH MILE, JALAN JOHOR PONTIAN 82000 JOHOR"
http://edirectory.matrade.gov.my/application/edirectory.nsf/profile?OpenForm&id=82837&sid=473C5C9B56017003CB0C81A843C99515,012 - 22171710,,LADIY HEALTHCARE SDN BHD,romli@ladiy2u.com,'2017-08-02,"9-2 BLOK C, PLATINIUM WALK 2 JALAN LANGKAWI SETAPAK 53300 KUALA LUMPUR"
http://edirectory.matrade.gov.my/application/edirectory.nsf/profile?OpenForm&id=8990&sid=FB8B5E7C02CA42E45773E9B08A8D212C,03 - 42706477,,AMPAC ASIA SDN BHD,sherry@ampacasiapacific.com,'2017-08-02,"C15-1, DATARAN PALMA JALAN SELAMAN 1 AMPANG 68000 SELANGOR"
http://edirectory.matrade.gov.my/application/edirectory.nsf/profile?OpenForm&id=10269&sid=B5241D21B1B60DF725B8A44AAF4B4D28,03 - 78850866,,DISPO-MED (MALAYSIA) SDN BHD,advmedic@streamyx.com,'2017-08-02,"NO. 9, JALAN PJU 3/40 SUNWAY DAMANSARA TECHNOLOGY PARK PETALING JAYA 47810 SELANGOR"
http://edirectory.matrade.gov.my/application/edirectory.nsf/profile?OpenForm&id=98470&sid=A4C617180657E364798F6EAA0DA154D2,03 - 33582017,,DARULIHSAN GLOBAL (M) SDN BHD,mohdrosli.jamaludin56@gmail.com,'2017-08-02,23-2 1ST FLOOR JALAN PEGAGA E U12/E DESA ALAM COMMERCIAL CENTRE SHAH ALAM 40170 SELANGOR
http://edirectory.matrade.gov.my/application/edirectory.nsf/profile?OpenForm&id=102274&sid=07E551DDD191476A6797C3250A7A6445,012 - 9830969,,GEROY GLOBAL SDN BHD,tuanzamani83@gmail.com,'2017-08-02,LOT 2860 JALAN ABDUL KADIR ADABI KOTA BHARU 15100 KELANTAN
http://edirectory.matrade.gov.my/application/edirectory.nsf/profile?OpenForm&id=102059&sid=110BF25F08BF960877BCCBE3F9419466,03 - 55253209,,GPC MEDICAL MALAYSIA SDN BHD,info.gpcmalaysia@gmail.com,'2017-08-02,NO B-19 JALAN GITAR 33/3 ELITE INDUSTRIAL ESTATE SECTION 33 SHAH ALAM 40400 SELANGOR
http://edirectory.matrade.gov.my/application/edirectory.nsf/profile?OpenForm&id=2460&sid=686DE4DD03FDCBA3B605384B49872B27,03 - 78013311,,CAREFEEL COTTON INDUSTRIES (M) SDN BHD,normi@carefeelcotton.com,'2017-08-02,"1, JALAN UTARID U5/19 SECTION U5 SHAH ALAM 40150 SELANGOR"
http://edirectory.matrade.gov.my/application/edirectory.nsf/profile?OpenForm&id=37376&sid=D617B93B4F344F17313F01B815272E39,03 - 78590021,,UMMI MEDICAL & LIFE SCIENCES SDN BHD,azila@ummi.com.my,'2017-08-02,"LOT 7794, KG. BARU SUBANG SEK U9, JALAN BUKIT CHERAKAH SHAH ALAM 40150 SELANGOR"
http://edirectory.matrade.gov.my/application/edirectory.nsf/profile?OpenForm&id=40535&sid=FAE783CECF662801D69947DE1CF5C1FD,07 - 3539988,,MEDI GLOBAL ENTERPRISE SDN BHD,mediglobal88@gmail.com,'2017-08-02,"NO 38-2, JALAN ROS MERAH 3/2 TAMAN JOHOR JAYA JOHOR BAHRU 81100 JOHOR"
http://edirectory.matrade.gov.my/application/edirectory.nsf/profile?OpenForm&id=102905&sid=19808CA92D2E2F3E0ADC9440F0AA01AB,03 - 80651839,,MYMEDIKAL HEALTHCARE SDN. BHD.,mymedikalhealthcare@gmail.com,'2017-08-02,NO 8A JALAN PU 7/2 PUSAT BANDAR PUCHONG UTAMA PUCHONG 47100 SELANGOR
http://edirectory.matrade.gov.my/application/edirectory.nsf/profile?OpenForm&id=98630&sid=CCD7741D19A5A28BB743310CFA8D0660,03 - 90820156,,MIRACLE DREAMS SDN. BHD.,miracledreamsherbs@gmail.com,'2017-08-02,10A JLN SERI CHERAS 3 TMN SERI CHERAS BATU 9 43200 SELANGOR
http://edirectory.matrade.gov.my/application/edirectory.nsf/profile?OpenForm&id=60888&sid=9BEFF5E72FEEFCBD6135A97471D3F37C,04 - 2810106,,LEONIX SDN BHD,jesslyn.lee@leonix.my,'2017-08-02,"13A, 1ST FLOOR LEBUH SUNGAI PINANG 5 JELUTONG 11600 PULAU PINANG"
http://edirectory.matrade.gov.my/application/edirectory.nsf/profile?OpenForm&id=11590&sid=0CD1585A53B71B45A50E729564D2A951,03 - 51622618,,A.P.S MEDICAL SDN BHD,chin@apsmedical.com.my,'2017-08-02,"28-32, JALAN TELUK  BATU 36/2 BATU 4 1/2 , JALAN KEBUN SEKSYEN 36 , SHAH ALAM 40470 SELANGOR"
http://edirectory.matrade.gov.my/application/edirectory.nsf/profile?OpenForm&id=81525&sid=162921D5DB2C7EC744FE7BC6E10B57BD,03 - 20216118,,CARE SYNERGY (M) SDN BHD,linda@caresynergy.com.my,'2017-08-02,"351B 2ND FLOOR, MELAWATI URBAN 1 LORONG KEDAH, TAMAN MELAWATI 53100 KUALA LUMPUR"
http://edirectory.matrade.gov.my/application/edirectory.nsf/profile?OpenForm&id=104146&sid=54E6151FF2D81250C01BD9C0B15688CB,03 - 92011786,,LOYAL COMMERCE SDN BHD,"loyalcommerce2008@gmail,com",'2017-08-02,50-2 JALAN 1/76D DESA PANDAN  55100 KUALA LUMPUR
http://edirectory.matrade.gov.my/application/edirectory.nsf/profile?OpenForm&id=103927&sid=DAB02A38170A877BD3B4EBDB04169955,03 - 62434225,,DATA POSITIVE SDN BHD,datapositive.kl@gmail.com,'2017-08-02,NO 7-2 JALAN ARFAH 1 MEDAN NIAGA SRI KUCHING JALAN KUCHING 51200 KUALA LUMPUR
http://edirectory.matrade.gov.my/application/edirectory.nsf/profile?OpenForm&id=13371&sid=4746287ED198C022AD0A509E7C66E9C8,06 - 6772751,,N.S. UNI-GLOVES SDN BHD,abc@unigloves.com.my,'2017-08-02,"LOT 3 & 4 / 4510, LORONG SENAWANG 4/1 SENAWANG INDUSTRIAL ESTATE SEREMBAN 70450 NEGERI SEMBILAN"
http://edirectory.matrade.gov.my/application/edirectory.nsf/profile?OpenForm&id=103939&sid=1C7199BD1570409E367F518DFFD76F38,07 - 3821077,,ACCOBIOTECH SDN BHD,info@accobiotech.com,'2017-08-02,11 JALAN BUKIT 27 MASAI INDUSTRIAL PARK BANDAR SERI ALAM 81750 JOHOR
http://edirectory.matrade.gov.my/application/edirectory.nsf/profile?OpenForm&id=7891&sid=84FC066109F6F8AB8323BE2BAFF4C9B5,03 - 87243533,,PMI COTTON INDUSTRIES SDN BHD,sykong@pmicotton.com,'2017-08-02,"26, JALAN P4/8, SECTION 4 BANDAR TEKNOLOGI KAJANG SEMENYIH 43500 SELANGOR"
http://edirectory.matrade.gov.my/application/edirectory.nsf/profile?OpenForm&id=63606&sid=8D23CFD2268536D9BD81CE2AC720AAB4,04 - 3313472,,TEONG HUAT MEDICAL SDN BHD,tythen@teonghuat.com.my,'2017-08-02,"4740-4741,JALAN TELAGA AIR BUTTERWORTH PENANG 12200 PULAU PINANG"
http://edirectory.matrade.gov.my/application/edirectory.nsf/profile?OpenForm&id=11984&sid=BF38BA8F31772C4DA08A747D6EC4FE09,03 - 78456251,,SELIA-TEK SDN BHD,akmar@selia-tek.com,'2017-08-02,"NO. 6, 8, 10 & 12, JALAN MARIKH U5/175 BANDAR PINGGIRAN SUBANG SHAH ALAM 40150 SELANGOR"
http://edirectory.matrade.gov.my/application/edirectory.nsf/profile?OpenForm&id=84585&sid=D245AA43EA29096BF511A0F39207E0C0,03 - 77838789,,STELLAR DENTS SDN BHD,betty@stellardent.com,'2017-08-02,"16, JALAN PJS 5/30 PUSAT PERDAGANGAN PETALING JAYA(PJCC) PETALING JAYA 46150 SELANGOR"
http://edirectory.matrade.gov.my/application/edirectory.nsf/profile?OpenForm&id=15082&sid=1953FDD203C2F161CE615D81903582DA,03 - 32892957,,INTER-CARE INDUSTRIES SDN BHD,intercare_ind@hotmail.com,'2017-08-02,P.O BOX 277 JALAN SULTAN PETALING JAYA 46730 SELANGOR
http://edirectory.matrade.gov.my/application/edirectory.nsf/profile?OpenForm&id=69532&sid=63E603B81316C7DCFFC5D3B02F34B001,03 - 31875868,,MEDICFIT TECHNOLOGY SDN BHD,enquiry@medicfit.com.my,'2017-08-02,"31, JALAN EMAS 13 BANDAR SUNGAI EMAS BANTING 42700 SELANGOR"
http://edirectory.matrade.gov.my/application/edirectory.nsf/profile?OpenForm&id=92214&sid=980E0D81CA7D52A6C2D074FC8B668BE9,012 - 7991000,,MIPRO MARKETING,mipromkt@gmail.com,'2017-08-02,17 JALAN SETIA JAYA 4 TAMAN SETIA JAYA  83000 JOHOR
http://edirectory.matrade.gov.my/application/edirectory.nsf/profile?OpenForm&id=89932&sid=E338BF52D2EF583910D6BECB9773A29C,03 - 77283384,,PAMURI TOKUTOKUYA SDN BHD,info@pamuri.com,'2017-08-02,"UNIT G-02, GROUND FLOOR BLOCK C JALAN SS 20/27, DAMANSARA UTAMA PETALING JAYA 47400 SELANGOR"
http://edirectory.matrade.gov.my/application/edirectory.nsf/profile?OpenForm&id=90436&sid=D82EA02AD156E7250C25E8305482AA9F,03 - 88611660,,QEW TECHNOLOGIES (M) SDN BHD,qewtech@gmail.com,'2017-08-02,4A JALAN DIPLOMATIK 3 PRESINT 15 62050 PUTRAJAYA
http://edirectory.matrade.gov.my/application/edirectory.nsf/profile?OpenForm&id=92960&sid=6B7A38AF9A45F03A46C616DB565C1139,019 - 7408051,,D BAYDURA SDN BHD,nasyuhada.dbaydura@yahoo.com.my,'2017-08-02,NO 35 JALAN BAIDURI 1/1 TAMAN BAIDURI  81200 JOHOR
http://edirectory.matrade.gov.my/application/edirectory.nsf/profile?OpenForm&id=62984&sid=B2DE9F0C72E202D8009A1A649B90C9C9,06 - 7998113,,STAR MEDIK SDN BHD,starmedik.industries@gmail.com,'2017-08-02,"NO. 43, JALAN TIARA SENTRAL 2, NILAI UTAMA ENTERPRISE PARK, SEPANG 71800 SELANGOR"
http://edirectory.matrade.gov.my/application/edirectory.nsf/profile?OpenForm&id=92805&sid=2810088864848A8481E1C148D3446D43,012 - 9411200,,BACTEPRO HEALTHCARE SENDIRIAN BERHAD,ivanchong@bactepro.com.my,'2017-08-02,29-2 JALAN TEMENGGUNG 9/9 BANDAR MAHKOTA CHERAS CHERAS 43200 SELANGOR
http://edirectory.matrade.gov.my/application/edirectory.nsf/profile?OpenForm&id=9786&sid=9C0B8CDBC1AA7EB3F1E68E23891D3C73,03 - 32906636,,MABA PLASTIC ENTERPRISE,mabacycleplast@yahoo.com,'2017-08-02,"22, JALAN SEMENTA PERMAI 1 TAMAN SEMENTA PERMAI LAPIS 4, SEMENTA, KLANG 42100 SELANGOR"
http://edirectory.matrade.gov.my/application/edirectory.nsf/profile?OpenForm&id=58760&sid=A7D7C485F720598559832A756F002CA1,03 - 56144770,,NEXT LEVEL TECHNOLOGIES SDN BHD,admin@nextleveltechnologies.org,'2017-08-02,"NO 5-G & 5-1, JALAN PUTRA MAHKOTA 7/8B, PUTRA POINT COMMERCIAL CENTRE, PUTRA HEIGHTS, 47650 SELANGOR"
http://edirectory.matrade.gov.my/application/edirectory.nsf/profile?OpenForm&id=60422&sid=B49D19A06E61857DA2BDE9C38B1B14F3,012 - 4230432,,GEOB INTERNATIONAL SDN BHD,geoffrey.tan@geob-international.com,'2017-08-02,NO. 15 TINGKAT RUSA 6 TAMAN SELAMAT BUKIT MERTAJAM 14000 PULAU PINANG
http://edirectory.matrade.gov.my/application/edirectory.nsf/profile?OpenForm&id=6015&sid=DA387C62CC42538261DA25AAA35EBDA6,03 - 31680702,,INNOLATEX SDN BHD,info@innoltx.com,'2017-08-02,"LOT 594, PERSIARAN RAJA LUMU PANDAMARAN INDUSTRIAL ESTATE PORT KLANG 42000 SELANGOR"
http://edirectory.matrade.gov.my/application/edirectory.nsf/profile?OpenForm&id=79229&sid=FD4A80B780276AF80F2CF8095C09AF1F,011 - 15510868,,ANANO SPHERE SDN BHD,info@ananosphere.com,'2017-08-02,"D36-06, BLOCK D, PJ8 SERVICE SUITES NO.23 JALAN BARAT, SEC 8 PETALING JAYA 46050 SELANGOR"
http://edirectory.matrade.gov.my/application/edirectory.nsf/profile?OpenForm&id=67141&sid=BC4DF8819A6C2678735E09930CA975A5,04 - 5078086,,UWC HEALTHCARE MFG (M) SDN BHD,jason@uwcholdings.com,'2017-08-02,"987, JALAN PERINDUSTRIAN BUKIT MINYAK 7 MUKIM 13, KAW PERINDUSTRIAN BUKIT MINYAK BUKIT MERTAJAM, SEBERANG PERAI TENGAH 14000 PULAU PINANG"
http://edirectory.matrade.gov.my/application/edirectory.nsf/profile?OpenForm&id=95804&sid=22A159F90B20B9421939B79E97E8C5DA,582 - 0193256582,,KASPUR MEDICAL SUPPLIES (MALAYSIA) SDN BHD,kaspuranuar@gmail.com,'2017-08-02,NO 101-1 JALAN PJU 1A/41B PUSAT DAGANGAN NZX ARA JAYA PETALING JAYA 47301 SELANGOR
http://edirectory.matrade.gov.my/application/edirectory.nsf/profile?OpenForm&id=54486&sid=C03A75BF81F447FF6C2389E7A3FE226E,03 - 80600295,,N.A.Z MEDICAL SUPPLIES SDN. BHD,info@nazmedical.com.my,'2017-08-02,NO 4 JALAN BP 4/7 BANDAR BUKIT PUCHONG PUCHONG 47120 SELANGOR
http://edirectory.matrade.gov.my/application/edirectory.nsf/profile?OpenForm&id=59113&sid=2959B9D70F1D167001EAFFC812BC45B2,03 - 77174979,,TRADE CORRIDORS SDN BHD,tradecorridors@gmail.com,'2017-08-02,"SUITE 11.01 LEVEL 11, SOUTH WING MENARA OBYU DAMANSARA PERDANA PETALING JAYA 47820 SELANGOR"
http://edirectory.matrade.gov.my/application/edirectory.nsf/profile?OpenForm&id=72186&sid=363C12E089032DA279A287AEE784047D,03 - 61841300,,PERUSAHAAN GAMAT HY,pghy@rocketmail.com,'2017-08-02,44 JALAN TIB 1/19 TAMAN INDUSTRI BOLTON 68100 SELANGOR
http://edirectory.matrade.gov.my/application/edirectory.nsf/profile?OpenForm&id=53430&sid=8808D4887B6123447727519440DB1061,03 - 80687311,,BIO-GRO SDN BHD,contactus@bio-test.info,'2017-08-02,"7 & 9, JALAN TPP 5/11 TAMAN PERINDUSTRIAN PUCHONG  47160 SELANGOR"
http://edirectory.matrade.gov.my/application/edirectory.nsf/profile?OpenForm&id=60784&sid=61BE6B09B016FC1DCC26C969374CCD61,06 - 7998113,,STAR MEDIK SDN BHD,starmedik.industries@gmail.com,'2017-08-02,"NO. 43, JALAN TIARA SENTRA 2, NILAI UTAMA ENTERPRISE PARK, NILAI 71800 NEGERI SEMBILAN"
http://edirectory.matrade.gov.my/application/edirectory.nsf/profile?OpenForm&id=33116&sid=C8B0BBBB74721BB41B268D47F76E5193,03 - 90112309,,TUD SDN BHD,enquiry@tud.my,'2017-08-02,"63-1, JALAN TEMENGGUNG 11/9 SECTION 9 BANDAR MAHKOTA CHERAS 43200 SELANGOR"
http://edirectory.matrade.gov.my/application/edirectory.nsf/profile?OpenForm&id=15527&sid=A5C7D8FA6AA2A511BEA066F319809AC6,03 - 80682775,,TURKOM-CERAMIC (M) SDN BHD,info@turkom-cera.com,'2017-08-02,"11A, JALAN INDUSTRI PBP11 TAMAN INDUSTRI, PUSAT BANDAR PUCHONG PUCHONG 47100 SELANGOR"
http://edirectory.matrade.gov.my/application/edirectory.nsf/profile?OpenForm&id=15545&sid=013E322D1C6F58E6198366DF113F4540,03 - 92004663,,IMPIAN ROZA (M) SDN BHD,impianroza@asia.com,'2017-08-02,"B-3A-9, LEVEL 6 MENARA UNCANG EMAS (UE3) 85, JALAN LOKE YEW 55200 KUALA LUMPUR"
http://edirectory.matrade.gov.my/application/edirectory.nsf/profile?OpenForm&id=94641&sid=8B65027EB74FDD540A1723C61FC1D9AC,03 - 21414277,,DERM AUTOLOGOUS SDN BHD,kwongfaing@gmail.com,'2017-08-02,"SKIN CARE CLINIQUE, S2 PAMPER FLOOR, STARHILL GALLERY, JALAN BUKIT BINTANG   55100 KUALA LUMPUR"
http://edirectory.matrade.gov.my/application/edirectory.nsf/profile?OpenForm&id=14196&sid=8FC641678B12ED26E66156F2E775B284,03 - 88886663,,BIO TEAM SDN BHD,enquiry@bioteam.com.my,'2017-08-02,"PUTRAJAYA PERDANA, T01-U007 & U008 1ST FLOOR, NO 5, JLN P16 PRECINT 16 62150 SELANGOR"
http://edirectory.matrade.gov.my/application/edirectory.nsf/profile?OpenForm&id=5927&sid=9703B46AFC8F5704627D63D1D4A68267,019 - 6003123,,J & J ENGINEERING  SUPPLY SDN BHD,jf_resources@yahoo.com,'2017-08-02,"B1-G-48,  JALAN PINGGIRAN 1/3 TAMAN PINGGIRAN PUTRA SECTION 1, SERI KEMBANGAN 43300 SELANGOR"
http://edirectory.matrade.gov.my/application/edirectory.nsf/profile?OpenForm&id=98443&sid=A113343B9CA96720DBD2790A37D956A2,03 - 89250799,,CERQOFY SDN BHD,cerqofy@gmail.com,'2017-08-02,"409B 2ND FLOOR, COMPLEX DIAMOND BANGI BUSINESS PARK JALAN MEDAN BANGI BANDAR BARU BANGI 43650 SELANGOR"
http://edirectory.matrade.gov.my/application/edirectory.nsf/profile?OpenForm&id=9837&sid=0608E66D4B3C47E02668E4DBE0D5A359,03 - 31411481,,GRADE ONE SDN BHD,gradeone@streamyx.com,'2017-08-02,PT 1455 & PT 1456 SEPANG INDUSTRIAL PARK SEPANG 43900 SELANGOR
http://edirectory.matrade.gov.my/application/edirectory.nsf/profile?OpenForm&id=33245&sid=3CA607810598163E69BD5CDE1F2FDBE5,03 - 51920700,,AYLIN TRADING SDN BHD,rezany@aylin.com.my,'2017-08-02,"8, JALAN TP 7/4 SIME UEP INDUSTRIAL PARK  40400 SELANGOR"
http://edirectory.matrade.gov.my/application/edirectory.nsf/profile?OpenForm&id=6081&sid=3C58243E276EA001EB2CD9F95DB032EF,03 - 22725986,,GLITTER BAY SDN BHD,johnathan.glitterbay@gmail.com,'2017-08-02,"8A,  8TH FLOOR,  PEARL COURT 61, JALAN THAMBY ABDULLAH BRICKFIELDS 50470 KUALA LUMPUR"
http://edirectory.matrade.gov.my/application/edirectory.nsf/profile?OpenForm&id=30565&sid=905E5D3A0D1B0953B3FD2AC73741A3F8,03 - 22409192,,LOTUS PRECISION SDN BHD,lotpre10@streamyx.com,'2017-08-02,"7-2, 2ND FLOOR, JALAN PANTAI MURNI 2 PANTAI HILLPARK  59200 KUALA LUMPUR"
http://edirectory.matrade.gov.my/application/edirectory.nsf/profile?OpenForm&id=14950&sid=30C0611B0A4CE4A8FC14E268532B09F9,03 - 26974288,,RAUDHAH HEALTH CARE SDN BHD,nadzri@raudhah.com.my,'2017-08-02,"SUITE 8, KELAB SULTAN SULAIMAN JALAN DEWAN SULTAN SULAIMAN  50300 KUALA LUMPUR"
http://edirectory.matrade.gov.my/application/edirectory.nsf/profile?OpenForm&id=11307&sid=97D922D5FF8F12A3B693937849863B90,03 - 32906636,,MABA CYCLEPLAST SDN BHD,maba03@tm.net.my,'2017-08-02,"11, JALAN SUNGAI KERAMAT 5 KLANG UTAMA KLANG 42100 SELANGOR"
http://edirectory.matrade.gov.my/application/edirectory.nsf/profile?OpenForm&id=12410&sid=A75ACC1468E60CFF79D0BC304A36D2B7,03 - 77241618,,NULATEX SDN BHD,info@nulatex.com,'2017-08-02,"1B, BANGUNAN BAKTI SITI HASMAH 6, CHANGKAT ABANG HAJI OPENG TAMAN TUN DR ISMAIL 60000 KUALA LUMPUR"
http://edirectory.matrade.gov.my/application/edirectory.nsf/profile?OpenForm&id=37273&sid=0FD36D223502EF01028C4683B9CE7101,04 - 6405688,,ALVERIX (M) SDN BHD,pc.chen@alverix.com,'2017-08-02,"UNIT 24, LG 5 (EXECUTIVE WING) HOTEL EQUATORIAL 1, JALAN BKT JAMBUL 11900 PULAU PINANG"
http://edirectory.matrade.gov.my/application/edirectory.nsf/profile?OpenForm&id=11919&sid=811091DA2F7A62DED4DF0EE25AE27E46,03 - 90749177,,ZEITO PLASTIC COMPONENTS SDN BHD,enquiries@zeito.com.my,'2017-08-02,"LOT 19-6, BERSATU INDUSTRIAL COMPLEX JALAN CJ 1/1 CHERAS JAYA CHERAS 43200 SELANGOR"
http://edirectory.matrade.gov.my/application/edirectory.nsf/profile?OpenForm&id=7485&sid=C4177EF08E9196E61BAD3DDDDA1579DD,03 - 40234702,,OMECO BIODIAGNOSTIC RESEARCH & DEVELOPMENT SDN BHD,hadiomrane@yahoo.com,'2017-08-02,"1-3-8, BLOCK C, JALAN 1/50 DIAMOND SQUARE COMMERCIAL CENTRE OFF JALAN GOMBAK 53000 KUALA LUMPUR"
http://edirectory.matrade.gov.my/application/edirectory.nsf/profile?OpenForm&id=6878&sid=B8548A02FCA029EBC62D0BDB64902014,06 - 3350690,,POLYSCIENTIFIC ENTERPRISE SDN BHD,info@polyscientific.com.my,'2017-08-02,"272, TAMAN ASEAN JALAN MALIM  75250 MELAKA"
http://edirectory.matrade.gov.my/application/edirectory.nsf/profile?OpenForm&id=36966&sid=B85728749599FB336954E3FC07B4F0CE,03 - 23338849,,SUN STAR WORLD WIDE SDN BHD,nejati.masoud@yahoo.com,'2017-08-02,E-8-6 BLOCK E MEGAN AVENUE 1 189 JALAN TUN RAZAK 50400 KUALA LUMPUR
http://edirectory.matrade.gov.my/application/edirectory.nsf/profile?OpenForm&id=7415&sid=080B8F2601A94EBA317ECC8B750D4990,03 - 71182266,,FRESHENING VOX SDN BHD,kenkan@freshening.com.my,'2017-08-02,"1608, BLOCK A, DAMANSARA INTAN PETALING JAYA  47400 SELANGOR"
http://edirectory.matrade.gov.my/application/edirectory.nsf/profile?OpenForm&id=8092&sid=E813DEE4547C30A235233727BA7A1633,03 - 61406226,,DYNAMIC-ERA TRADING SDN BHD,detsb2003@gmail.com,'2017-08-02,"30-3, JALAN PJU 5/11 DATARAN SUNWAY KOTA DAMANSARA 47810 SELANGOR"
http://edirectory.matrade.gov.my/application/edirectory.nsf/profile?OpenForm&id=34484&sid=F4BD6B89CD1E20737396DF6F7C470054,603 - 80701154,,GENEFLUX BIOSCIENCES SDN BHD,info@geneflux.net.my,'2017-08-02,"G1 & G2, MENARA KLH BANDAR PUCHONG JAYA PUCHONG 47100 SELANGOR"
http://edirectory.matrade.gov.my/application/edirectory.nsf/profile?OpenForm&id=12161&sid=0D0668FB2167AC4694553A2B4E935585,03 - 90580022,,CHULIA FACILITIES MANAGEMENT SDN BHD,info@chuliafm.com,'2017-08-02,"25, JALAN 3/146 BANDAR TASIK SELATAN  57000 KUALA LUMPUR"
http://edirectory.matrade.gov.my/application/edirectory.nsf/profile?OpenForm&id=38248&sid=25B8CA87ADD4A3FE2698D01E3B0317BA,03 - 32910535,,MINGSEN INDUSTRY (M) SDN BHD,ninton@po.jaring.my,'2017-08-02,"2, JALAN PERMAI 3 OFF JLN HAJI SIRAT  42100 SELANGOR"
http://edirectory.matrade.gov.my/application/edirectory.nsf/profile?OpenForm&id=31288&sid=73AEA5F9350EB9AAFF6A49F485F14BEB,03 - 61894578,,KAZ MEDISYSTEM SDN BHD,kazmedis@tm.net.my,'2017-08-02,"NO 43A, JALAN SG 3/19 TAMAN SRI GOMBAK BATU CAVES 68100 SELANGOR"
http://edirectory.matrade.gov.my/application/edirectory.nsf/profile?OpenForm&id=37570&sid=DDF2E9DDEAD14830CA5387E93CECBF12,03 - 61405258,,4U-TECH CORPORATION SDN BHD,tech4uc@yahoo.co.uk,'2017-08-02,"28A, JALAN PEKAKA 8/3 KOTA DAMANSARA PETALING JAYA 47810 SELANGOR"
http://edirectory.matrade.gov.my/application/edirectory.nsf/profile?OpenForm&id=40866&sid=9834648AFC70B47C60110B4DA62EBA8D,04 - 5077671,,POWER CHOICE SDN BHD,sales@powerchoice.com.my,'2017-08-02,PLOT 79 LORONG PERINDUSTRIAN BKT MINYAK 16 KAW PERINDUSTRIAN BKT MINYAK BKT MERTAJAM S.P.T. 14100 PULAU PINANG
http://edirectory.matrade.gov.my/application/edirectory.nsf/profile?OpenForm&id=37390&sid=DE30295A84E7D6B531CBD01DFBB1D59B,04 - 3514629,,CAMERONII CHANNEL ENTERPRISE,cameroniichannelenterprise@gmail.com,'2017-08-02,12A LRG SERI SENANGAN 2 TAMAN SERI SENANGAN  13050 PULAU PINANG
