HREF,FAILMSG
http://www.thegreenbook.com/products/agricultural-equipment-supplies/,<twisted.python.failure.Failure scrapy.spidermiddlewares.httperror.HttpError: Ignoring non-200 response>
http://www.thegreenbook.com/products/agricultural-sprayers/,<twisted.python.failure.Failure scrapy.spidermiddlewares.httperror.HttpError: Ignoring non-200 response>
http://www.thegreenbook.com/products/agarwood/,<twisted.python.failure.Failure scrapy.spidermiddlewares.httperror.HttpError: Ignoring non-200 response>
http://www.thegreenbook.com/products/adhesive-chemicals/,<twisted.python.failure.Failure scrapy.spidermiddlewares.httperror.HttpError: Ignoring non-200 response>
http://www.thegreenbook.com/products/aerial-work-platforms/,<twisted.python.failure.Failure scrapy.spidermiddlewares.httperror.HttpError: Ignoring non-200 response>
http://www.thegreenbook.com/products/adhesive-application-equipment/,<twisted.python.failure.Failure scrapy.spidermiddlewares.httperror.HttpError: Ignoring non-200 response>
http://www.thegreenbook.com/products/additives-paint/,<twisted.python.failure.Failure scrapy.spidermiddlewares.httperror.HttpError: Ignoring non-200 response>
http://www.thegreenbook.com/products/additives-drilling-mud/,<twisted.python.failure.Failure scrapy.spidermiddlewares.httperror.HttpError: Ignoring non-200 response>
http://www.thegreenbook.com/products/additives-concrete/,<twisted.python.failure.Failure scrapy.spidermiddlewares.httperror.HttpError: Ignoring non-200 response>
http://www.thegreenbook.com/products/adapter-type-roller-bearings/,<twisted.python.failure.Failure scrapy.spidermiddlewares.httperror.HttpError: Ignoring non-200 response>
http://www.thegreenbook.com/products/windows/,<twisted.python.failure.Failure scrapy.spidermiddlewares.httperror.HttpError: Ignoring non-200 response>
http://www.thegreenbook.com/products/acoustical-control-structures-equipment/,<twisted.python.failure.Failure scrapy.spidermiddlewares.httperror.HttpError: Ignoring non-200 response>
http://www.thegreenbook.com/products/window-gaskets/,<twisted.python.failure.Failure scrapy.spidermiddlewares.httperror.HttpError: Ignoring non-200 response>
http://www.thegreenbook.com/products/adapter-type-ball-bearings/,<twisted.python.failure.Failure scrapy.spidermiddlewares.httperror.HttpError: Ignoring non-200 response>
http://www.thegreenbook.com/products/window-insulating-film/,<twisted.python.failure.Failure scrapy.spidermiddlewares.httperror.HttpError: Ignoring non-200 response>
http://www.thegreenbook.com/products/window-film-explosion-proof-safety-solar-decorative-etc/,<twisted.python.failure.Failure scrapy.spidermiddlewares.httperror.HttpError: Ignoring non-200 response>
http://www.thegreenbook.com/products/window-frames/,<twisted.python.failure.Failure scrapy.spidermiddlewares.httperror.HttpError: Ignoring non-200 response>
http://www.thegreenbook.com/products/window-cleaning-service/,<twisted.python.failure.Failure scrapy.spidermiddlewares.httperror.HttpError: Ignoring non-200 response>
http://www.thegreenbook.com/products/window-film/,<twisted.python.failure.Failure scrapy.spidermiddlewares.httperror.HttpError: Ignoring non-200 response>
http://www.thegreenbook.com/products/window-cleaning-equipment/,<twisted.python.failure.Failure scrapy.spidermiddlewares.httperror.HttpError: Ignoring non-200 response>
http://www.thegreenbook.com/products/work-platform-elevating/,<twisted.python.failure.Failure scrapy.spidermiddlewares.httperror.HttpError: Ignoring non-200 response>
http://www.thegreenbook.com/products/actuators-valve/,<twisted.python.failure.Failure scrapy.spidermiddlewares.httperror.HttpError: Ignoring non-200 response>
http://www.thegreenbook.com/products/wide-inner-ring-ball-bearings/,<twisted.python.failure.Failure scrapy.spidermiddlewares.httperror.HttpError: Ignoring non-200 response>
http://www.thegreenbook.com/products/wheels-grinding-lapping/,<twisted.python.failure.Failure scrapy.spidermiddlewares.httperror.HttpError: Ignoring non-200 response>
http://www.thegreenbook.com/products/wheels-cbn/,<twisted.python.failure.Failure scrapy.spidermiddlewares.httperror.HttpError: Ignoring non-200 response>
http://www.thegreenbook.com/products/wheels-castor/,<twisted.python.failure.Failure scrapy.spidermiddlewares.httperror.HttpError: Ignoring non-200 response>
http://www.thegreenbook.com/products/wheels-diamond/,<twisted.python.failure.Failure scrapy.spidermiddlewares.httperror.HttpError: Ignoring non-200 response>
http://www.thegreenbook.com/products/wheels-cutting/,<twisted.python.failure.Failure scrapy.spidermiddlewares.httperror.HttpError: Ignoring non-200 response>
http://www.thegreenbook.com/products/wheel-loaders/,<twisted.python.failure.Failure scrapy.spidermiddlewares.httperror.HttpError: Ignoring non-200 response>
http://www.thegreenbook.com/products/wheelbarrows/,<twisted.python.failure.Failure scrapy.spidermiddlewares.httperror.HttpError: Ignoring non-200 response>
http://www.thegreenbook.com/products/welding-transformers/,<twisted.python.failure.Failure scrapy.spidermiddlewares.httperror.HttpError: Ignoring non-200 response>
http://www.thegreenbook.com/products/welding-torches/,<twisted.python.failure.Failure scrapy.spidermiddlewares.httperror.HttpError: Ignoring non-200 response>
http://www.thegreenbook.com/products/welding-tools-plastic/,<twisted.python.failure.Failure scrapy.spidermiddlewares.httperror.HttpError: Ignoring non-200 response>
http://www.thegreenbook.com/products/welding-wire-feeders/,<twisted.python.failure.Failure scrapy.spidermiddlewares.httperror.HttpError: Ignoring non-200 response>
http://www.thegreenbook.com/products/welding-timers/,<twisted.python.failure.Failure scrapy.spidermiddlewares.httperror.HttpError: Ignoring non-200 response>
http://www.thegreenbook.com/products/window-fittings/,<twisted.python.failure.Failure scrapy.spidermiddlewares.httperror.HttpError: Ignoring non-200 response>
http://www.thegreenbook.com/products/welding-temperature-indicators/,<twisted.python.failure.Failure scrapy.spidermiddlewares.httperror.HttpError: Ignoring non-200 response>
http://www.thegreenbook.com/products/welding-spectacles/,<twisted.python.failure.Failure scrapy.spidermiddlewares.httperror.HttpError: Ignoring non-200 response>
http://www.thegreenbook.com/products/welding-spatter-preventives/,<twisted.python.failure.Failure scrapy.spidermiddlewares.httperror.HttpError: Ignoring non-200 response>
http://www.thegreenbook.com/products/welding-service/,<twisted.python.failure.Failure scrapy.spidermiddlewares.httperror.HttpError: Ignoring non-200 response>
http://www.thegreenbook.com/products/welding-robots/,<twisted.python.failure.Failure scrapy.spidermiddlewares.httperror.HttpError: Ignoring non-200 response>
http://www.thegreenbook.com/companies/disco-hi-tec-s-pte-ltd/,<twisted.python.failure.Failure scrapy.spidermiddlewares.httperror.HttpError: Ignoring non-200 response>
http://www.thegreenbook.com/companies/chang-tai-chiang-hardware-pte-ltd/,<twisted.python.failure.Failure scrapy.spidermiddlewares.httperror.HttpError: Ignoring non-200 response>
http://www.thegreenbook.com/companies/cba-industries-pte-ltd/,<twisted.python.failure.Failure scrapy.spidermiddlewares.httperror.HttpError: Ignoring non-200 response>
http://www.thegreenbook.com/companies/leeden-limited/,<twisted.python.failure.Failure scrapy.spidermiddlewares.httperror.HttpError: Ignoring non-200 response>
http://www.thegreenbook.com/companies/betamax-enterprise-pte-ltd/,<twisted.python.failure.Failure scrapy.spidermiddlewares.httperror.HttpError: Ignoring non-200 response>
http://www.thegreenbook.com/companies/auweld-international-pte-ltd/,<twisted.python.failure.Failure scrapy.spidermiddlewares.httperror.HttpError: Ignoring non-200 response>
http://www.thegreenbook.com/companies/ad-tools-s-pte-ltd/,<twisted.python.failure.Failure scrapy.spidermiddlewares.httperror.HttpError: Ignoring non-200 response>
http://www.thegreenbook.com/companies/allalloy-dynaweld-pte-ltd/,<twisted.python.failure.Failure scrapy.spidermiddlewares.httperror.HttpError: Ignoring non-200 response>
http://www.thegreenbook.com/companies/victory-hardware-co/,<twisted.python.failure.Failure scrapy.spidermiddlewares.httperror.HttpError: Ignoring non-200 response>
http://www.thegreenbook.com/companies/sma-industrial-pte-ltd/,<twisted.python.failure.Failure scrapy.spidermiddlewares.httperror.HttpError: Ignoring non-200 response>
http://www.thegreenbook.com/companies/chan-man-lee-trading-co-pte-ltd/,<twisted.python.failure.Failure scrapy.spidermiddlewares.httperror.HttpError: Ignoring non-200 response>
http://www.thegreenbook.com/companies/pnd-hardware-trading-pte-ltd/,<twisted.python.failure.Failure scrapy.spidermiddlewares.httperror.HttpError: Ignoring non-200 response>
http://www.thegreenbook.com/companies/amcoweld-inc-pte-ltd/,<twisted.python.failure.Failure scrapy.spidermiddlewares.httperror.HttpError: Ignoring non-200 response>
http://www.thegreenbook.com/companies/allinton-engineering-trading-pte-ltd/,<twisted.python.failure.Failure scrapy.spidermiddlewares.httperror.HttpError: Ignoring non-200 response>
http://www.thegreenbook.com/companies/abraweld-s-pte-ltd/,<twisted.python.failure.Failure scrapy.spidermiddlewares.httperror.HttpError: Ignoring non-200 response>
http://www.thegreenbook.com/products/welding-rectifiers/,<twisted.python.failure.Failure scrapy.spidermiddlewares.httperror.HttpError: Ignoring non-200 response>
http://www.thegreenbook.com/products/welding-positioners-manipulators-etc/,<twisted.python.failure.Failure scrapy.spidermiddlewares.httperror.HttpError: Ignoring non-200 response>
http://www.thegreenbook.com/products/welding-nozzle-tip-cleaners/,<twisted.python.failure.Failure scrapy.spidermiddlewares.httperror.HttpError: Ignoring non-200 response>
http://www.thegreenbook.com/products/welding-nozzle-tip-replacer/,<twisted.python.failure.Failure scrapy.spidermiddlewares.httperror.HttpError: Ignoring non-200 response>
http://www.thegreenbook.com/products/welding-metal-powders/,<twisted.python.failure.Failure scrapy.spidermiddlewares.httperror.HttpError: Ignoring non-200 response>
http://www.thegreenbook.com/products/welding-machines-plastic/,<twisted.python.failure.Failure scrapy.spidermiddlewares.httperror.HttpError: Ignoring non-200 response>
http://www.thegreenbook.com/products/welding-lenses/,<twisted.python.failure.Failure scrapy.spidermiddlewares.httperror.HttpError: Ignoring non-200 response>
http://www.thegreenbook.com/products/welding-inspection-service/,<twisted.python.failure.Failure scrapy.spidermiddlewares.httperror.HttpError: Ignoring non-200 response>
http://www.thegreenbook.com/products/welding-hose-cable-reels/,<twisted.python.failure.Failure scrapy.spidermiddlewares.httperror.HttpError: Ignoring non-200 response>
http://www.thegreenbook.com/products/welding-gas-regulators/,<twisted.python.failure.Failure scrapy.spidermiddlewares.httperror.HttpError: Ignoring non-200 response>
http://www.thegreenbook.com/products/welding-generators/,<twisted.python.failure.Failure scrapy.spidermiddlewares.httperror.HttpError: Ignoring non-200 response>
http://www.thegreenbook.com/products/welding-hose/,<twisted.python.failure.Failure scrapy.spidermiddlewares.httperror.HttpError: Ignoring non-200 response>
http://www.thegreenbook.com/companies/alteco-chemical-pte-ltd/,<twisted.python.failure.Failure scrapy.spidermiddlewares.httperror.HttpError: Ignoring non-200 response>
http://www.thegreenbook.com/companies/allchem-products-pte-ltd-ubi-road-/,<twisted.python.failure.Failure scrapy.spidermiddlewares.httperror.HttpError: Ignoring non-200 response>
http://www.thegreenbook.com/products/welding-gun-balancers/,<twisted.python.failure.Failure scrapy.spidermiddlewares.httperror.HttpError: Ignoring non-200 response>
http://www.thegreenbook.com/companies/amk-global-distribution-pte-ltd/,<twisted.python.failure.Failure scrapy.spidermiddlewares.httperror.HttpError: Ignoring non-200 response>
http://www.thegreenbook.com/companies/adhesives-research-pte-ltd/,<twisted.python.failure.Failure scrapy.spidermiddlewares.httperror.HttpError: Ignoring non-200 response>
http://www.thegreenbook.com/companies/acepac-international-s-pte-ltd/,<twisted.python.failure.Failure scrapy.spidermiddlewares.httperror.HttpError: Ignoring non-200 response>
http://www.thegreenbook.com/companies/a-a-techno-engrg-services-pte-ltd/,<twisted.python.failure.Failure scrapy.spidermiddlewares.httperror.HttpError: Ignoring non-200 response>
http://www.thegreenbook.com/companies/poey-huat-hardware-s-pte-ltd/,<twisted.python.failure.Failure scrapy.spidermiddlewares.httperror.HttpError: Ignoring non-200 response>
http://www.thegreenbook.com/companies/hoon-wan-industry-chemicals-pte-ltd/,<twisted.python.failure.Failure scrapy.spidermiddlewares.httperror.HttpError: Ignoring non-200 response>
http://www.thegreenbook.com/companies/hong-wen-hardware-timber-pte-ltd/,<twisted.python.failure.Failure scrapy.spidermiddlewares.httperror.HttpError: Ignoring non-200 response>
http://www.thegreenbook.com/companies/tatho-enterprise/,<twisted.python.failure.Failure scrapy.spidermiddlewares.httperror.HttpError: Ignoring non-200 response>
http://www.thegreenbook.com/companies/alligator-singapore-pte-ltd/,<twisted.python.failure.Failure scrapy.spidermiddlewares.httperror.HttpError: Ignoring non-200 response>
http://www.thegreenbook.com/companies/cathay-machinery-pte-ltd/,<twisted.python.failure.Failure scrapy.spidermiddlewares.httperror.HttpError: Ignoring non-200 response>
http://www.thegreenbook.com/companies/techfield-supply-pte-ltd/,<twisted.python.failure.Failure scrapy.spidermiddlewares.httperror.HttpError: Ignoring non-200 response>
http://www.thegreenbook.com/products/welding-gases/,<twisted.python.failure.Failure scrapy.spidermiddlewares.httperror.HttpError: Ignoring non-200 response>
http://www.thegreenbook.com/products/welding-fume-exhausters/,<twisted.python.failure.Failure scrapy.spidermiddlewares.httperror.HttpError: Ignoring non-200 response>
http://www.thegreenbook.com/products/welding-flux-recovery-systems/,<twisted.python.failure.Failure scrapy.spidermiddlewares.httperror.HttpError: Ignoring non-200 response>
http://www.thegreenbook.com/products/welding-fluxes/,<twisted.python.failure.Failure scrapy.spidermiddlewares.httperror.HttpError: Ignoring non-200 response>
http://www.thegreenbook.com/products/welding-equipment-repair-service/,<twisted.python.failure.Failure scrapy.spidermiddlewares.httperror.HttpError: Ignoring non-200 response>
http://www.thegreenbook.com/products/welding-equipment-rental-service/,<twisted.python.failure.Failure scrapy.spidermiddlewares.httperror.HttpError: Ignoring non-200 response>
http://www.thegreenbook.com/products/welding-equipment-parts/,<twisted.python.failure.Failure scrapy.spidermiddlewares.httperror.HttpError: Ignoring non-200 response>
http://www.thegreenbook.com/products/welding-equipment/,<twisted.python.failure.Failure scrapy.spidermiddlewares.httperror.HttpError: Ignoring non-200 response>
http://www.thegreenbook.com/products/welding-electrode-sharpeners/,<twisted.python.failure.Failure scrapy.spidermiddlewares.httperror.HttpError: Ignoring non-200 response>
http://www.thegreenbook.com/products/welding-electrodes/,<twisted.python.failure.Failure scrapy.spidermiddlewares.httperror.HttpError: Ignoring non-200 response>
http://www.thegreenbook.com/products/welding-electrode-flux-ovens/,<twisted.python.failure.Failure scrapy.spidermiddlewares.httperror.HttpError: Ignoring non-200 response>
http://www.thegreenbook.com/products/welding-electrode-holders/,<twisted.python.failure.Failure scrapy.spidermiddlewares.httperror.HttpError: Ignoring non-200 response>
http://www.thegreenbook.com/products/welding-curtains-screens/,<twisted.python.failure.Failure scrapy.spidermiddlewares.httperror.HttpError: Ignoring non-200 response>
http://www.thegreenbook.com/products/welding-cables/,<twisted.python.failure.Failure scrapy.spidermiddlewares.httperror.HttpError: Ignoring non-200 response>
http://www.thegreenbook.com/products/welding-blankets/,<twisted.python.failure.Failure scrapy.spidermiddlewares.httperror.HttpError: Ignoring non-200 response>
http://www.thegreenbook.com/products/welding-accessories/,<twisted.python.failure.Failure scrapy.spidermiddlewares.httperror.HttpError: Ignoring non-200 response>
http://www.thegreenbook.com/products/wear-parts-construction-equipment-etc/,<twisted.python.failure.Failure scrapy.spidermiddlewares.httperror.HttpError: Ignoring non-200 response>
http://www.thegreenbook.com/products/water-resistant-adhesives/,<twisted.python.failure.Failure scrapy.spidermiddlewares.httperror.HttpError: Ignoring non-200 response>
http://www.thegreenbook.com/products/water-pumps/,<twisted.python.failure.Failure scrapy.spidermiddlewares.httperror.HttpError: Ignoring non-200 response>
http://www.thegreenbook.com/products/waterproofing-paints/,<twisted.python.failure.Failure scrapy.spidermiddlewares.httperror.HttpError: Ignoring non-200 response>
http://www.thegreenbook.com/products/waterproofing-materials/,<twisted.python.failure.Failure scrapy.spidermiddlewares.httperror.HttpError: Ignoring non-200 response>
http://www.thegreenbook.com/products/waterproofing-contractors/,<twisted.python.failure.Failure scrapy.spidermiddlewares.httperror.HttpError: Ignoring non-200 response>
http://www.thegreenbook.com/companies/overseas-motors-pte-ltd/,<twisted.python.failure.Failure scrapy.spidermiddlewares.httperror.HttpError: Ignoring non-200 response>
http://www.thegreenbook.com/companies/bio-flora-singapore-pte-ltd/,<twisted.python.failure.Failure scrapy.spidermiddlewares.httperror.HttpError: Ignoring non-200 response>
http://www.thegreenbook.com/products/waterproofing-coatings/,<twisted.python.failure.Failure scrapy.spidermiddlewares.httperror.HttpError: Ignoring non-200 response>
http://www.thegreenbook.com/products/water-blasting-equipment/,<twisted.python.failure.Failure scrapy.spidermiddlewares.httperror.HttpError: Ignoring non-200 response>
http://www.thegreenbook.com/products/wall-tiles/,<twisted.python.failure.Failure scrapy.spidermiddlewares.httperror.HttpError: Ignoring non-200 response>
http://www.thegreenbook.com/products/walls-operable-relocatable/,<twisted.python.failure.Failure scrapy.spidermiddlewares.httperror.HttpError: Ignoring non-200 response>
http://www.thegreenbook.com/products/wall-panels/,<twisted.python.failure.Failure scrapy.spidermiddlewares.httperror.HttpError: Ignoring non-200 response>
http://www.thegreenbook.com/products/wall-mounted-fans/,<twisted.python.failure.Failure scrapy.spidermiddlewares.httperror.HttpError: Ignoring non-200 response>
http://www.thegreenbook.com/products/wall-curtains/,<twisted.python.failure.Failure scrapy.spidermiddlewares.httperror.HttpError: Ignoring non-200 response>
http://www.thegreenbook.com/products/wall-coatings/,<twisted.python.failure.Failure scrapy.spidermiddlewares.httperror.HttpError: Ignoring non-200 response>
http://www.thegreenbook.com/products/wall-claddings/,<twisted.python.failure.Failure scrapy.spidermiddlewares.httperror.HttpError: Ignoring non-200 response>
http://www.thegreenbook.com/products/vitreous-china-washbasin/,<twisted.python.failure.Failure scrapy.spidermiddlewares.httperror.HttpError: Ignoring non-200 response>
http://www.thegreenbook.com/products/vitrified-clay-pipes/,<twisted.python.failure.Failure scrapy.spidermiddlewares.httperror.HttpError: Ignoring non-200 response>
http://www.thegreenbook.com/products/vinyl-tiles/,<twisted.python.failure.Failure scrapy.spidermiddlewares.httperror.HttpError: Ignoring non-200 response>
http://www.thegreenbook.com/products/vinyl-flooring/,<twisted.python.failure.Failure scrapy.spidermiddlewares.httperror.HttpError: Ignoring non-200 response>
http://www.thegreenbook.com/products/vibratory-compactors/,<twisted.python.failure.Failure scrapy.spidermiddlewares.httperror.HttpError: Ignoring non-200 response>
http://www.thegreenbook.com/products/vibrators-industrial/,<twisted.python.failure.Failure scrapy.spidermiddlewares.httperror.HttpError: Ignoring non-200 response>
http://www.thegreenbook.com/products/vibrators-concrete/,<twisted.python.failure.Failure scrapy.spidermiddlewares.httperror.HttpError: Ignoring non-200 response>
http://www.thegreenbook.com/products/vibration-rammers/,<twisted.python.failure.Failure scrapy.spidermiddlewares.httperror.HttpError: Ignoring non-200 response>
http://www.thegreenbook.com/products/vibration-plate-compactors/,<twisted.python.failure.Failure scrapy.spidermiddlewares.httperror.HttpError: Ignoring non-200 response>
http://www.thegreenbook.com/products/vibrating-plate-compactors/,<twisted.python.failure.Failure scrapy.spidermiddlewares.httperror.HttpError: Ignoring non-200 response>
http://www.thegreenbook.com/products/vibrating-part-feeders/,<twisted.python.failure.Failure scrapy.spidermiddlewares.httperror.HttpError: Ignoring non-200 response>
http://www.thegreenbook.com/products/vibrating-feeders/,<twisted.python.failure.Failure scrapy.spidermiddlewares.httperror.HttpError: Ignoring non-200 response>
http://www.thegreenbook.com/products/vents-tank/,<twisted.python.failure.Failure scrapy.spidermiddlewares.httperror.HttpError: Ignoring non-200 response>
http://www.thegreenbook.com/products/vents-explosion/,<twisted.python.failure.Failure scrapy.spidermiddlewares.httperror.HttpError: Ignoring non-200 response>
http://www.thegreenbook.com/products/vents-air/,<twisted.python.failure.Failure scrapy.spidermiddlewares.httperror.HttpError: Ignoring non-200 response>
http://www.thegreenbook.com/products/ventilators/,<twisted.python.failure.Failure scrapy.spidermiddlewares.httperror.HttpError: Ignoring non-200 response>
http://www.thegreenbook.com/products/ventilation-fans/,<twisted.python.failure.Failure scrapy.spidermiddlewares.httperror.HttpError: Ignoring non-200 response>
http://www.thegreenbook.com/products/ventilation-ductings/,<twisted.python.failure.Failure scrapy.spidermiddlewares.httperror.HttpError: Ignoring non-200 response>
http://www.thegreenbook.com/products/ventilation-contractors/,<twisted.python.failure.Failure scrapy.spidermiddlewares.httperror.HttpError: Ignoring non-200 response>
http://www.thegreenbook.com/products/ventilating-fans/,<twisted.python.failure.Failure scrapy.spidermiddlewares.httperror.HttpError: Ignoring non-200 response>
http://www.thegreenbook.com/products/ventilating-ductings/,<twisted.python.failure.Failure scrapy.spidermiddlewares.httperror.HttpError: Ignoring non-200 response>
http://www.thegreenbook.com/products/valve-seat-refacing-equipment/,<twisted.python.failure.Failure scrapy.spidermiddlewares.httperror.HttpError: Ignoring non-200 response>
http://www.thegreenbook.com/products/valve-position-monitors/,<twisted.python.failure.Failure scrapy.spidermiddlewares.httperror.HttpError: Ignoring non-200 response>
http://www.thegreenbook.com/products/valve-positioners/,<twisted.python.failure.Failure scrapy.spidermiddlewares.httperror.HttpError: Ignoring non-200 response>
http://www.thegreenbook.com/products/valve-repair-service/,<twisted.python.failure.Failure scrapy.spidermiddlewares.httperror.HttpError: Ignoring non-200 response>
http://www.thegreenbook.com/products/valve-sealants/,<twisted.python.failure.Failure scrapy.spidermiddlewares.httperror.HttpError: Ignoring non-200 response>
http://www.thegreenbook.com/products/valves/,<twisted.python.failure.Failure scrapy.spidermiddlewares.httperror.HttpError: Ignoring non-200 response>
http://www.thegreenbook.com/products/valve-packings/,<twisted.python.failure.Failure scrapy.spidermiddlewares.httperror.HttpError: Ignoring non-200 response>
http://www.thegreenbook.com/products/-u-bolts/,<twisted.python.failure.Failure scrapy.spidermiddlewares.httperror.HttpError: Ignoring non-200 response>
http://www.thegreenbook.com/products/valve-lubricants/,<twisted.python.failure.Failure scrapy.spidermiddlewares.httperror.HttpError: Ignoring non-200 response>
http://www.thegreenbook.com/products/tunnelling-contractors/,<twisted.python.failure.Failure scrapy.spidermiddlewares.httperror.HttpError: Ignoring non-200 response>
http://www.thegreenbook.com/products/trunk-mounted-concrete-mixers/,<twisted.python.failure.Failure scrapy.spidermiddlewares.httperror.HttpError: Ignoring non-200 response>
http://www.thegreenbook.com/products/tyres-forklift/,<twisted.python.failure.Failure scrapy.spidermiddlewares.httperror.HttpError: Ignoring non-200 response>
http://www.thegreenbook.com/products/truck-mounted-concrete-mixers/,<twisted.python.failure.Failure scrapy.spidermiddlewares.httperror.HttpError: Ignoring non-200 response>
http://www.thegreenbook.com/products/truck-mounted-work-platforms/,<twisted.python.failure.Failure scrapy.spidermiddlewares.httperror.HttpError: Ignoring non-200 response>
http://www.thegreenbook.com/products/trunkings-cable/,<twisted.python.failure.Failure scrapy.spidermiddlewares.httperror.HttpError: Ignoring non-200 response>
http://www.thegreenbook.com/products/tractors-distributors-manufacturers/,<twisted.python.failure.Failure scrapy.spidermiddlewares.httperror.HttpError: Ignoring non-200 response>
http://www.thegreenbook.com/products/valve-locks/,<twisted.python.failure.Failure scrapy.spidermiddlewares.httperror.HttpError: Ignoring non-200 response>
http://www.thegreenbook.com/products/valve-actuators/,<twisted.python.failure.Failure scrapy.spidermiddlewares.httperror.HttpError: Ignoring non-200 response>
http://www.thegreenbook.com/products/tractors-dealers/,<twisted.python.failure.Failure scrapy.spidermiddlewares.httperror.HttpError: Ignoring non-200 response>
http://www.thegreenbook.com/companies/eastern-eagle-trading-pte-ltd/,<twisted.python.failure.Failure scrapy.spidermiddlewares.httperror.HttpError: Ignoring non-200 response>
http://www.thegreenbook.com/companies/adjoin-winger-pte-ltd/,<twisted.python.failure.Failure scrapy.spidermiddlewares.httperror.HttpError: Ignoring non-200 response>
http://www.thegreenbook.com/companies/a-g-industrial-gas-trading-pte-ltd/,<twisted.python.failure.Failure scrapy.spidermiddlewares.httperror.HttpError: Ignoring non-200 response>
http://www.thegreenbook.com/companies/danox-welding-pte-ltd/,<twisted.python.failure.Failure scrapy.spidermiddlewares.httperror.HttpError: Ignoring non-200 response>
http://www.thegreenbook.com/companies/arcstar-pte-ltd/,<twisted.python.failure.Failure scrapy.spidermiddlewares.httperror.HttpError: Ignoring non-200 response>
http://www.thegreenbook.com/companies/triarc-technologies-engineering-services-pte-ltd/,<twisted.python.failure.Failure scrapy.spidermiddlewares.httperror.HttpError: Ignoring non-200 response>
http://www.thegreenbook.com/companies/butbro-far-east-pte-ltd/,<twisted.python.failure.Failure scrapy.spidermiddlewares.httperror.HttpError: Ignoring non-200 response>
http://www.thegreenbook.com/companies/alpex-pte-ltd/,<twisted.python.failure.Failure scrapy.spidermiddlewares.httperror.HttpError: Ignoring non-200 response>
http://www.thegreenbook.com/companies/ken-industrial-gases-pte-ltd/,<twisted.python.failure.Failure scrapy.spidermiddlewares.httperror.HttpError: Ignoring non-200 response>
http://www.thegreenbook.com/companies/thamps-engineering-s-pte-ltd/,<twisted.python.failure.Failure scrapy.spidermiddlewares.httperror.HttpError: Ignoring non-200 response>
http://www.thegreenbook.com/products/tractor-rental-service/,<twisted.python.failure.Failure scrapy.spidermiddlewares.httperror.HttpError: Ignoring non-200 response>
http://www.thegreenbook.com/products/towing-hooks/,<twisted.python.failure.Failure scrapy.spidermiddlewares.httperror.HttpError: Ignoring non-200 response>
http://www.thegreenbook.com/products/tractor-parts/,<twisted.python.failure.Failure scrapy.spidermiddlewares.httperror.HttpError: Ignoring non-200 response>
http://www.thegreenbook.com/products/tower-cranes/,<twisted.python.failure.Failure scrapy.spidermiddlewares.httperror.HttpError: Ignoring non-200 response>
http://www.thegreenbook.com/products/tools-repairing-parts/,<twisted.python.failure.Failure scrapy.spidermiddlewares.httperror.HttpError: Ignoring non-200 response>
http://www.thegreenbook.com/products/tools-electric/,<twisted.python.failure.Failure scrapy.spidermiddlewares.httperror.HttpError: Ignoring non-200 response>
http://www.thegreenbook.com/products/tools-pipe-bending-cutting/,<twisted.python.failure.Failure scrapy.spidermiddlewares.httperror.HttpError: Ignoring non-200 response>
http://www.thegreenbook.com/products/tools/,<twisted.python.failure.Failure scrapy.spidermiddlewares.httperror.HttpError: Ignoring non-200 response>
http://www.thegreenbook.com/products/tool-holders/,<twisted.python.failure.Failure scrapy.spidermiddlewares.httperror.HttpError: Ignoring non-200 response>
http://www.thegreenbook.com/products/tool-cabinets/,<twisted.python.failure.Failure scrapy.spidermiddlewares.httperror.HttpError: Ignoring non-200 response>
http://www.thegreenbook.com/products/toilet-flushing-cisterns-plastic/,<twisted.python.failure.Failure scrapy.spidermiddlewares.httperror.HttpError: Ignoring non-200 response>
http://www.thegreenbook.com/products/tiles/,<twisted.python.failure.Failure scrapy.spidermiddlewares.httperror.HttpError: Ignoring non-200 response>
http://www.thegreenbook.com/products/tile-cutters/,<twisted.python.failure.Failure scrapy.spidermiddlewares.httperror.HttpError: Ignoring non-200 response>
http://www.thegreenbook.com/products/tile-accessories/,<twisted.python.failure.Failure scrapy.spidermiddlewares.httperror.HttpError: Ignoring non-200 response>
http://www.thegreenbook.com/products/threading-machines-pipe/,<twisted.python.failure.Failure scrapy.spidermiddlewares.httperror.HttpError: Ignoring non-200 response>
http://www.thegreenbook.com/products/testing-equipment-weld/,<twisted.python.failure.Failure scrapy.spidermiddlewares.httperror.HttpError: Ignoring non-200 response>
http://www.thegreenbook.com/products/testing-equipment-wafer-parametric/,<twisted.python.failure.Failure scrapy.spidermiddlewares.httperror.HttpError: Ignoring non-200 response>
http://www.thegreenbook.com/companies/dura-metal-s-pte-ltd/,<twisted.python.failure.Failure scrapy.spidermiddlewares.httperror.HttpError: Ignoring non-200 response>
http://www.thegreenbook.com/companies/cresendo-hardware-trading-pte-ltd/,<twisted.python.failure.Failure scrapy.spidermiddlewares.httperror.HttpError: Ignoring non-200 response>
http://www.thegreenbook.com/companies/core-metal-pte-ltd/,<twisted.python.failure.Failure scrapy.spidermiddlewares.httperror.HttpError: Ignoring non-200 response>
http://www.thegreenbook.com/companies/asiamatic-industries-pte-ltd/,<twisted.python.failure.Failure scrapy.spidermiddlewares.httperror.HttpError: Ignoring non-200 response>
http://www.thegreenbook.com/companies/american-international-industries-pte-ltd/,<twisted.python.failure.Failure scrapy.spidermiddlewares.httperror.HttpError: Ignoring non-200 response>
http://www.thegreenbook.com/companies/alpha-welding-pte-ltd/,<twisted.python.failure.Failure scrapy.spidermiddlewares.httperror.HttpError: Ignoring non-200 response>
http://www.thegreenbook.com/companies/kenweld-singapore-pte-ltd/,<twisted.python.failure.Failure scrapy.spidermiddlewares.httperror.HttpError: Ignoring non-200 response>
http://www.thegreenbook.com/companies/albatec-pte-ltd-refer-alloys-section-/,<twisted.python.failure.Failure scrapy.spidermiddlewares.httperror.HttpError: Ignoring non-200 response>
http://www.thegreenbook.com/companies/hup-hong-machinery-s-pte-ltd/,<twisted.python.failure.Failure scrapy.spidermiddlewares.httperror.HttpError: Ignoring non-200 response>
http://www.thegreenbook.com/companies/kobelco-welding-asia-pacific-pte-ltd/,<twisted.python.failure.Failure scrapy.spidermiddlewares.httperror.HttpError: Ignoring non-200 response>
http://www.thegreenbook.com/products/-t-bolts/,<twisted.python.failure.Failure scrapy.spidermiddlewares.httperror.HttpError: Ignoring non-200 response>
http://www.thegreenbook.com/products/tapes-pipe-wrapping/,<twisted.python.failure.Failure scrapy.spidermiddlewares.httperror.HttpError: Ignoring non-200 response>
http://www.thegreenbook.com/products/tampers-concrete/,<twisted.python.failure.Failure scrapy.spidermiddlewares.httperror.HttpError: Ignoring non-200 response>
http://www.thegreenbook.com/products/stud-welding-equipment/,<twisted.python.failure.Failure scrapy.spidermiddlewares.httperror.HttpError: Ignoring non-200 response>
http://www.thegreenbook.com/products/stud-bolts/,<twisted.python.failure.Failure scrapy.spidermiddlewares.httperror.HttpError: Ignoring non-200 response>
http://www.thegreenbook.com/products/structure-fabricators-building/,<twisted.python.failure.Failure scrapy.spidermiddlewares.httperror.HttpError: Ignoring non-200 response>
http://www.thegreenbook.com/products/storage-cabinets-tool/,<twisted.python.failure.Failure scrapy.spidermiddlewares.httperror.HttpError: Ignoring non-200 response>
http://www.thegreenbook.com/products/stoppers-pipe/,<twisted.python.failure.Failure scrapy.spidermiddlewares.httperror.HttpError: Ignoring non-200 response>
http://www.thegreenbook.com/products/steel-tool/,<twisted.python.failure.Failure scrapy.spidermiddlewares.httperror.HttpError: Ignoring non-200 response>
http://www.thegreenbook.com/products/steel-roofings/,<twisted.python.failure.Failure scrapy.spidermiddlewares.httperror.HttpError: Ignoring non-200 response>
http://www.thegreenbook.com/products/steel-pipes/,<twisted.python.failure.Failure scrapy.spidermiddlewares.httperror.HttpError: Ignoring non-200 response>
http://www.thegreenbook.com/products/steel-pipe-fittings/,<twisted.python.failure.Failure scrapy.spidermiddlewares.httperror.HttpError: Ignoring non-200 response>
http://www.thegreenbook.com/products/steel-fabricators-building-structure/,<twisted.python.failure.Failure scrapy.spidermiddlewares.httperror.HttpError: Ignoring non-200 response>
http://www.thegreenbook.com/products/steel-building-structure-fabricators/,<twisted.python.failure.Failure scrapy.spidermiddlewares.httperror.HttpError: Ignoring non-200 response>
http://www.thegreenbook.com/products/steel-building-construction-frames/,<twisted.python.failure.Failure scrapy.spidermiddlewares.httperror.HttpError: Ignoring non-200 response>
http://www.thegreenbook.com/products/stair-builders/,<twisted.python.failure.Failure scrapy.spidermiddlewares.httperror.HttpError: Ignoring non-200 response>
http://www.thegreenbook.com/products/standard-sands/,<twisted.python.failure.Failure scrapy.spidermiddlewares.httperror.HttpError: Ignoring non-200 response>
http://www.thegreenbook.com/products/stainless-steel-pumps/,<twisted.python.failure.Failure scrapy.spidermiddlewares.httperror.HttpError: Ignoring non-200 response>
http://www.thegreenbook.com/products/stainless-steel-pipes/,<twisted.python.failure.Failure scrapy.spidermiddlewares.httperror.HttpError: Ignoring non-200 response>
http://www.thegreenbook.com/products/stainless-steel-pipe-fittings/,<twisted.python.failure.Failure scrapy.spidermiddlewares.httperror.HttpError: Ignoring non-200 response>
http://www.thegreenbook.com/products/stained-glass/,<twisted.python.failure.Failure scrapy.spidermiddlewares.httperror.HttpError: Ignoring non-200 response>
http://www.thegreenbook.com/products/spanners/,<twisted.python.failure.Failure scrapy.spidermiddlewares.httperror.HttpError: Ignoring non-200 response>
http://www.thegreenbook.com/products/soldering-tools/,<twisted.python.failure.Failure scrapy.spidermiddlewares.httperror.HttpError: Ignoring non-200 response>
http://www.thegreenbook.com/products/soldering-stations/,<twisted.python.failure.Failure scrapy.spidermiddlewares.httperror.HttpError: Ignoring non-200 response>
http://www.thegreenbook.com/products/soldering-stands/,<twisted.python.failure.Failure scrapy.spidermiddlewares.httperror.HttpError: Ignoring non-200 response>
http://www.thegreenbook.com/products/soldering-robots/,<twisted.python.failure.Failure scrapy.spidermiddlewares.httperror.HttpError: Ignoring non-200 response>
http://www.thegreenbook.com/products/soldering-pots/,<twisted.python.failure.Failure scrapy.spidermiddlewares.httperror.HttpError: Ignoring non-200 response>
http://www.thegreenbook.com/products/soldering-paste/,<twisted.python.failure.Failure scrapy.spidermiddlewares.httperror.HttpError: Ignoring non-200 response>
http://www.thegreenbook.com/products/soldering-machines/,<twisted.python.failure.Failure scrapy.spidermiddlewares.httperror.HttpError: Ignoring non-200 response>
http://www.thegreenbook.com/products/soldering-fume-absorbers/,<twisted.python.failure.Failure scrapy.spidermiddlewares.httperror.HttpError: Ignoring non-200 response>
http://www.thegreenbook.com/products/soldering-chemicals/,<twisted.python.failure.Failure scrapy.spidermiddlewares.httperror.HttpError: Ignoring non-200 response>
http://www.thegreenbook.com/products/soldering-bars/,<twisted.python.failure.Failure scrapy.spidermiddlewares.httperror.HttpError: Ignoring non-200 response>
http://www.thegreenbook.com/products/solar-reflective-film/,<twisted.python.failure.Failure scrapy.spidermiddlewares.httperror.HttpError: Ignoring non-200 response>
http://www.thegreenbook.com/products/soldering-anodes/,<twisted.python.failure.Failure scrapy.spidermiddlewares.httperror.HttpError: Ignoring non-200 response>
http://www.thegreenbook.com/products/soil-testing-equipment/,<twisted.python.failure.Failure scrapy.spidermiddlewares.httperror.HttpError: Ignoring non-200 response>
http://www.thegreenbook.com/products/silt-fence/,<twisted.python.failure.Failure scrapy.spidermiddlewares.httperror.HttpError: Ignoring non-200 response>
http://www.thegreenbook.com/products/silos/,<twisted.python.failure.Failure scrapy.spidermiddlewares.httperror.HttpError: Ignoring non-200 response>
http://www.thegreenbook.com/products/silo-flow-aids/,<twisted.python.failure.Failure scrapy.spidermiddlewares.httperror.HttpError: Ignoring non-200 response>
http://www.thegreenbook.com/products/shovels/,<twisted.python.failure.Failure scrapy.spidermiddlewares.httperror.HttpError: Ignoring non-200 response>
http://www.thegreenbook.com/products/shingles/,<twisted.python.failure.Failure scrapy.spidermiddlewares.httperror.HttpError: Ignoring non-200 response>
http://www.thegreenbook.com/products/sheetmetal-folding-machines/,<twisted.python.failure.Failure scrapy.spidermiddlewares.httperror.HttpError: Ignoring non-200 response>
http://www.thegreenbook.com/products/sheetmetal-cutting-service/,<twisted.python.failure.Failure scrapy.spidermiddlewares.httperror.HttpError: Ignoring non-200 response>
http://www.thegreenbook.com/products/sheetmetal-bending-service/,<twisted.python.failure.Failure scrapy.spidermiddlewares.httperror.HttpError: Ignoring non-200 response>
http://www.thegreenbook.com/products/sheaves/,<twisted.python.failure.Failure scrapy.spidermiddlewares.httperror.HttpError: Ignoring non-200 response>
http://www.thegreenbook.com/products/sharpening-machines-blades/,<twisted.python.failure.Failure scrapy.spidermiddlewares.httperror.HttpError: Ignoring non-200 response>
http://www.thegreenbook.com/products/sharpeners-drill-bit/,<twisted.python.failure.Failure scrapy.spidermiddlewares.httperror.HttpError: Ignoring non-200 response>
http://www.thegreenbook.com/products/sewer-construction-contractors/,<twisted.python.failure.Failure scrapy.spidermiddlewares.httperror.HttpError: Ignoring non-200 response>
http://www.thegreenbook.com/products/sewer-pipes/,<twisted.python.failure.Failure scrapy.spidermiddlewares.httperror.HttpError: Ignoring non-200 response>
http://www.thegreenbook.com/products/sewer-cleaning-equipment-tools/,<twisted.python.failure.Failure scrapy.spidermiddlewares.httperror.HttpError: Ignoring non-200 response>
http://www.thegreenbook.com/products/sewer-cleaning-equipment/,<twisted.python.failure.Failure scrapy.spidermiddlewares.httperror.HttpError: Ignoring non-200 response>
http://www.thegreenbook.com/products/sewer-cleaning-clearing-service/,<twisted.python.failure.Failure scrapy.spidermiddlewares.httperror.HttpError: Ignoring non-200 response>
http://www.thegreenbook.com/products/sewage-treatment-equipment/,<twisted.python.failure.Failure scrapy.spidermiddlewares.httperror.HttpError: Ignoring non-200 response>
http://www.thegreenbook.com/products/sewage-pumps/,<twisted.python.failure.Failure scrapy.spidermiddlewares.httperror.HttpError: Ignoring non-200 response>
http://www.thegreenbook.com/products/sediment-filters-construction-site/,<twisted.python.failure.Failure scrapy.spidermiddlewares.httperror.HttpError: Ignoring non-200 response>
http://www.thegreenbook.com/products/sediment-control-fence-construction-site/,<twisted.python.failure.Failure scrapy.spidermiddlewares.httperror.HttpError: Ignoring non-200 response>
http://www.thegreenbook.com/products/security-window-film/,<twisted.python.failure.Failure scrapy.spidermiddlewares.httperror.HttpError: Ignoring non-200 response>
http://www.thegreenbook.com/products/security-glass-coating-tinting-materials/,<twisted.python.failure.Failure scrapy.spidermiddlewares.httperror.HttpError: Ignoring non-200 response>
http://www.thegreenbook.com/products/section-bending-machines/,<twisted.python.failure.Failure scrapy.spidermiddlewares.httperror.HttpError: Ignoring non-200 response>
http://www.thegreenbook.com/products/seals-floating-roof/,<twisted.python.failure.Failure scrapy.spidermiddlewares.httperror.HttpError: Ignoring non-200 response>
http://www.thegreenbook.com/products/sealants-putty/,<twisted.python.failure.Failure scrapy.spidermiddlewares.httperror.HttpError: Ignoring non-200 response>
http://www.thegreenbook.com/products/sealants-pipe/,<twisted.python.failure.Failure scrapy.spidermiddlewares.httperror.HttpError: Ignoring non-200 response>
http://www.thegreenbook.com/products/sealants-joint-building/,<twisted.python.failure.Failure scrapy.spidermiddlewares.httperror.HttpError: Ignoring non-200 response>
http://www.thegreenbook.com/products/sealants-construction/,<twisted.python.failure.Failure scrapy.spidermiddlewares.httperror.HttpError: Ignoring non-200 response>
http://www.thegreenbook.com/products/screw-thread-repair-kits/,<twisted.python.failure.Failure scrapy.spidermiddlewares.httperror.HttpError: Ignoring non-200 response>
http://www.thegreenbook.com/products/sealants-building-construction/,<twisted.python.failure.Failure scrapy.spidermiddlewares.httperror.HttpError: Ignoring non-200 response>
http://www.thegreenbook.com/products/screws/,<twisted.python.failure.Failure scrapy.spidermiddlewares.httperror.HttpError: Ignoring non-200 response>
http://www.thegreenbook.com/products/screw-pumps/,<twisted.python.failure.Failure scrapy.spidermiddlewares.httperror.HttpError: Ignoring non-200 response>
http://www.thegreenbook.com/products/screwdrivers/,<twisted.python.failure.Failure scrapy.spidermiddlewares.httperror.HttpError: Ignoring non-200 response>
http://www.thegreenbook.com/products/screwdriver-bits/,<twisted.python.failure.Failure scrapy.spidermiddlewares.httperror.HttpError: Ignoring non-200 response>
http://www.thegreenbook.com/products/screwdriver-bit-holders/,<twisted.python.failure.Failure scrapy.spidermiddlewares.httperror.HttpError: Ignoring non-200 response>
http://www.thegreenbook.com/products/scaffolding/,<twisted.python.failure.Failure scrapy.spidermiddlewares.httperror.HttpError: Ignoring non-200 response>
http://www.thegreenbook.com/products/saw-sharpening-repair-service/,<twisted.python.failure.Failure scrapy.spidermiddlewares.httperror.HttpError: Ignoring non-200 response>
http://www.thegreenbook.com/products/saw-sharpening-equipment/,<twisted.python.failure.Failure scrapy.spidermiddlewares.httperror.HttpError: Ignoring non-200 response>
http://www.thegreenbook.com/products/saws/,<twisted.python.failure.Failure scrapy.spidermiddlewares.httperror.HttpError: Ignoring non-200 response>
http://www.thegreenbook.com/products/sawmills/,<twisted.python.failure.Failure scrapy.spidermiddlewares.httperror.HttpError: Ignoring non-200 response>
http://www.thegreenbook.com/products/sawmill-equipment-supplies/,<twisted.python.failure.Failure scrapy.spidermiddlewares.httperror.HttpError: Ignoring non-200 response>
http://www.thegreenbook.com/products/sawing-machines/,<twisted.python.failure.Failure scrapy.spidermiddlewares.httperror.HttpError: Ignoring non-200 response>
http://www.thegreenbook.com/products/saw-grinding-machines/,<twisted.python.failure.Failure scrapy.spidermiddlewares.httperror.HttpError: Ignoring non-200 response>
http://www.thegreenbook.com/products/saw-chains/,<twisted.python.failure.Failure scrapy.spidermiddlewares.httperror.HttpError: Ignoring non-200 response>
http://www.thegreenbook.com/products/saw-chain-guide-bars/,<twisted.python.failure.Failure scrapy.spidermiddlewares.httperror.HttpError: Ignoring non-200 response>
http://www.thegreenbook.com/companies/arcent-singapore-pte-ltd/,<twisted.python.failure.Failure scrapy.spidermiddlewares.httperror.HttpError: Ignoring non-200 response>
http://www.thegreenbook.com/products/sawblade-welding-service/,<twisted.python.failure.Failure scrapy.spidermiddlewares.httperror.HttpError: Ignoring non-200 response>
http://www.thegreenbook.com/companies/alloy-technology-pte-ltd/,<twisted.python.failure.Failure scrapy.spidermiddlewares.httperror.HttpError: Ignoring non-200 response>
http://www.thegreenbook.com/companies/mg-kobewel-sales-services/,<twisted.python.failure.Failure scrapy.spidermiddlewares.httperror.HttpError: Ignoring non-200 response>
http://www.thegreenbook.com/companies/esta-rowell-engineering-pte-ltd/,<twisted.python.failure.Failure scrapy.spidermiddlewares.httperror.HttpError: Ignoring non-200 response>
http://www.thegreenbook.com/products/sawblades/,<twisted.python.failure.Failure scrapy.spidermiddlewares.httperror.HttpError: Ignoring non-200 response>
http://www.thegreenbook.com/products/sanitary-contractors/,<twisted.python.failure.Failure scrapy.spidermiddlewares.httperror.HttpError: Ignoring non-200 response>
http://www.thegreenbook.com/products/sandpapers/,<twisted.python.failure.Failure scrapy.spidermiddlewares.httperror.HttpError: Ignoring non-200 response>
http://www.thegreenbook.com/products/sand-standard/,<twisted.python.failure.Failure scrapy.spidermiddlewares.httperror.HttpError: Ignoring non-200 response>
http://www.thegreenbook.com/products/sanding-machines-wood/,<twisted.python.failure.Failure scrapy.spidermiddlewares.httperror.HttpError: Ignoring non-200 response>
http://www.thegreenbook.com/products/sandblasting-helmets/,<twisted.python.failure.Failure scrapy.spidermiddlewares.httperror.HttpError: Ignoring non-200 response>
http://www.thegreenbook.com/products/sandblasting-contractors/,<twisted.python.failure.Failure scrapy.spidermiddlewares.httperror.HttpError: Ignoring non-200 response>
http://www.thegreenbook.com/products/samplers-pipeline/,<twisted.python.failure.Failure scrapy.spidermiddlewares.httperror.HttpError: Ignoring non-200 response>
http://www.thegreenbook.com/products/safety-window-film/,<twisted.python.failure.Failure scrapy.spidermiddlewares.httperror.HttpError: Ignoring non-200 response>
http://www.thegreenbook.com/products/safety-glass-coating-tinting-materials/,<twisted.python.failure.Failure scrapy.spidermiddlewares.httperror.HttpError: Ignoring non-200 response>
http://www.thegreenbook.com/products/saddles-pipe/,<twisted.python.failure.Failure scrapy.spidermiddlewares.httperror.HttpError: Ignoring non-200 response>
http://www.thegreenbook.com/products/rubber-beltings/,<twisted.python.failure.Failure scrapy.spidermiddlewares.httperror.HttpError: Ignoring non-200 response>
http://www.thegreenbook.com/products/rubber-adhesives/,<twisted.python.failure.Failure scrapy.spidermiddlewares.httperror.HttpError: Ignoring non-200 response>
http://www.thegreenbook.com/products/rubber-additives/,<twisted.python.failure.Failure scrapy.spidermiddlewares.httperror.HttpError: Ignoring non-200 response>
http://www.thegreenbook.com/products/rough-terrain-forklifts/,<twisted.python.failure.Failure scrapy.spidermiddlewares.httperror.HttpError: Ignoring non-200 response>
http://www.thegreenbook.com/products/rooms-cold/,<twisted.python.failure.Failure scrapy.spidermiddlewares.httperror.HttpError: Ignoring non-200 response>
http://www.thegreenbook.com/products/rubber-abrasives/,<twisted.python.failure.Failure scrapy.spidermiddlewares.httperror.HttpError: Ignoring non-200 response>
http://www.thegreenbook.com/products/roof-ventilators/,<twisted.python.failure.Failure scrapy.spidermiddlewares.httperror.HttpError: Ignoring non-200 response>
http://www.thegreenbook.com/products/roof-trusses/,<twisted.python.failure.Failure scrapy.spidermiddlewares.httperror.HttpError: Ignoring non-200 response>
http://www.thegreenbook.com/products/roofing-tiles/,<twisted.python.failure.Failure scrapy.spidermiddlewares.httperror.HttpError: Ignoring non-200 response>
http://www.thegreenbook.com/products/roofings/,<twisted.python.failure.Failure scrapy.spidermiddlewares.httperror.HttpError: Ignoring non-200 response>
http://www.thegreenbook.com/products/roofing-materials/,<twisted.python.failure.Failure scrapy.spidermiddlewares.httperror.HttpError: Ignoring non-200 response>
http://www.thegreenbook.com/products/roofing-equipment-supplies/,<twisted.python.failure.Failure scrapy.spidermiddlewares.httperror.HttpError: Ignoring non-200 response>
http://www.thegreenbook.com/products/roofing-contractors/,<twisted.python.failure.Failure scrapy.spidermiddlewares.httperror.HttpError: Ignoring non-200 response>
http://www.thegreenbook.com/products/roof-fans/,<twisted.python.failure.Failure scrapy.spidermiddlewares.httperror.HttpError: Ignoring non-200 response>
http://www.thegreenbook.com/products/roof-drainage-systems/,<twisted.python.failure.Failure scrapy.spidermiddlewares.httperror.HttpError: Ignoring non-200 response>
http://www.thegreenbook.com/products/roof-coatings/,<twisted.python.failure.Failure scrapy.spidermiddlewares.httperror.HttpError: Ignoring non-200 response>
http://www.thegreenbook.com/products/road-rollers/,<twisted.python.failure.Failure scrapy.spidermiddlewares.httperror.HttpError: Ignoring non-200 response>
http://www.thegreenbook.com/products/road-reflectors/,<twisted.python.failure.Failure scrapy.spidermiddlewares.httperror.HttpError: Ignoring non-200 response>
http://www.thegreenbook.com/products/roof-claddings/,<twisted.python.failure.Failure scrapy.spidermiddlewares.httperror.HttpError: Ignoring non-200 response>
http://www.thegreenbook.com/products/road-roller-rental-service/,<twisted.python.failure.Failure scrapy.spidermiddlewares.httperror.HttpError: Ignoring non-200 response>
http://www.thegreenbook.com/products/road-dividers/,<twisted.python.failure.Failure scrapy.spidermiddlewares.httperror.HttpError: Ignoring non-200 response>
http://www.thegreenbook.com/products/road-pavers/,<twisted.python.failure.Failure scrapy.spidermiddlewares.httperror.HttpError: Ignoring non-200 response>
http://www.thegreenbook.com/products/road-building-materials/,<twisted.python.failure.Failure scrapy.spidermiddlewares.httperror.HttpError: Ignoring non-200 response>
http://www.thegreenbook.com/products/road-building-equipment/,<twisted.python.failure.Failure scrapy.spidermiddlewares.httperror.HttpError: Ignoring non-200 response>
http://www.thegreenbook.com/products/road-or-line-markings/,<twisted.python.failure.Failure scrapy.spidermiddlewares.httperror.HttpError: Ignoring non-200 response>
http://www.thegreenbook.com/products/rid-bridge-calibrators/,<twisted.python.failure.Failure scrapy.spidermiddlewares.httperror.HttpError: Ignoring non-200 response>
http://www.thegreenbook.com/products/rigs-drilling/,<twisted.python.failure.Failure scrapy.spidermiddlewares.httperror.HttpError: Ignoring non-200 response>
http://www.thegreenbook.com/products/rigbuilders/,<twisted.python.failure.Failure scrapy.spidermiddlewares.httperror.HttpError: Ignoring non-200 response>
http://www.thegreenbook.com/products/reversing-drum-concrete-mixers/,<twisted.python.failure.Failure scrapy.spidermiddlewares.httperror.HttpError: Ignoring non-200 response>
http://www.thegreenbook.com/products/resistance-spot-welding-equipment/,<twisted.python.failure.Failure scrapy.spidermiddlewares.httperror.HttpError: Ignoring non-200 response>
http://www.thegreenbook.com/products/rig-jack-up-elevating-systems/,<twisted.python.failure.Failure scrapy.spidermiddlewares.httperror.HttpError: Ignoring non-200 response>
http://www.thegreenbook.com/products/relocation-service/,<twisted.python.failure.Failure scrapy.spidermiddlewares.httperror.HttpError: Ignoring non-200 response>
http://www.thegreenbook.com/products/relocatable-walls/,<twisted.python.failure.Failure scrapy.spidermiddlewares.httperror.HttpError: Ignoring non-200 response>
http://www.thegreenbook.com/products/resistance-seam-welding-equipment/,<twisted.python.failure.Failure scrapy.spidermiddlewares.httperror.HttpError: Ignoring non-200 response>
