HREF,NAME,EMAIL,DATE_SCRAPED
http://www.thailandcoffee.net/2017/exhibit/online_match2017/10,"555 Paperplus Co.,Ltd.",marketing@555paperplus.com,'2017-05-25
http://www.thailandcoffee.net/2017/exhibit/online_match2017/80,"MARVICE (THAI) CO.,LTD.",marvicepagingsystem@gmail.com,'2017-05-25
http://www.thailandcoffee.net/2017/exhibit/online_match2017/83,"KOKORO BEVERAGE CO.,LTD.",ann_kaijeaw@yahoo.com,'2017-05-25
http://www.thailandcoffee.net/2017/exhibit/online_match2017/87,"N2Ice Co.,Ltd.",nimnicha@yahoo.com,'2017-05-25
http://www.thailandcoffee.net/2017/exhibit/online_match2017/85,Nude Coffee,nudeorganicthailand@gmail.com,'2017-05-25
http://www.thailandcoffee.net/2017/exhibit/online_match2017/90,"Zen Sprout Co.,Ltd.",zensproutcompany@gmail.com,'2017-05-25
http://www.thailandcoffee.net/2017/exhibit/online_match2017/92,"GOLDEN NINE CO.,LTD",wanutsabaudee@gmail.com,'2017-05-25
http://www.thailandcoffee.net/2017/exhibit/online_match2017/82,Presto X Rabbit,sales@rabbitroaster.com,'2017-05-25
http://www.thailandcoffee.net/2017/exhibit/online_match2017/84,"Outlet 108 Co.,Ltd.",mngm@supertv.co.th,'2017-05-25
http://www.thailandcoffee.net/2017/exhibit/online_match2017/78,"Snowboy 1990 (Thailand) Co.,Ltd.",info@snowboy1990.com,'2017-05-25
http://www.thailandcoffee.net/2017/exhibit/online_match2017/77,Bakery Depot,bakerydepotshop@gmail.com,'2017-05-25
http://www.thailandcoffee.net/2017/exhibit/online_match2017/54,AM Bakery,rasuwat@yahoo.com,'2017-05-25
http://www.thailandcoffee.net/2017/exhibit/online_match2017/235,"TakraOnline (Vevo Systems Co., Ltd.)",sales@takraonline.com,'2017-05-25
http://www.thailandcoffee.net/2017/exhibit/online_match2017/79,Bico,bicocafe@outlook.com,'2017-05-25
http://www.thailandcoffee.net/2017/exhibit/online_match2017/34,"ETON STANDARD CO.,LTD",eton_standard2005@yahoo.com,'2017-05-25
http://www.thailandcoffee.net/2017/exhibit/online_match2017/33,Sabuysabuy Bakery Supplier,sabuysabuy55@hotmail.com,'2017-05-25
http://www.thailandcoffee.net/2017/exhibit/online_match2017/51,"SULBING (THAILAND) Co.,Ltd",sulbingthailand@sulbing.co.th,'2017-05-25
http://www.thailandcoffee.net/2017/exhibit/online_match2017/265,"Bangchak Retail Co., Ltd.",somyot@bangchakretail.com,'2017-05-25
http://www.thailandcoffee.net/2017/exhibit/online_match2017/264,"Gaveon Co., Ltd.",oshwang@naver.com,'2017-05-25
http://www.thailandcoffee.net/2017/exhibit/online_match2017/256,"Intercof 1978 Group Co.,Ltd.",baristasfriend@gmail.com,'2017-05-25
http://www.thailandcoffee.net/2017/exhibit/online_match2017/261,Doi Chaang Franchise Management Company Limited,jarern@doichaangcoffee.co.th,'2017-05-25
http://www.thailandcoffee.net/2017/exhibit/online_match2017/257,K2 Company Ltd.,sales@k2.co.th,'2017-05-25
http://www.thailandcoffee.net/2017/exhibit/online_match2017/262,"Material World Co.,Ltd.",sales@materialworld.co.th,'2017-05-25
http://www.thailandcoffee.net/2017/exhibit/online_match2017/254,CAFFA Coffee Maker,ekkasit_b@yahoo.com,'2017-05-25
http://www.thailandcoffee.net/2017/exhibit/online_match2017/248,"Fruittara Trading (Thailand) Co.,Ltd.",jsfruittara@gmail.com,'2017-05-25
http://www.thailandcoffee.net/2017/exhibit/online_match2017/247,"ISM FOOD PRODUCTS CO.,LTD",warin@ism-food.com,'2017-05-25
http://www.thailandcoffee.net/2017/exhibit/online_match2017/243,"MMP Corporation Co.,Ltd.",kirapol.k@mmpcorp.co.th,'2017-05-25
http://www.thailandcoffee.net/2017/exhibit/online_match2017/241,"Vagaso Co.,Ltd.",info@vagaso.com,'2017-05-25
http://www.thailandcoffee.net/2017/exhibit/online_match2017/245,"Extra Big Sale Co.,Ltd.",exb_oui@hotmail.com,'2017-05-25
http://www.thailandcoffee.net/2017/exhibit/online_match2017/252,"Zhucheng Dongxiao Biotechnology Co., Ltd.",mark.liu@dongxiao.net,'2017-05-25
http://www.thailandcoffee.net/2017/exhibit/online_match2017/242,Shiwa Corporation Limited,contact@shiwa.co.th,'2017-05-25
http://www.thailandcoffee.net/2017/exhibit/online_match2017/240,GFA Corporation (Thailand) Ltd.,th.bd@gfacorp.com,'2017-05-25
http://www.thailandcoffee.net/2017/exhibit/online_match2017/238,Mintana Company Limited,info@mintana.com,'2017-05-25
http://www.thailandcoffee.net/2017/exhibit/online_match2017/237,"Maruzen Food (Thailand) Co., LTD.",maneepan_c@boonrawd.co.th,'2017-05-25
http://www.thailandcoffee.net/2017/exhibit/online_match2017/230,"Chaiyakarn Pack Co.,Ltd.",hornboycup@gmail.com,'2017-05-25
http://www.thailandcoffee.net/2017/exhibit/online_match2017/236,UCC UESHIMA COFFEE (THAILAND),Wirada@uccthai.co.th,'2017-05-25
http://www.thailandcoffee.net/2017/exhibit/online_match2017/217,กาแฟสดไร่ช่อลดา,cholada_coffee@hotmail.com,'2017-05-25
http://www.thailandcoffee.net/2017/exhibit/online_match2017/228,Ohmycake,ohmycake.cafe@gmail.com,'2017-05-25
http://www.thailandcoffee.net/2017/exhibit/online_match2017/214,"Golden Elephant (Thailand)  Co., Ltd.",eng37_psu@hotmail.com,'2017-05-25
http://www.thailandcoffee.net/2017/exhibit/online_match2017/227,Cococream,Rattakhet2012@hotmail.com,'2017-05-25
http://www.thailandcoffee.net/2017/exhibit/online_match2017/223,Thai Roong Ruang Sugar Group,sales@trrsugarcorp.com,'2017-05-25
http://www.thailandcoffee.net/2017/exhibit/online_match2017/211,"PHITPHISARN CO.,LTD",wimolphan@phitphisarngroup.com,'2017-05-25
http://www.thailandcoffee.net/2017/exhibit/online_match2017/209,"i-Cream Solutions.Co.,Ltd",info@i-creamsolutions.com,'2017-05-25
http://www.thailandcoffee.net/2017/exhibit/online_match2017/208,"Shimono (Thailand) Co.,Ltd.",thailandshimono@gmail.com,'2017-05-25
http://www.thailandcoffee.net/2017/exhibit/online_match2017/206,Kafair Nan,coffee_nan@hotmail.com,'2017-05-25
http://www.thailandcoffee.net/2017/exhibit/online_match2017/203,"Bangkok Beer & Beverages Co., Ltd. (BB&B)",info@bbb.co.th,'2017-05-25
http://www.thailandcoffee.net/2017/exhibit/online_match2017/202,"KITCHEN CLASS (1993) CO.,LTD.",supat.m@gmail.com,'2017-05-25
http://www.thailandcoffee.net/2017/exhibit/online_match2017/200,Mitr Phol Sugar,kittipatn@mitrphol.com,'2017-05-25
http://www.thailandcoffee.net/2017/exhibit/online_match2017/177,Kadang Coffee,info@kadangcoffee.com,'2017-05-25
http://www.thailandcoffee.net/2017/exhibit/online_match2017/194,VPP GROUP,caffe.d.oro@gmail.com,'2017-05-25
http://www.thailandcoffee.net/2017/exhibit/online_match2017/199,"Copper Crown Co.,Ltd.",jakrin@coppercrown.co.th,'2017-05-25
http://www.thailandcoffee.net/2017/exhibit/online_match2017/178,"Sweet Solution Co., Ltd.",contact@psisugar.com,'2017-05-25
http://www.thailandcoffee.net/2017/exhibit/online_match2017/174,"Wongnai Media Co.,Ltd.",info@wongnai.com,'2017-05-25
http://www.thailandcoffee.net/2017/exhibit/online_match2017/173,"CRG Manufacturing Co.,Ltd.",crgm@crg.co.th,'2017-05-25
http://www.thailandcoffee.net/2017/exhibit/online_match2017/172,"Maxxbiil fresh coffee Co.,Ltd.",CSR.BLGROUP@GMAIL.COM,'2017-05-25
http://www.thailandcoffee.net/2017/exhibit/online_match2017/159,Echo Good Food,,'2017-05-25
http://www.thailandcoffee.net/2017/exhibit/online_match2017/170,"Mable Home Co.,Ltd.",maplehome.info@gmail.com,'2017-05-25
http://www.thailandcoffee.net/2017/exhibit/online_match2017/164,"SUGAHUT TRADING CO.,LTD",sugahutthai@hotmail.com,'2017-05-25
http://www.thailandcoffee.net/2017/exhibit/online_match2017/161,"Patana Intercool Co.,Ltd.",marketing.patana@gmail.com,'2017-05-25
http://www.thailandcoffee.net/2017/exhibit/online_match2017/155,"Daiseiko(Thailand) Co., Ltd",sitthinan@daiseiko.co.th,'2017-05-25
http://www.thailandcoffee.net/2017/exhibit/online_match2017/154,Take A Bread,goods9595@gmial.com,'2017-05-25
http://www.thailandcoffee.net/2017/exhibit/online_match2017/157,Synova,th.sale@synovafoods.com,'2017-05-25
http://www.thailandcoffee.net/2017/exhibit/online_match2017/152,"Unicorn (Thailand) Co.,Ltd.",service@ocha.in.th,'2017-05-25
http://www.thailandcoffee.net/2017/exhibit/online_match2017/150,Charpaktai,charpaktai.th@hotmail.com,'2017-05-25
http://www.thailandcoffee.net/2017/exhibit/online_match2017/149,"J.B.U (Thailand) Co., Ltd.",jbuthailand@gmail.com,'2017-05-25
http://www.thailandcoffee.net/2017/exhibit/online_match2017/144,"Power Stainless Steel Co.,Ltd.",sales-pss@hotmail.com,'2017-05-25
http://www.thailandcoffee.net/2017/exhibit/online_match2017/128,"Liang Hong Co.,Ltd",pornrirk@truemail.co.th,'2017-05-25
http://www.thailandcoffee.net/2017/exhibit/online_match2017/129,"Thiptanaporn Co.,Ltd.",contact@thiptanaporn.com,'2017-05-25
http://www.thailandcoffee.net/2017/exhibit/online_match2017/142,CP MEIJI,Thanyaprapa.t@cpmeiji.com,'2017-05-25
http://www.thailandcoffee.net/2017/exhibit/online_match2017/127,"Reangwa Standard Industry Co., Ltd.",thanarat@reangwa.co.th,'2017-05-25
http://www.thailandcoffee.net/2017/exhibit/online_match2017/143,"COCO BINGS INTERNATIONAL CO.,LTD.",cocobings@gmail.com,'2017-05-25
http://www.thailandcoffee.net/2017/exhibit/online_match2017/126,"Coffman International Co.,Ltd.",raksit.cmi@gmail.com,'2017-05-25
http://www.thailandcoffee.net/2017/exhibit/online_match2017/125,"Ebisu Foods Co., Ltd.",Thanasak@ebisufoods.com,'2017-05-25
http://www.thailandcoffee.net/2017/exhibit/online_match2017/123,"Quolitat (Thailand) Co.,Ltd.",sales@qualitat.co.th,'2017-05-25
http://www.thailandcoffee.net/2017/exhibit/online_match2017/115,"Espresso Man Supply Co.,Ltd.",info@espressoman.co.th,'2017-05-25
http://www.thailandcoffee.net/2017/exhibit/online_match2017/116,"K.C.L.TRADING CO.,LTD.",chandetk@kcltranding.com,'2017-05-25
http://www.thailandcoffee.net/2017/exhibit/online_match2017/119,"THAI SCALE CO., LTD.",thaiscale@outlook.com,'2017-05-25
http://www.thailandcoffee.net/2017/exhibit/online_match2017/114,"Penkhun Co.,Ltd.",punyawee@elvira.co.th,'2017-05-25
http://www.thailandcoffee.net/2017/exhibit/online_match2017/113,Peaberry.Co.Ltd,info@espressofriend.com,'2017-05-25
http://www.thailandcoffee.net/2017/exhibit/online_match2017/112,ฺฺBillion Coffee,BillionCoffeeGroup@gmail.com,'2017-05-25
http://www.thailandcoffee.net/2017/exhibit/online_match2017/111,CARAMELLO,ultrant@hotmail.com,'2017-05-25
http://www.thailandcoffee.net/2017/exhibit/online_match2017/105,"Central Trading Co.,Ltd.",ornuma@cmg.co.th,'2017-05-25
http://www.thailandcoffee.net/2017/exhibit/online_match2017/110,MCK mini trailer,marketmck@meechoke.com,'2017-05-25
http://www.thailandcoffee.net/2017/exhibit/online_match2017/101,"Newton Food Equipment Co., Ltd.",sales@newton-ice.com,'2017-05-25
http://www.thailandcoffee.net/2017/exhibit/online_match2017/104,"Heritage Snacks & Food co., Ltd",contact@heritagethailand.com,'2017-05-25
http://www.thailandcoffee.net/2017/exhibit/online_match2017/93,"NLCOFFEE TRADING Co.,Ltd.",a_arts@msn.com,'2017-05-25
http://www.thailandcoffee.net/2017/exhibit/online_match2017/98,"HOTEL AND HOME INNOVATION CO.,LTD",purchase02@homeinnovation-asia.com,'2017-05-25
