exhibitor_name,email
Badischer Wein GmbH,mailto:info@badischerwein.de
b liquids GmbH SPÜRNASEN,mailto:info@spuernasen-wein.de
BADIA DI MORRONA S.A.F.T Snc,mailto:clienti@badiadimorrona.it
Badet Clement & Compagnie SAS,mailto:contact@badetclement.com
BADAGONI LLC,mailto:office@badagoni.ge
"Bacalhoa Vinhos de Portugal, S.A.",mailto:info@bacalhoa.pt
Backsberg Estate Cellars,mailto:info@backsberg.co.za
Babylonstoren (Pty) Ltd,
Babich Wines Limited,
Bamberger Wein-& Sektgut vertreten durch Heiko Bamberger,mailto:kontakt@weingut-bamberger.de
Barbanera SRL,mailto:info@barbaneravini.it
Baarsma Wines BV,mailto:sales@baarsmawines.com
By The Glass International B.V.,mailto:info@bytheglass.eu
BWine SASU,
BWC (Pty) Ltd The Bulk Wine Centre,
BV vinarství a.s.,mailto:info@vinarstvibv.cz
Busso Piero Società Agricola S.S.,mailto:bussopiero@bussopiero.com
Business France,mailto:accueil@businessfrance.fr
BUSSI PIERO Federico Bussi,mailto:bussipiero@libero.it
Business France,mailto:accueil@businessfrance.fr
Burrowing Owl Estate Winery,mailto:internationalsales@burrowingowlwine.ca
"BURLINGTON DRINKS CO., LTD.",mailto:sales@burlingtondrinks.co.uk
Burkheimer Winzer am Kaiserstuhl eG,mailto:info@burkheimerwinzer.de
Bulli Barista,
Badel 1862 D.D.,mailto:dijana.ostojic@badel1862.hr
Bürgerspital z. Hl. Geist - Weingut,mailto:weingut@buergerspital.de
Bulbash llc,mailto:info@bulbash.com
Baglio Curatolo Arini 1875 Srl.,mailto:info@BCA1875.it
Buiese Distillerie SRL,mailto:buiese@buiese.it
Bührmann Weine GmbH,mailto:info@buehrmann.de
Buccicatino Vini Bio Organic Wines,mailto:buccicatino@libero.it
"Buil & Giné Wine Co., SL",mailto:laia@builgine.com
Buckingham Schenk Ltd.,mailto:whatsup@buckingham-schenk.co.uk
Bruni Glass S.p.A.,mailto:mail@bruniglass.com
Buccella / Vinthology Europe,mailto:kevin@vinthologyeurope.com
Brunel Pere et Fils SARL,mailto:gardine.export@gardine.com
Brown Brothers Milawa Vineyard Pty Ltd,mailto:info@brownbrothers.com.au
Brüder Gross GmbH,mailto:weingut@gross.at
Brogsitter Weingüter und Privat-Sektkellerei Exklusiv-Importe GmbH,mailto:verkauf@brogsitter.de
Brotte Brotte SA,mailto:export@brotte.com
Bronco Wine Company,mailto:Jim.Carter@broncowine.com
Brogal Vini s.r.l. Viticoltori Broccatelli Galli,mailto:info@broccatelligalli.it
Brintzikis Estate S.A.,mailto:brintziki@gmail.com
Broadland Wineries Ltd,mailto:bencameron@broadlandwinery.com
Broccardo Filippo e Fratelli Azienda Agricola,mailto:broccardowines@broccardo.it
Brezza Giacomo e Figli Az. Agr.,mailto:brezza@brezza.it
Brennerei Feller Roland Feller,mailto:info@brennerei-feller.de
Bressia Bodega,mailto:info@bressiabodega.com
Braun Spirituosen Wilhelm Braun Erben GmbH & Co. KG,mailto:info@braun-spirituosen.de
Brecci S.r.l.,mailto:info@breccisrl.it
Braukmann GmbH CASO Germany,mailto:info@caso-design.de
Brauhaus Hartmannsdorf GmbH Geschäftsbereich Glühbo,mailto:info@gluehbo.com
Branigg Weingut Wohlmuth GmbH,mailto:office@branigg.com
Brand Compendium GmbH,mailto:info@brand-compendium.de
Bouvet-Ladubay SA,mailto:contact@bouvet-ladubay.fr
Brancaia S.a.r.l,mailto:brancaia@brancaia.it
Bovio Gianfranco di Bovio Alessandra Azienda Agricola,mailto:boviogianfranco@boviogianfranco.com
Bovin Winery,mailto:kosta@bovin.com.mk
Bourgogne de Vigne en Verre SICAV,mailto:contact@bourgogne-vigne-verre.com
Boutinot Ltd.,mailto:sales@boutinot.com
Bougrier S.A.,mailto:b.Meunier@bougrier.fr
Bouchard Finlayson,mailto:info@boucahrdfinlayson.co.za
Bouchié Chatellier SCEA -Loire,mailto:pouilly.fume.bouchie.chatellier@wanadoo.fr
Bouchard Père & Fils SAS,mailto:export@bouchard-pereetfils.com
Botto Pierluigi Azienda Agricola,mailto:info@bottovini.com
Bottwartaler Winzer e.G.,mailto:info@bottwartalerwinzer.de
Botter Carlo & C. S.p.A.,mailto:info@botter.it
Bottega Family Wines,mailto:info@bottegafamilywine.co.za
Bosman Family Vineyards,mailto:info@bosmanwines.com
Botalcura Winery Vina y Bodega Botalcura S.A.,mailto:info@botalcura.cl
Bottega S.p.A.,mailto:info@bottegaspa.com
Bosque de Matasnos S.A.,mailto:administracion@bosquedematasnos.es
Bos Food GmbH,mailto:service@bosfood.de
Bortolin F.lli. SRL,mailto:info@bortolin.com
"BODEGAS Y VIÑEDOS TÁBULA, S.L.",
BODEGAS Y VIÑEDOS V.O.B. S.A.,mailto:info@lunaaustral.com.ar
Bodegas y Vinedos QUIROGA DE PABLO,mailto:info@bodegasquiroga.com
Bodegas y Viñedos Quinta de Maipo SpA,mailto:info@vinamaipo.cl
Bodegas y Viñedos Pascual Toso S.A.,mailto:tosowines@bodegastoso.com.ar
Bodegas Y Vinedos O.Fournier S.A.,mailto:comercial@ofournier.com
Bodegas y Vinedos Ortega Ezquerro Wines from the village of Tudelilla,mailto:info@ortegaezquerro.com
Bodegas y Vinedos La Sonada,mailto:info@fincamartha.com
BODEGAS Y VINEDOS LA CABANA S.R.L,mailto:ikohlberg@bodegaskohlberg.com
BODEGAS Y VINEDOS JOSE QUATROCCHI SA,
Bodegas y Viñedos J.M. Martinez Verdú S.L.,mailto:info@xenysel.com
"Bodegas y Vinedos Heras Cordon, S.L.",mailto:exportacion@herascordon.com
"Bodegas Y Vinedos Fuente Vieja, SL",
Bodegas Y Vinedos el Soleado S. L.,mailto:gestion@elsoleado.com
"Bodegas y Vinedos Diez Merito, S.L. Jose Manuel Soto Sambruno",mailto:info@diezmerito.com
BODEGAS Y VIÑEDOS DE GÓMEZ CRUZADO S.A.,mailto:bodega@gomezcruzado.com
Bodegas y Vinedos de Aguirre S.A.,
"Bodegas y Vinedos Casa de la Ermita, S.L.",mailto:fran@casadelaermita.com
BODEGAS Y VIÑEDOS ARTADI DE LAGUARDIA S.A.,mailto:paloma.jimenez@artadi.com
"Bodegas y Viñedos Alzania, S.L.",mailto:alzania@knet.es
Bodegas y Vindedos Huarpe S.A.,mailto:info@huarpewines.com.ar
"Bodegas Williams & Humbert, S.A.U.",mailto:intl@williams-humbert.com
Bodegas Wine Arts Wine Arts Divino Duero,"mailto:info@winearts.es, info@divinoduero.com"
Bodegas Vinaguarena,mailto:jgarcia@vinotoro.com
Bodegas Vinicola Real S.L.U.,mailto:info@vinicolareal.com
BODEGAS VIVANCO S.L.,mailto:bodega@vivancoculturadevino.es
Bodegas Vina Herminia S.L.,mailto:vherminia@vherminia.es
"Bodegas Vegamar, SL",mailto:info@bodegasvegamar.com
"Bodegas Verduguez, S.L.",mailto:export2@bodegasverduguez.com
Bodegas Vega de Yuco S.A.T.,mailto:bodega@vegadeyuco.es
Bodegas Valoria S.L.,mailto:export@bvaloria.com
Bodegas Vallemayor S.L.,mailto:vallemayor@fer.es
Bodegas Valdemar S.A.,mailto:info@valdemar.es
"Bodegas Val de Souto, S.L.",mailto:info@valdesouto.com
"Bodegas Torrederos, S.L.",mailto:export@torrederos.com
Bodegas Torre del Veguer S.L.,mailto:joaquin@torredelveguer.com
BODEGAS TORO ALBALA S.L,"mailto:marketing@toroalbala.com, export@toroalbala.com"
Bodegas Tierra Agricola La Bastida S.L.,mailto:sara@tierrayvino.com
Bodegas Terras Gauda S.A.,mailto:terrasgauda@terrasgauda.com
"BODEGAS TOBIA, S.L.",mailto:tobia@bodegastobia.com
Bodegas Taron S.C.,mailto:info@bodegastaron.com
"Bodegas Sumarroca, S.L.",mailto:hmayor@sumarroca.com
Bodegas Sonsierra S. Coop,mailto:administracion@sonsierra.com
Bodegas San Juan de la Frontera S.A. Las Invernadas Wines,mailto:info@lasinvernadaswines.com
Bodegas San Valero Soc. Coop.,mailto:bsv@sanvalero.com
Bodegas San Isidro Soc. Cooperativa de Jumilla,mailto:info@bsi.es
Bodegas San Huberto S.A.,mailto:exports@bodegassanhuberto.com.ar
Bodegas San Dionisio Soc. Coop.,mailto:miguezdelolmo@hotmail.com
Bodegas Ruiz de Vinaspre,mailto:ainhoa@bodegaruizdevinaspre.com
Bodegas Ruiz Torres S.A.,mailto:exterior@ruiztorres.com
"Bodegas Rubio 1893, S.L.",mailto:patricio@luisfelipe.es
"Bodegas Romero de Avila Salcedo, S.L.",mailto:wine@bodegasromerodeavila.com
Bodegas Rubicon German Lopez Figueras S.L.,mailto:rubicon@bodegasrubicon.com
"Bodegas Roda, S.A.",mailto:rodarioja@roda.es
Bodegas Romale SL,mailto:romale@romale.com
Bodegas Riojanas S.A.,mailto:bodega@bodegasriojanas.com
Bodegas Ramirez de la Piscina Bodegas Ramirez S.L.,mailto:info@ramirezdelapiscina.com
Bodegas Rioja Weinhandels GmbH,mailto:info@bodegas-rioja.de
"Bodegas Quinta de Aves, S.L.",mailto:info@quintadeaves.es
"Bodegas Piqueras, S.A.",mailto:export@bodegaspiqueras.es
Bodegas Principe de Viana S.A.,mailto:info@principedeviana.com
"Bodegas Ramón Bilbao, S.A.",mailto:info@bodegasramonbilbao.es
BODEGAS PINUAGA S.L.,mailto:esther@bodegaspinuaga.com
Bodegas Pinord S.A.,mailto:jadan@pinord.cat
Bodegas Perica S.L.,mailto:export@bodegasperica.com
Bodegas Peñafiel S.L. / Vinita Wines S.L.,mailto:bodegaspenafiel@bodegaspenafiel.com
Bodegas Piedemonte,mailto:bodega@piedemonte.com
Bodegas Patrocinio S.C.,mailto:export@bodegaspatrocinio.com
"Bodegas Parra Jimenez, Irjimpa S.L.",mailto:info@bodegasparrajimenez.com
"Bodegas Pascual, S.A.",mailto:export@bodegaspascual.com
Bodegas Palacios Remondo S.A.,mailto:info@palaciosremondo.com
Bodegas Palmera S.L.,mailto:info@bodegas-palmera.com
"Bodegas Pagos de Mogar, S.L.",mailto:comercial@bodegaspagosdemogar.com
BODEGAS PANIZA S. COOP,mailto:export@bodegaspaniza.com
"BODEGAS ORDOÑEZ, S.L.",mailto:control@jorgeordonez.es
"Bodegas Paco Garcia, S.L.",mailto:info@bodegaspacogarcia.com
"Bodegas Ontinium Cooperativa Vinicola Onteniense, Coop. V",mailto:admin@bodegasontinium.com
Bodegas Ondalan S.A.,mailto:ondalan@ondalan.es
Bodegas Ontanon S.L.,mailto:administracion4@ontanon.es
Bodegas Olivares SL,mailto:correo@bodegasolivares.com
Bodegas Ochoa S.A. Ochoa Living Wine,mailto:info@bodegasochoa.com
"Bodegas Olimpia, S.L.",mailto:export@bodegasolimpia.com
Bodegas Nodus S.L.,mailto:export@bodegasnodus.es
Bodegas Nekeas Sociedad Cooperativa,mailto:carlos@nekeas.com
Bodegas Noroeste de la Palma S.A.T.,mailto:administracion@vinosveganorte.com
"Bodegas Navarro López, S.L.",mailto:export2@navarrolopez.com
"Bodegas Navarro, S.A.",mailto:export@bodegasnavarro.com
Bodegas Navajas S.L.,mailto:export@bodegasnavajas.com
BODEGAS NABAL - BODEGAS NAVARRO BALBÁS S.L.,mailto:daniel@bodegasnabal.com
"Bodegas Murviedro, S.A.",mailto:murviedro@murviedro.es
Bodegas Murua S.A.,mailto:info@bodegasmurua.com
"Bodegas Muga, S.L.",mailto:info@bodegasmuga.com
Bodegas Monovar S.L. (MG Wines Group),
Bodegas Menade S.L.,mailto:info@menade.es
Bodegas Monteabellón S.L.,mailto:info@monteabellon.com
"Bodegas Medrano Irazu, S.L.",mailto:javier@medranoirazu.com
Bodegas Martinez Paiva SAT,mailto:export@payva.es
"Bodegas Marqués de Vizhoja, S. A. U.",mailto:marquesdevizhoja@marquesdevizhoja.com
BODEGAS MAS ALTA S.A.,mailto:info@bodegasmasalta.com
"Bodegas Martín Códax, S.A.U.",mailto:export-po@martincodax.com
Bodegas Marques de Teran S.L.,mailto:info@marquesdeteran.com
"Bodegas Marques de Murrieta, S.A.",mailto:exportassistant@marquesdemurrieta.com
Bodegas Marco Real S.A.,mailto:info@familiabelasco.com
Bodegas Luis Alegre S.A.,mailto:luisalegre@bodegasluisalegre.com
Bodegas Luzón S.L.,mailto:info@bodegasluzon.com
Bodegas Marqués de Montecierzo S.L.,mailto:info@marquesdemontecierzo.com
Bodegas Lopez Morenas S.L.,mailto:keyaccount@bodegaslopezmorenas.com
"Bodegas López Cristobal, S.L.",mailto:info@lopezcristobal.com
Bodegas Loli Casado,mailto:loli@bodegaslolicasado.com
"Bodegas Los Pinos, S.L.",mailto:bodegaslospinos@bodegaslospinos.com
BODEGAS LARRE S.L.,mailto:info@bodegaslarre.com
Bodegas Ladron de Lunas S.L.,
Bodegas Lezaun S.L.,mailto:info@lezaun.com
"Bodegas Leza Garcia, S.L.",mailto:bodegasleza@bodegasleza.com
"Bodegas La Soterraña, S.L.",mailto:info@bodegaslasoterrana.com
Bodegas La Guarda Wines,mailto:bodegaslaguarda@bodegaslaguarda.com
"BODEGAS LA EMPERATRIZ, S.L.U.",
Bodegas La Purisima S.C.L.,mailto:export@bodegaslapurisima.com
Bodegas Krontiras - KDC & Associates S.A.,mailto:vaf@bodegaskrontiras.com
Bodegas José Pariente S.L.,mailto:info@josepariente.com
"Bodegas Juan Carlos Sancha, S.L.",mailto:ibervin@fer.es
Bodegas Javier San Pedro Ortega,mailto:info@bodegasjaviersanpedro.com
Bodegas Jalón S.L.,
Bodegas Itsasmendi S.L.,mailto:sarahselections@gmail.com
Bodegas Honorio Rubio,mailto:info@honoriorubio.com
"Bodegas Ignacio Marin, S.L.",mailto:ana.export@ignaciomarin.com
Bodegas Isidro Milagro S.A.,mailto:bodegasisidromilagro@bodegasisidromilagro.com
"BODEGAS HIDALGO LA GITANA, S.A.",mailto:bodegashidalgo@lagitana.es
"Bodegas Hermanos Perez Pascuas, S.L.",mailto:vinapedrosa@perezpascuas.com
Bodegas Habla S.L.,mailto:pg@bodegashabla.com
"Bodegas Hermanos Pecina, S.L.",mailto:info@bodegashermanospecina.com
Bodegas Gordonzello S.A.,mailto:comercial@gordonzello.com
Bodegas Grupo Yllera S.L.,mailto:andreea.irimia@grupoyllera.com
"Bodegas Garciarévalo, S.L.",mailto:a.arevalo@garciarevalo.com
Bodegas Garcia de Olano S.C.,mailto:info@garciadeolano.com
Bodegas Godelia S.L.,mailto:info@godelia.es
Bodegas Gallegas (Bodegas Milenium SL).,mailto:vinos@bodegasgallegas.com
"Bodegas Franco-Españolas, S.A.",mailto:yolanda@francoespanolas.com
Bodegas Francisco Casas S.A.,mailto:info@bodegascasas.com
"Bodegas Francisco Gomez Hacienda La Serrata, S.L.",mailto:info@bodegasfranciscogomez.es
"Bodegas Fontana, S.A. Quinta de Quercus",mailto:export@bodegasfontana.com
Bodegas Fernandez de Pierola,mailto:bodegas@pierola.com
Bodegas Fernando Castro S.L.,mailto:info@bodegasfernandocastro.com
Bodegas Fernandez S.A.,mailto:info@bodegasfernandez.es
"Bodegas Faustino, S.L.",mailto:info@bodegasfaustino.es
Bodegas Felix Callejo S.A.,mailto:callejo@bodegasfelixcallejo.com
BODEGAS ESMERALDA SA BODEGA CATENA ZAPATA,mailto:mmolinari@catenazapata.com
"Bodegas Fariña, S.L.",mailto:comercial@bodegasfarina.com
Bodegas Escudero SL,mailto:info@familiaescudero.com
Bodegas Fabre S.A.,mailto:export@bodegasfabre.com
Bodegas Estraunza S.A.,mailto:gerente@bodegasestraunza.com
Bodegas Esteban Martin S.L.,mailto:export@estebanmartin.es
"Bodegas Emilio Moro, S.L. Bodegas Cepa 21",mailto:bodega@emiliomoro.com
"Bodegas El Inicio, S.L.",mailto:info@bodegaselinicio.com
"Bodegas Enguera, S.A.",mailto:exportacion@bodegasenguera.com
Bodegas Escorihuela Gascón 1884,mailto:exports@escorihuela.com.ar
"Bodegas E. Mendoza, S.L.U.",mailto:bodegas-mendoza@bodegasmendoza.com
"Bodegas Domeco de Jarauta, S.L.",mailto:info@bodegasdomecodejarauta.com
"Bodegas del Palacio de Fefiñanes, S.L.",mailto:fefinanes@fefinanes.com
"Bodegas del Medievo, S.L.",
Bodegas de Familia Burgo Viejo S.L.,mailto:bodegas@burgoviejo.com
Bodegas D Mateos SL,mailto:export@bodegasmateos.com
Bodegas David Moreno Peña,mailto:export@davidmoreno.es
Bodegas Copaboca S.L.,mailto:copaboca@copaboca.com
Bodegas Covila Soc. Coop. Vinicola Lapuebla de Labarca,mailto:exportacion@covila.es
"Bodegas Corral, S.A.",mailto:info@donjacobo.es
Bodegas Convento de Las Claras S.L.,mailto:bodega@bodegasconventodelasclaras.com
"Bodegas Concavins, S.A.",mailto:dsantacren@closmontblanc.com
Bodegas Castillo Viejo S.A.,mailto:mariana@castilloviejo.com
"BODEGAS CICERÓN Señorío de Baigorri, S.L.",mailto:export@bodegasciceron.com
"Bodegas Chivite, SA",mailto:info@bodegaschivite.com
Bodegas Castillo de Monjardín S.A.,mailto:sonia@monjardin.es
"Bodegas Cerro La Barca, S.L.",mailto:sbr@cerrolabarca.com
"Bodegas Castelo de Medina, S.A.",mailto:export@castelodemedina.com
"Bodegas Castillo de Mendoza, S.L.",mailto:comercial@castillodemendoza.com
"Bodegas Casal de Armán, S.L.",mailto:bodegas@casaldearman.net
Bodegas Carrau S.A.,mailto:export@bodegascarrau.com
"Bodegas Castaño, S.L.",mailto:info@bodegascastano.com
"Bodegas Carlos Plaza, S.L.U.",mailto:export@bodegascarlosplaza.com
Bodegas Carlos Serres S.L.,mailto:info@carlosserres.com
"Bodegas Carchelo, SL",mailto:helio@carchelo.com
Bodegas Candido Hernandez Pio,mailto:info@bodegaschp.es
Bodegas Borsao S.A.,mailto:contacto@bodegasborsao.com
"Bodegas Camilo Castilla, S.A.",mailto:export@camilocastilla.com
Bodegas Borbore,mailto:info@bodegasborbore.com.ar
Bodegas Bocopa,mailto:info@bocopa.com
"Bodegas Camino Alto E.A. HNOS Raboso, S.A.L.",mailto:info@bodegascaminoalto.com
Bodegas Bohedal SL,mailto:info@bohedal.com
"Bodegas Barbadillo, SL",mailto:export@barbadillo.com
"Bodegas Ayuso, S.L.",mailto:export@bodegasayuso.es
"Bodegas Bleda, S.L.",mailto:wines@bodegasbleda.com
Bodegas Beramendi SL,mailto:export@bodegasberamendi.com
"Bodegas Bagordi, S.L.",mailto:info@bagordi.com
Bodegas As Laxas S.A.,mailto:info@bodegasaslaxas.com
Bodegas Añadas S.A,
Bodegas Arrocal S.L.,mailto:arrocal@arrocal.com
Bodegas Aragonesas S.A.,mailto:info@bodegasaragonesas.com
"Bodegas Antonio Arráez, S.L.",mailto:liber@bodegasarraez.com
"Bodegas Arzuaga Navarro, S.L.",mailto:bodeg@arzuaganavarro.com
"Bodegas Amézola de la Mora, S.A.",mailto:info@bodegasamezola.es
Bodegas Alvia S.L.,mailto:info@bodegasalvia.es
Bodegas Altos del Marques S.L.,mailto:info@altosdelmarques.com
"Bodegas Altanza, S.A.",mailto:export@bodegasaltanza.com
Bodegas Alcardet Coop. Ntra. Sra. Pilar; CLM,mailto:export@alcardet.com
"Bodega y Vinedos Veiga da Princesa, S.L.",mailto:info@pazodomar.com
"Bodegas Alceño, S.A.",mailto:export@alceno.com
Bodega y Viñedos Pazo de Casanova SL,mailto:casanova@pazocasanova.com
BODEGAS AGUSTIN CUBERO S.L.,mailto:ana.gonzalez@bodegascubero.com
Bodega y Vinedos Mauricio Lorca S.A.,mailto:info@bodegalorca.com
"Bodega y Viñedos Milénico, SL",mailto:milenico@milenico.com
Bodega Y Vinedos Casa Montes S.A.,mailto:spizarro@casamontes.com.ar
Bodega y Vinedos Diaz R,
"Bodega Viñedo Tinedo, S.L.",mailto:pvelasco@tinedo.com
Bodega Vega del Castillo S.Coop.,mailto:export@vegadelcastillo.com
Bodega Vulcano de Lanzarote S.L.,mailto:info@bodegavulcano.es
Bodega Vinessens SL,mailto:comercial@vinessens.es
"Bodega Valdrinal, S.L.",mailto:general@valdrinal.com
Bodega Toneles,mailto:info@bodegalostoneles.com
Bodega Tapiz Fincas Patagonicas S.A.,
Bodega Tukma,mailto:exports@bodegatukma.com.ar
Bodega Secreto Patagonico Delta Este S.A.,mailto:info.mantra@secretopatagonico.com
BODEGA SEÑORIO DE LAS VIÑAS S.L.,mailto:bodega@senoriodelasvinas.com
Bodega Sottano SA,mailto:info@bodegasottano.com
BODEGA SEVERINO SANZ S.R.L.,mailto:info@bodegaseverinosanz.es
Bodega Sausini San Rafael Tariji Ltda.,mailto:bodegasausini@gmail.com
Bodega Ruca Malen Molinos Rio de la Plata SA,
Bodega San Marcos S.A.,mailto:info@bodegasanmarcos.com
"Bodega Otazu, S.A.U.",mailto:info@otazu.com
Bodega Pago Traslagares S.L.,"mailto:info@traslagares.com, export@traslagares.com"
Bodega Norton S.A.,mailto:info@norton.com.ar
Bodega Noemia de Patagonia S.A.,mailto:comercial@bodega-noemia.com.ar
BODEGA MONTEVIEJO S.A.,mailto:info@monteviejo.com.ar
Bodega Nieto Senetiner Molinos Rio de la Plata SA,
"Bodega Mustiguillo, S.A.",mailto:info@bodegamustiguillo.com
Bodega Melipal S.A.,mailto:info@bodegamelipal.com
Bodega Marqués de Velilla (Grandes Bodegas SL),mailto:export@marquesdevelilla.com
Bodega Matarromera S.L.,mailto:exportmanager@matarromera.es
"Bodega Los Barrancos, S.L.",mailto:info@lavineria.de
Bodega Los Frailes SL,mailto:info@bodegaslosfrailes.com
"Bodega Les Useres, S.A.T.",mailto:export@bodegalesuseres.es
"Bodega Inurrieta Inurrieta, S.L.",mailto:japellicer@bodegainurrieta.com
Bodega Humberto Canale S.A. Humberto Canale Winery,mailto:comex@bodegahcanale.com
Bodega Garzón Agroland S.A.,mailto:info@bodegagarzon.com
Bodega Don Cristobal Latinfina S. A.,mailto:exportaciones@doncristobal.com.ar
Bodega Domiciano Rio Dulce S.A.,mailto:info@domiciano.com.ar
"BODEGA INIESTA, S.L.U.",mailto:international@bodegainiesta.com
Bodega Gieco Jorge Horacio Devalle,mailto:alejandro@bodegagieco.com
"Bodega Dehesa de Luna Agropecuaria Vallefrio Nueva, S.L.",mailto:maria.murillo@dehesadeluna.com
Bodega Del Fin Del Mundo S.A Partagonia Argentina,mailto:info@bdfm.com.ar
Bodega DiamAndes S.A.,mailto:diamandes@diamandes.com
Bodega del Desierto S.A.,mailto:info@bodegadeldesierto.com.ar
"Bodega Dante Robino, S.A.",
Bodega Claroscuro Altoreal Vinedos S.A.,mailto:info@bodegaclaroscuro.com.ar
Bodega de Lucca Agostina de Luca,mailto:administracion@deluccawines.com
Bodega Cicchitti S.A.,mailto:ventas@bodegacicchitti.com
Bodega Carelli Bodegas Y Vinedos Santos J. Carelli S.A.,mailto:info@bodegacarelli.com
Bodega de Sada S.C.,mailto:bodega@bodegadesada.com
Bodega Cerròn - Juana Garcia Sanchez,mailto:comercial@vinacerron.com
Bodega Calle,mailto:info@bodegacalle.com
"BODEGA BUDEGUER, S.A.",mailto:info@budeguer.com
Bodega Cuatro Rayas S.C.L.,mailto:info@cuatrorayas.es
"Bodega Bouza de Carril, S.L.",mailto:bodega@bouzadecarril.com
BODEGA AMALIA FINCA LA AMALIA S.A.,mailto:info@amalia.com.ar
"Bodega Akutain, S. L.",mailto:info@bodegaakutain.com
BOCCADIGABBIA Azienda Agricola di Alessandri Elvidio,mailto:info@boccadigabbia.com
Bodega Atamisque S.A.,mailto:info@atamisque.com
Bodega Aranleon SL,mailto:vinos@aranleon.com
Bodega Brisas Agroland S.A.,mailto:info@bodegagarzon.com
"Boas Quintas, Lda.",mailto:wines@boasquintas.com
Blends Wine Estates UK Ltd Alejandro Bulgheroni Family Vineyards,
"Blauensteiner Leopold, Weingut",mailto:leopold@blauensteiner.com
Blengio Azienda Vitivinicola di Reale Daniele,mailto:info@blengio.it
BLOMIDON ESTATE WINERY LLC,mailto:simon@blomidonwine.ca
Bleasdale Vineyards PTY. LTD.,mailto:martins@bleasdale.com.au
Bixio Poderi s.s.,mailto:bixiopoderi@gmail.com
BISSONI RAFFAELLA ALESSANDRA az. biologica cert,mailto:info@vinibissoni.com
Bisi Azienda Agricola Società Agricola,mailto:info@aziendagricolabisi.it
Bisquertt Family Vineyards,mailto:cgoich@bisquertt.cl
Bischöfliche Weingüter Trier,mailto:info@bischoeflicheweingueter.de
Bischöfliches Weingut Rüdesheim GmbH,mailto:info@bischoefliches-weingut.de
Bioweingut Lorenz,mailto:info@weingut-lorenz.de
Birgit Braunstein KG,mailto:birgit@weingut-braunstein.at
Bioweingut Weinreuter Dietmar und Michaela Weinreuter,mailto:weingut-weinreuter@gmx.de
Berne Selection SARL Chateau de Berne,mailto:commercial@chateauberne.com
Bernard Magrez Grands Vignobles Propriétaire (BMGVP) SAS,mailto:accueil@pape-clement.com
Bergkellerei Godfried Steinschaden GmbH Weingut Steinschaden,mailto:wein@steinschaden.com
Bermar International Ltd,mailto:sales@bermar.co.uj
Bergerie du Capucin SAS,mailto:contact@bergerieducapucin.fr
Berdux Weine GmbH,mailto:info@berdux-weine.de
Bera Azienda Agricola di Bera Valter,mailto:info@bera.it
BENJAMIN LAROCHE SAS La Manufacture,mailto:contact@lamanufacture-vins.fr
Benoît Gautier - Loire Domaine de la Châtaigneraie,mailto:info@vouvraygautier.com
Benjamin Bridge,mailto:wines@benjaminbridge.com
Bender Wein Andreas Bender,mailto:info@bender-wein.com
"Benedetti soc. agr. Corte Antica di Giuseppe, Davide e Simone s.n.c.",mailto:info@cantine-benedetti.com
Benazzoli Fulvio Società Agr. Semplice,mailto:info@benazzoli.com
Beluga Vodka International Limited,mailto:pechenkinkv@vodka-beluga.com
BELSAZAR Vermouth GmbH,mailto:info@belsazar-vermouth.de
Bellonnie & Bourdillon Successeurs SAS,mailto:b.boucher@groupebbs.fr
Belleggia Consulting Srl,mailto:info@belleggiaconsulting.com
Belle Vve Rum Ltd.,mailto:grays@grays.mu
Belland Roger Domaine EARL,mailto:belland.roger@wanadoo.fr
Bellenda S.r.l.,mailto:info@bellenda.it
Belguardo Marchesi Mazzei SpA Agricola,mailto:mazzei@mazzei.it
Bellanoa S.A.S Soc. Agr. di De Simoni Sonia & C.,mailto:marketing@vagliomassa.it
BEIGNER - GAGNARD Liliane Gagnard,
"Bebendos, S.L.",mailto:info@bebendos.com
Becker Landgraf Weingut GbR,mailto:weingut@beckerlandgraf.de
BBS Champagne Bernard Bijotat SCEV,mailto:contact@champagne-bernard-bijotat.fr
BBC Vins & Spiritueux SARL,mailto:president@bbcwine.fr
Beau Joubert Wines / Petite Provence (Pty) Ltd,mailto:andrew@beaujoubert.com
Bavaria Wein Import GmbH Gruppo Mezzacorona,mailto:info@bavaria-wein.de
BAVA S.p.A.,mailto:export@bava.com
Batzella Soc. Semplice Agr. Franco Batzella,mailto:info@batzella.com
Battenfeld Spanier Weingut SPANIER-GILLOT GbR,mailto:kontakt@battenfeld-spanier.de
Batasiolo S.p.A.,mailto:info@batasiolo.com
Bataillard AG,mailto:export@bataillard.ch
Bataillard AG,mailto:export@bataillard.ch
Basso Vinhos e Espumantes Ltda.,mailto:leca@vinicolabasso.com.br
Bas Armagnacs Darroze SAS,mailto:contact@darroze-armagnacs.com
Basavin Winery S.R.L,mailto:sales@basavin.md
Basilica Cafaggio Srl.,mailto:info@cafaggio.wine
Basque Moonshiners S.L.,mailto:info@basquemoonshiners.es
Bartex-Bartol Sp. z o. o. Sp. k.,mailto:eksport@bartex.com.pl
Barrique-Forum Pfalz e. V.,
Barton & Guestier SAS,mailto:contact@barton-guestier.com
Barriere Freres S.A.S.U.,mailto:barriere@barriere-freres.com
Barone Ricasoli S.p.A.,mailto:barone@ricasoli.it
Baron Philippe de Rothschild S.A.,mailto:webmaster@bpdr.com
Barone Pizzini s.a.p.a,mailto:info@baronepizzini.it
Baron Philippe de Rotschild,mailto:pjean@bphr.com
"BARON DE LEY, S.A.",mailto:export@barondeley.com
Barcolobo S.L.,mailto:mdelpino@barcolobo.com
Bardar Distellery S.A.,mailto:info@bardar.md
Bardinet S.A.S.,mailto:export@bardinet.fr
Balthasar Ress Weingut KG,mailto:info@balthasar-ress.de
Barcelona Brands S.L.,mailto:hola@barcelonabrands.com
Barbarians S.A.,mailto:info@barbarianswines.com.ar
Ballif Eric Earl - Loire,mailto:ballif.eric@orange.fr
Balestri Valda Società Agricola,mailto:info@vinibalestrivalda.com
Ballande et Meneret SAS,mailto:ballande@ballande-meneret.com
Balduzzi Wines Spa.,mailto:contact@balduzzi.com
Bagnaia Societa Agricola S.S.,mailto:info@agriturismobagnaia.it
BAGLIO ORO Baglio oro Società agricola Semplice,mailto:info@bagliooro.it
Bernard-Massard Sektkellerei GmbH,mailto:info@bernard-massard.de
Baglio del Cristo di Campobello srl,mailto:mail@cristodicampobello.it
Beratungsring Selection Rheinhessen e.V.,mailto:info@rheinhessen.de
Bernhard & Reibel EARL,mailto:bernhard-reibel@wanadoo.fr
Bert's Weinexpress GmbH & Co. KG,mailto:natalie.ford@bertsweinexpress.de
Bersano Vini S.p.A.,mailto:wine@bersano.it
Berte' & Cordini - Cantine Francesco Montagna s.r.l.,mailto:info@bertecordini.it
Bertani Domains S.r.l.,mailto:bertani@bertani.net
BESTHEIM S.C.V.B,mailto:vignobles@bestheim.com
"Bertha Group Josep Torres Sibill, S.L.",mailto:cavabertha@cavabertha.com
Benegas S.A. Bodega Benegas,
Betz Family Winery,mailto:tim@betzfamilywinery.com
BESINI Ltd,
Berton Vineyards Pty Ltd,
Beyerman SAS,mailto:beyerman@beyerman.com
Beyerskloof Wines (PTY) LTD,mailto:wine@beyerskloof.co.za
Bezirkskellerei Markgräflerland eG,mailto:info@bezirkskellerei.de
"Beveland, S. A.",mailto:info@beveland.com
BiancaVigna S.S.,mailto:info@biancavigna.it
Bibo & Runge Wein GmbH & Co. KG,mailto:info@bibo-runge-wein.de
Bideau-Giraud SCEA,mailto:contact@bidgi.fr
Bicking & Bicking GbR Weingut,mailto:weingut@bickingundbicking.de
Bidoli Margherita & Arrigo Srl,mailto:info@bidolivini.com
Binigrau Vins i Vinyes S.L.,mailto:info@binigrau.es
Bindella S.r.l. Società Agricola,mailto:info@bindella.it
BIG 5 Jordi Portillo Lacave,mailto:jordi@big5.es
Binderer St. Ursula Weinkellerei GmbH,mailto:info@binderer.de
Bindi Sergardi Santa Maria Assunta del Poggiolo di Joan Coburn & C. sas,mailto:bindisergardi@bindisergardi.it
BINZAMANNA DI SARA SPANU,mailto:info@binzamanna.com
BIODYVIN - SIVCBD ASS SYND VIGNERONS EN CULTURE BIODYNAMI,mailto:contact@biodyvin.com
Bioland Weingut Schwarztrauber,mailto:weingut@schwarztrauber.com
Bioland LV Rheinland-Pfalz/Saarland e.V.,mailto:info-rps@bioland.de
Bio-Weingut Rieger GbR,mailto:info@weingutrieger.de
Bioland Weingut Neuspergerhof Hans & Jochen Gradolph GbR,mailto:info@neuspergerhof.de
Biolandweingut Stefan Kuntz,mailto:info@weingutkuntz.de
bionisys GmbH,mailto:info@bionisys.de
BIOVIDIS SAS - Loire,mailto:export@biovidis.fr
Bernkasteler Ring - Die Riesling Weingüter,mailto:info@bernkasteler-ring.de
Bioweingut Forster Inh. Georg Forster,mailto:mail@weingutforster.de
Bioweingut Geyerhof Familie Maier,mailto:weingut@geyerhof.at
Bioweingut Anita und Richard Goldenits,mailto:office@goldenits.com
Biotiful Wines SARL,mailto:export@biotifulwines.com
Bioweingut Johannes Zillinger GmbH,mailto:jz@velue.at
Bioweingut Hubertushof GbR,mailto:info@weingut-hubertushof.de
Bortolomiol S.p.A.,mailto:info@bortolomiol.com
Bodegas LAN S.A,mailto:logistics@bodegaslan.com
Bodegas Copaboca S.L.,mailto:copaboca@copaboca.com
Bodegas Rey Fernando de Castilla S.L.,mailto:bodegas@fernandodecastilla.com
Bodegas Resalte de Peñafiel S.A.U.,mailto:info@resalte.com
"Bodegas Larchago, S.A.",mailto:ruthchavarri@bodegaslarchago.com
